"Name (SKU)","Supplier","Location","Drop Level","Total Inventory","Packed Inventory","Prelisted","Bulk Inventory","Ordered Inventory","Last Orders","SA BOMs","Popularity","Lead Time","Weeks On Hand","Case Qty","Discontinued","Core Status","Purchase Coverage Goal","Packed Coverage Goal","Buffer Settings","Carton/Sticker","Carton/Sticker Inventory","Recommended","W34 (8/16)","W35 (8/23)","W36 (8/30)","W37 (9/6)","W38 (9/13)","W39 (9/20)","W40 (9/27)","W41 (10/4)","W42 (10/11)","W43 (10/18)","W44 (10/25)","W45 (11/1)","W46 (11/8)","W47 (11/15)","W48 (11/22)","W49 (11/29)","W50 (12/6)","W51 (12/13)","W52 (12/20)","W1 (12/27)","W2 (1/3)","W3 (1/10)","W4 (1/17)","W5 (1/24)","W6 (1/31)","W7 (2/7)","W8 (2/14)","W9 (2/21)","W10 (2/28)","W11 (3/7)","W12 (3/14)","W13 (3/21)","W14 (3/28)","W15 (4/4)","W16 (4/11)","W17 (4/18)","W18 (4/25)","W19 (5/2)","W20 (5/9)","W21 (5/16)","W22 (5/23)","W23 (5/30)","W24 (6/6)","W25 (6/13)","W26 (6/20)","W27 (6/27)","W28 (7/4)","W29 (7/11)","W30 (7/18)","W31 (7/25)","W32 (8/1)","W33 (8/8)","W34 (8/15)","W35 (8/22)","W36 (8/29)","W37 (9/5)","W38 (9/12)","W39 (9/19)","W40 (9/26)","W41 (10/3)"
"Gummi Sharks Blue Bulk ( RM-01-017-A )","Albanese","Englewood","3 lb","447 lb","82","-","368 lb","-","-","SA-01-017-A 3.8","Candy & Snacks :  1.9 %","5 w","8 w","—","SA-01-017-A :   No","Core","OK 447  /   400 lb 9 w  goal","OK 80  /   67 lb 2 w  packed","50.0 % Week  49 - 53","L-A01-REG-22-017-XXX","533","146 lbs","26 lb","40 lb","32 lb","35 lb","34 lb","39 lb","47 lb","83 lb","62 lb","47 lb","53 lb","44 lb","50 lb","76 lb","61 lb","227 lb","448 lb","646 lb","442 lb","117 lb","140 lb","67 lb","49 lb","33 lb","0","0","0","0","0","0","0","0","0","0","0","0","0","0","0","0","0","0","0","0","0","0","0","0","0","0","0","0","0","0","0","0","0","0","0","0"
"Mini Gummy Butterflies Bulk ( RM-01-026-A )","Albanese","Englewood","7 lb","438 lb","131","-","314 lb","-","-","SA-01-026-A 2.8","Candy & Snacks :  1.3 %","5 w","8 w","—","SA-01-026-A :   No","Core","OK 438  /   367 lb 9 w  goal","OK 124  /   62 lb 2 w  packed","50.0 % Week  49 - 53","L-A01-REG-22-026-XXX","960","107 lbs","24 lb","37 lb","30 lb","32 lb","31 lb","36 lb","43 lb","76 lb","57 lb","43 lb","49 lb","41 lb","46 lb","70 lb","56 lb","208 lb","412 lb","593 lb","406 lb","107 lb","128 lb","61 lb","45 lb","30 lb","0","0","0","0","0","0","0","0","0","0","0","0","0","0","0","0","0","0","0","0","0","0","0","0","0","0","0","0","0","0","0","0","0","0","0","0"
"Sour Gummy Worms Bulk ( RM-01-067-A )","Albanese","Englewood","3 lb","599 lb","41","-","561 lb","-","-","SA-01-067-A 3.2","Candy & Snacks :  2.2 %","5 w","8 w","—","SA-01-067-A :   No","Core","OK 599  /   551 lb 9 w  goal","Short 38  /   93 lb 2 w  packed","50.0 % Week  49 - 53","L-A01-REG-22-067-XXX","1,594","219 lbs","36 lb","56 lb","45 lb","48 lb","47 lb","53 lb","65 lb","115 lb","86 lb","64 lb","73 lb","61 lb","69 lb","105 lb","84 lb","313 lb","617 lb","890 lb","609 lb","161 lb","193 lb","92 lb","67 lb","45 lb","0","0","0","0","0","0","0","0","0","0","0","0","0","0","0","0","0","0","0","0","0","0","0","0","0","0","0","0","0","0","0","0","0","0","0","0"
"Gummy Worms Bulk ( RM-01-069-A )","Albanese","Englewood","2 lb","876 lb","663","-","216 lb","-","-","SA-01-069-A 2.2","Candy & Snacks :  1.2 %","5 w","8 w","—","SA-01-069-A :   No","Core","OK 876  /   433 lb 9 w  goal","OK 661  /   73 lb 2 w  packed","50.0 % Week  49 - 53","L-A01-REG-22-069-XXX","327","0","29 lb","44 lb","35 lb","38 lb","37 lb","42 lb","51 lb","90 lb","67 lb","51 lb","57 lb","48 lb","55 lb","82 lb","66 lb","246 lb","485 lb","700 lb","479 lb","126 lb","151 lb","73 lb","53 lb","36 lb","0","0","0","0","0","0","0","0","0","0","0","0","0","0","0","0","0","0","0","0","0","0","0","0","0","0","0","0","0","0","0","0","0","0","0","0"
"Peach Rings Bulk ( RM-01-058-A )","Albanese · then  Redstone","Englewood","12 lb","1,017 lb","309","-","720 lb","-","-","SA-01-058-A 2.8","Candy & Snacks :  2.5 %","5 w","8 w","—","SA-01-058-A :   No","Core","OK 1017  /   734 lb 9 w  goal","OK 298  /   123 lb 2 w  packed","50.0 % Week  49 - 53","L-A01-REG-22-058-XXX","1,630","73 lbs","48 lb","74 lb","59 lb","64 lb","62 lb","71 lb","87 lb","153 lb","114 lb","86 lb","97 lb","81 lb","93 lb","140 lb","112 lb","417 lb","823 lb","1187 lb","812 lb","214 lb","257 lb","123 lb","90 lb","60 lb","0","0","0","0","0","0","0","0","0","0","0","0","0","0","0","0","0","0","0","0","0","0","0","0","0","0","0","0","0","0","0","0","0","0","0","0"
"Mini Gummy Bear Cubs Bulk ( RM-01-074-A )","Albanese · then  Redstone · Jerry's","Englewood","2 lb","578 lb","114","-","465 lb","-","-","SA-01-074-A 2.9","Candy & Snacks :  1.7 %","5 w","8 w","—","SA-01-074-A :   No","Core","OK 578  /   489 lb 9 w  goal","OK 113  /   82 lb 2 w  packed","50.0 % Week  49 - 53","L-A01-REG-22-074-XXX","2,640","149 lbs","32 lb","50 lb","40 lb","43 lb","41 lb","47 lb","58 lb","102 lb","76 lb","57 lb","65 lb","54 lb","62 lb","93 lb","74 lb","278 lb","549 lb","791 lb","541 lb","143 lb","171 lb","82 lb","60 lb","40 lb","0","0","0","0","0","0","0","0","0","0","0","0","0","0","0","0","0","0","0","0","0","0","0","0","0","0","0","0","0","0","0","0","0","0","0","0"
"Rainbow Bears Bulk ( RM-01-101-A )","Albanese · then  Redstone · Jerry's","Englewood","12 lb","747 lb","246","-","514 lb","-","-","SA-01-101-A 2.6","Candy & Snacks :  1.3 %","5 w","8 w","—","SA-01-101-A :   No","Core","OK 747  /   404 lb 9 w  goal","OK 233  /   68 lb 2 w  packed","50.0 % Week  49 - 53","L-A01-REG-22-101-XXX","1,062","0","27 lb","41 lb","33 lb","35 lb","34 lb","39 lb","48 lb","84 lb","63 lb","47 lb","54 lb","45 lb","51 lb","77 lb","61 lb","230 lb","453 lb","653 lb","447 lb","118 lb","141 lb","68 lb","49 lb","33 lb","0","0","0","0","0","0","0","0","0","0","0","0","0","0","0","0","0","0","0","0","0","0","0","0","0","0","0","0","0","0","0","0","0","0","0","0"
"Starbursts Bulk ( RM-01-016-A )","Blair Candy · then  Redstone","Englewood","3 lb","246 lb","89","-","160 lb","-","-","SA-01-016-A 3.0","Candy & Snacks :  1.6 %","4 w","4 w","—","SA-01-016-A :   No","Core","Short 246  /   362 lb 8 w  goal","OK 86  /   72 lb 2 w  packed","50.0 % Week  49 - 53","L-A01-REG-22-016-XXX","305","116 lbs","28 lb","43 lb","35 lb","38 lb","36 lb","42 lb","51 lb","89 lb","67 lb","50 lb","57 lb","47 lb","54 lb","82 lb","65 lb","244 lb","481 lb","693 lb","474 lb","125 lb","150 lb","72 lb","52 lb","35 lb","0","0","0","0","0","0","0","0","0","0","0","0","0","0","0","0","0","0","0","0","0","0","0","0","0","0","0","0","0","0","0","0","0","0","0","0"
"Sour Patch Kids Bulk ( RM-01-057-A )","Blair Candy · then  Redstone","Englewood","3 lb","569 lb","446","-","126 lb","-","-","SA-01-057-A 2.9","Candy & Snacks :  2.0 %","4 w","4 w","—","SA-01-057-A :   No","Core","OK 569  /   472 lb 8 w  goal","OK 443  /   94 lb 2 w  packed","50.0 % Week  49 - 53","L-A01-REG-22-057-XXX","2,246","0","37 lb","57 lb","45 lb","49 lb","47 lb","54 lb","66 lb","116 lb","87 lb","65 lb","74 lb","62 lb","71 lb","106 lb","85 lb","318 lb","627 lb","904 lb","619 lb","163 lb","196 lb","94 lb","68 lb","46 lb","0","0","0","0","0","0","0","0","0","0","0","0","0","0","0","0","0","0","0","0","0","0","0","0","0","0","0","0","0","0","0","0","0","0","0","0"
"Reeses Pieces Bulk ( RM-01-062-A )","Blair Candy · then  Redstone","Englewood","4 lb","577 lb","231","-","350 lb","-","-","SA-01-062-A 2.6","Candy & Snacks :  2.6 %","4 w","4 w","—","SA-01-062-A :   No","Core","Short 577  /   682 lb 8 w  goal","OK 227  /   136 lb 2 w  packed","50.0 % Week  49 - 53","L-A01-REG-22-062-XXX","993","104 lbs","53 lb","82 lb","65 lb","71 lb","68 lb","78 lb","95 lb","168 lb","126 lb","94 lb","107 lb","89 lb","102 lb","154 lb","123 lb","459 lb","906 lb","1307 lb","894 lb","236 lb","283 lb","135 lb","99 lb","66 lb","0","0","0","0","0","0","0","0","0","0","0","0","0","0","0","0","0","0","0","0","0","0","0","0","0","0","0","0","0","0","0","0","0","0","0","0"
"Sour Patch Watermelons Bulk ( RM-01-063-A )","Blair Candy · then  Redstone","Englewood","3 lb","423 lb","103","-","323 lb","-","-","SA-01-063-A 3.4","Candy & Snacks :  3.1 %","4 w","4 w","—","SA-01-063-A :   No","Core","Short 423  /   616 lb 8 w  goal","Short 100  /   122 lb 2 w  packed","50.0 % Week  49 - 53","L-A01-REG-22-063-XXX","3,392","192 lbs","48 lb","74 lb","59 lb","64 lb","62 lb","71 lb","86 lb","152 lb","114 lb","85 lb","97 lb","81 lb","92 lb","139 lb","111 lb","414 lb","818 lb","1180 lb","807 lb","213 lb","255 lb","122 lb","89 lb","60 lb","0","0","0","0","0","0","0","0","0","0","0","0","0","0","0","0","0","0","0","0","0","0","0","0","0","0","0","0","0","0","0","0","0","0","0","0"
"Swedish Fish Bulk ( RM-01-064-A )","Blair Candy · then  Redstone","Englewood","4 lb","404 lb","40","-","359 lb","10 lb","P02137 7/27/26","FG-48-009-A 2.0 SA-01-064-A 2.6 SA-39-074-A 2.0","Candy & Snacks :  2.2 %","4 w","4 w","—","4  Active","Core","OK 404  /   294 lb 5 w  goal","Short 36  /   117 lb 2 w  packed","50.0 % Week  49 - 53","L-A01-REG-22-064-XXX","1,463","185 lbs","46 lb","71 lb","57 lb","61 lb","59 lb","68 lb","82 lb","146 lb","109 lb","82 lb","93 lb","77 lb","88 lb","133 lb","106 lb","397 lb","784 lb","1130 lb","774 lb","204 lb","245 lb","117 lb","85 lb","57 lb","0","0","0","0","0","0","0","0","0","0","0","0","0","0","0","0","0","0","0","0","0","0","0","0","0","0","0","0","0","0","0","0","0","0","0","0"
"Mini Mnms Bulk ( RM-01-066-A )","Blair Candy · then  Redstone","Englewood","2 lb","428 lb","199","-","231 lb","-","-","SA-01-066-A 2.4","Candy & Snacks :  1.7 %","4 w","4 w","—","SA-01-066-A :   No","Core","Short 428  /   496 lb 8 w  goal","OK 197  /   99 lb 2 w  packed","50.0 % Week  49 - 53","L-A01-REG-22-066-XXX","573","67 lbs","39 lb","59 lb","47 lb","51 lb","50 lb","57 lb","69 lb","122 lb","91 lb","68 lb","78 lb","65 lb","74 lb","112 lb","89 lb","333 lb","658 lb","949 lb","650 lb","171 lb","205 lb","98 lb","72 lb","48 lb","0","0","0","0","0","0","0","0","0","0","0","0","0","0","0","0","0","0","0","0","0","0","0","0","0","0","0","0","0","0","0","0","0","0","0","0"
"Sour Rainbow Sticks Bulk ( RM-01-008-A )","Redstone","Englewood","3 lb","359 lb","87","-","275 lb","-","-","SA-01-008-A 3.3","Candy & Snacks :  2.1 %","5 w","4 w","—","SA-01-008-A :   No","Core","Short 359  /   518 lb 9 w  goal","Short 84  /   87 lb 2 w  packed","50.0 % Week  49 - 53","L-A01-REG-22-008-XXX","720","158 lbs","34 lb","52 lb","42 lb","45 lb","44 lb","50 lb","61 lb","108 lb","81 lb","60 lb","69 lb","57 lb","65 lb","99 lb","79 lb","294 lb","581 lb","838 lb","573 lb","151 lb","181 lb","87 lb","63 lb","42 lb","0","0","0","0","0","0","0","0","0","0","0","0","0","0","0","0","0","0","0","0","0","0","0","0","0","0","0","0","0","0","0","0","0","0","0","0"
"Hot Tamales Bulk ( RM-01-018-A )","Redstone","Englewood","14 lb","296 lb","163","-","147 lb","-","-","SA-01-018-A 2.3","Candy & Snacks :  1.1 %","5 w","4 w","—","SA-01-018-A :   No","Core","Short 296  /   386 lb 9 w  goal","OK 149  /   65 lb 2 w  packed","50.0 % Week  49 - 53","L-A01-REG-22-018-XXX","283","89 lbs","25 lb","39 lb","31 lb","34 lb","33 lb","37 lb","45 lb","80 lb","60 lb","45 lb","51 lb","43 lb","49 lb","73 lb","59 lb","219 lb","432 lb","623 lb","426 lb","112 lb","135 lb","65 lb","47 lb","32 lb","0","0","0","0","0","0","0","0","0","0","0","0","0","0","0","0","0","0","0","0","0","0","0","0","0","0","0","0","0","0","0","0","0","0","0","0"
"Sour Gummy Red Colas Bulk ( RM-01-025-A )","Redstone","Englewood","3 lb","372 lb","137","-","238 lb","-","-","SA-01-025-A 2.9","Candy & Snacks :  1.8 %","5 w","4 w","—","SA-01-025-A :   No","Core","Short 372  /   484 lb 9 w  goal","OK 134  /   81 lb 2 w  packed","50.0 % Week  49 - 53","L-A01-REG-22-025-XXX","1,299","112 lbs","32 lb","49 lb","39 lb","42 lb","41 lb","47 lb","57 lb","101 lb","75 lb","56 lb","64 lb","53 lb","61 lb","92 lb","73 lb","275 lb","542 lb","782 lb","535 lb","141 lb","169 lb","81 lb","59 lb","40 lb","0","0","0","0","0","0","0","0","0","0","0","0","0","0","0","0","0","0","0","0","0","0","0","0","0","0","0","0","0","0","0","0","0","0","0","0"
"Heavenly Wrapped Caramels Seasalt Bulk ( RM-01-027-A )","Redstone","Englewood","8 lb","365 lb","124","-","250 lb","-","-","SA-01-027-A 4.3","Candy & Snacks :  3.1 %","5 w","4 w","—","SA-01-027-A :   No","Core","Short 365  /   579 lb 9 w  goal","OK 115  /   97 lb 2 w  packed","50.0 % Week  49 - 53","L-A01-REG-22-027-XXX","1,077","213 lbs","38 lb","59 lb","47 lb","51 lb","49 lb","56 lb","68 lb","120 lb","90 lb","68 lb","77 lb","64 lb","73 lb","110 lb","88 lb","329 lb","649 lb","936 lb","640 lb","169 lb","203 lb","97 lb","71 lb","47 lb","0","0","0","0","0","0","0","0","0","0","0","0","0","0","0","0","0","0","0","0","0","0","0","0","0","0","0","0","0","0","0","0","0","0","0","0"
"Sour Wild Strawberries Bulk ( RM-01-031-A )","Redstone","Englewood","10 lb","219 lb","10","14","219 lb","-","-","SA-01-031-A 3.6","Candy & Snacks :  1.4 %","5 w","4 w","—","SA-01-031-A :   No","Core","Short 219  /   306 lb 9 w  goal","Short 0  /   52 lb 2 w  packed","50.0 % Week  49 - 53","L-A01-REG-22-031-XXX","2,414","87 lbs","20 lb","31 lb","25 lb","27 lb","26 lb","30 lb","36 lb","64 lb","48 lb","36 lb","41 lb","34 lb","39 lb","58 lb","47 lb","174 lb","343 lb","495 lb","339 lb","89 lb","107 lb","51 lb","37 lb","25 lb","0","0","0","0","0","0","0","0","0","0","0","0","0","0","0","0","0","0","0","0","0","0","0","0","0","0","0","0","0","0","0","0","0","0","0","0"
"Gummy Flamingos Bulk ( RM-01-032-A )","Redstone","Englewood","2 lb","77 lb","71","-","8 lb","-","-","SA-01-032-A 3.0","Candy & Snacks :  0.6 %","5 w","4 w","—","SA-01-032-A :   No","Core","Short 77  /   160 lb 9 w  goal","OK 70  /   27 lb 2 w  packed","50.0 % Week  49 - 53","L-A01-REG-22-032-XXX","424","83 lbs","11 lb","16 lb","13 lb","14 lb","14 lb","16 lb","19 lb","33 lb","25 lb","19 lb","21 lb","18 lb","20 lb","30 lb","24 lb","91 lb","179 lb","259 lb","177 lb","47 lb","56 lb","27 lb","20 lb","13 lb","0","0","0","0","0","0","0","0","0","0","0","0","0","0","0","0","0","0","0","0","0","0","0","0","0","0","0","0","0","0","0","0","0","0","0","0"
"Lemon Heads Bulk ( RM-01-044-A )","Redstone","Englewood","6 lb","117 lb","70","-","52 lb","-","-","SA-01-044-A 3.8","Candy & Snacks :  0.7 %","5 w","4 w","—","SA-01-044-A :   No","Core","Short 117  /   156 lb 9 w  goal","OK 64  /   27 lb 2 w  packed","50.0 % Week  49 - 53","L-A01-REG-22-044-XXX","314","39 lbs","10 lb","16 lb","13 lb","14 lb","13 lb","15 lb","18 lb","32 lb","24 lb","18 lb","21 lb","17 lb","20 lb","30 lb","24 lb","89 lb","175 lb","252 lb","173 lb","45 lb","55 lb","26 lb","19 lb","13 lb","0","0","0","0","0","0","0","0","0","0","0","0","0","0","0","0","0","0","0","0","0","0","0","0","0","0","0","0","0","0","0","0","0","0","0","0"
"Sour Gummy Cherries Bulk ( RM-01-045-A )","Redstone","Englewood","7 lb","210 lb","122","-","96 lb","-","-","SA-01-045-A 2.8","Candy & Snacks :  1.2 %","5 w","4 w","—","SA-01-045-A :   No","Core","Short 210  /   361 lb 9 w  goal","OK 114  /   61 lb 2 w  packed","50.0 % Week  49 - 53","L-A01-REG-22-045-XXX","9,547","151 lbs","24 lb","37 lb","29 lb","32 lb","31 lb","35 lb","43 lb","75 lb","56 lb","42 lb","48 lb","40 lb","46 lb","69 lb","55 lb","205 lb","405 lb","584 lb","400 lb","105 lb","126 lb","60 lb","44 lb","30 lb","0","0","0","0","0","0","0","0","0","0","0","0","0","0","0","0","0","0","0","0","0","0","0","0","0","0","0","0","0","0","0","0","0","0","0","0"
"Gumballs Bulk ( RM-01-051-A )","Redstone","Englewood","2 lb","173 lb","94","-","81 lb","-","-","SA-01-051-A 3.0","Candy & Snacks :  0.5 %","5 w","4 w","—","SA-01-051-A :   No","Core","OK 173  /   144 lb 9 w  goal","OK 92  /   25 lb 2 w  packed","50.0 % Week  49 - 53","L-A01-REG-22-051-XXX","329","0","9 lb","15 lb","12 lb","13 lb","12 lb","14 lb","17 lb","30 lb","22 lb","17 lb","19 lb","16 lb","18 lb","27 lb","22 lb","82 lb","161 lb","233 lb","159 lb","42 lb","50 lb","24 lb","18 lb","12 lb","0","0","0","0","0","0","0","0","0","0","0","0","0","0","0","0","0","0","0","0","0","0","0","0","0","0","0","0","0","0","0","0","0","0","0","0"
"Banana Heads Bulk ( RM-01-054-A )","Redstone","Englewood","12 lb","247 lb","151","-","109 lb","-","-","SA-01-054-A 2.6","Candy & Snacks :  0.8 %","5 w","4 w","—","SA-01-054-A :   No","Core","Short 247  /   257 lb 9 w  goal","OK 138  /   43 lb 2 w  packed","50.0 % Week  49 - 53","L-A01-REG-22-054-XXX","1,317","9 lbs","17 lb","26 lb","21 lb","22 lb","22 lb","25 lb","30 lb","53 lb","40 lb","30 lb","34 lb","28 lb","32 lb","49 lb","39 lb","146 lb","288 lb","415 lb","284 lb","75 lb","90 lb","43 lb","31 lb","21 lb","0","0","0","0","0","0","0","0","0","0","0","0","0","0","0","0","0","0","0","0","0","0","0","0","0","0","0","0","0","0","0","0","0","0","0","0"
"Jelly Bellys 49 Flavors Bulk ( RM-01-056-A )","Redstone","Englewood","5 lb","626 lb","174","-","457 lb","-","-","SA-01-056-A 2.0","Candy & Snacks :  2.1 %","5 w","4 w","—","SA-01-056-A :   No","Core","Short 626  /   826 lb 9 w  goal","OK 169  /   139 lb 2 w  packed","50.0 % Week  49 - 53","L-A01-REG-22-056-XXX","1,923","199 lbs","55 lb","84 lb","67 lb","72 lb","70 lb","80 lb","97 lb","172 lb","129 lb","96 lb","109 lb","91 lb","104 lb","157 lb","125 lb","469 lb","926 lb","1335 lb","914 lb","241 lb","289 lb","138 lb","101 lb","68 lb","0","0","0","0","0","0","0","0","0","0","0","0","0","0","0","0","0","0","0","0","0","0","0","0","0","0","0","0","0","0","0","0","0","0","0","0"
"Mnms Bulk ( RM-01-061-A )","Redstone","Englewood","2 lb","485 lb","222","-","266 lb","-","-","SA-01-061-A 2.2","Candy & Snacks :  1.9 %","5 w","4 w","—","SA-01-061-A :   No","Core","Short 485  /   703 lb 9 w  goal","OK 220  /   118 lb 2 w  packed","50.0 % Week  49 - 53","L-A01-REG-22-061-XXX","832","217 lbs","46 lb","71 lb","57 lb","62 lb","60 lb","68 lb","83 lb","146 lb","110 lb","82 lb","93 lb","78 lb","89 lb","134 lb","107 lb","399 lb","788 lb","1137 lb","778 lb","205 lb","246 lb","118 lb","86 lb","58 lb","0","0","0","0","0","0","0","0","0","0","0","0","0","0","0","0","0","0","0","0","0","0","0","0","0","0","0","0","0","0","0","0","0","0","0","0"
"Mini Reeses Pieces Bulk ( RM-01-065-A )","Redstone","Englewood","2 lb","252 lb","79","-","175 lb","-","-","SA-01-065-A 2.6","Candy & Snacks :  1.0 %","5 w","4 w","—","SA-01-065-A :   No","Core","Short 252  /   300 lb 9 w  goal","OK 78  /   51 lb 2 w  packed","50.0 % Week  49 - 53","L-A01-REG-22-065-XXX","1,110","47 lbs","20 lb","30 lb","24 lb","26 lb","25 lb","29 lb","35 lb","62 lb","47 lb","35 lb","40 lb","33 lb","38 lb","57 lb","46 lb","170 lb","336 lb","485 lb","332 lb","87 lb","105 lb","50 lb","37 lb","25 lb","0","0","0","0","0","0","0","0","0","0","0","0","0","0","0","0","0","0","0","0","0","0","0","0","0","0","0","0","0","0","0","0","0","0","0","0"
"Jolly Ranchers Bulk ( RM-01-071-A )","Redstone","Englewood","3 lb","341 lb","244","-","100 lb","-","-","SA-01-071-A 3.0","Candy & Snacks :  1.3 %","5 w","4 w","—","SA-01-071-A :   No","Core","Short 341  /   356 lb 9 w  goal","OK 241  /   60 lb 2 w  packed","50.0 % Week  49 - 53","L-A01-REG-22-071-XXX","-","14 lbs","23 lb","36 lb","29 lb","31 lb","30 lb","34 lb","42 lb","74 lb","55 lb","41 lb","47 lb","39 lb","45 lb","68 lb","54 lb","202 lb","399 lb","575 lb","393 lb","104 lb","124 lb","60 lb","43 lb","29 lb","0","0","0","0","0","0","0","0","0","0","0","0","0","0","0","0","0","0","0","0","0","0","0","0","0","0","0","0","0","0","0","0","0","0","0","0"
"Skittles Bulk ( RM-01-073-A )","Redstone","Englewood","2 lb","329 lb","119","-","212 lb","-","-","SA-01-073-A 2.4","Candy & Snacks :  1.5 %","5 w","4 w","—","SA-01-073-A :   No","Core","Short 329  /   502 lb 9 w  goal","OK 117  /   84 lb 2 w  packed","50.0 % Week  49 - 53","L-A01-REG-22-073-XXX","969","173 lbs","33 lb","51 lb","41 lb","44 lb","43 lb","49 lb","59 lb","105 lb","78 lb","59 lb","67 lb","55 lb","63 lb","96 lb","76 lb","285 lb","563 lb","812 lb","556 lb","146 lb","176 lb","84 lb","61 lb","41 lb","0","0","0","0","0","0","0","0","0","0","0","0","0","0","0","0","0","0","0","0","0","0","0","0","0","0","0","0","0","0","0","0","0","0","0","0"
"Mike N Ikes Bulk ( RM-01-079-A )","Redstone","Englewood","15 lb","196 lb","44","-","167 lb","-","-","SA-01-079-A 2.4","Candy & Snacks :  0.7 %","5 w","4 w","—","SA-01-079-A :   No","Core","Short 196  /   230 lb 9 w  goal","Short 29  /   39 lb 2 w  packed","50.0 % Week  49 - 53","L-A01-REG-22-079-XXX","1,180","33 lbs","15 lb","23 lb","19 lb","20 lb","19 lb","22 lb","27 lb","48 lb","36 lb","27 lb","30 lb","25 lb","29 lb","44 lb","35 lb","130 lb","257 lb","371 lb","254 lb","67 lb","80 lb","38 lb","28 lb","19 lb","0","0","0","0","0","0","0","0","0","0","0","0","0","0","0","0","0","0","0","0","0","0","0","0","0","0","0","0","0","0","0","0","0","0","0","0"
"Zotz Bulk ( RM-01-080-A )","Redstone","Englewood","2 lb","92 lb","70","-","24 lb","-","-","SA-01-080-A 5.3","Candy & Snacks :  0.5 %","5 w","4 w","—","SA-01-080-A :   No","Core","OK 92  /   80 lb 9 w  goal","OK 68  /   14 lb 2 w  packed","50.0 % Week  49 - 53","L-A01-REG-22-080-XXX","361","0","5 lb","8 lb","6 lb","7 lb","7 lb","8 lb","9 lb","17 lb","12 lb","9 lb","11 lb","9 lb","10 lb","15 lb","12 lb","45 lb","89 lb","129 lb","88 lb","23 lb","28 lb","13 lb","10 lb","7 lb","0","0","0","0","0","0","0","0","0","0","0","0","0","0","0","0","0","0","0","0","0","0","0","0","0","0","0","0","0","0","0","0","0","0","0","0"
"Slopokes Bulk ( RM-01-093-A )","Redstone","Englewood","10 lb","0 lb","10","-","0 lb","-","-","SA-01-093-A 3.4","-","5 w","4 w","—","SA-01-093-A :   Yes","Legacy","—","—","50.0 % Week  49 - 53","L-A01-REG-22-093-XXX","169","0","0","0","0","0","0","0","0","0","0","0","0","0","0","0","0","0","0","0","0","0","0","0","0","0","0","0","0","0","0","0","0","0","0","0","0","0","0","0","0","0","0","0","0","0","0","0","0","0","0","0","0","0","0","0","0","0","0","0","0","0"
"Tootsierolls Bulk ( RM-01-095-A )","Redstone","Englewood","10 lb","204 lb","139","-","75 lb","-","-","SA-01-095-A 3.3","Candy & Snacks :  1.0 %","5 w","4 w","—","SA-01-095-A :   No","Core","Short 204  /   247 lb 9 w  goal","OK 129  /   42 lb 2 w  packed","50.0 % Week  49 - 53","L-A01-REG-22-095-XXX","826","42 lbs","16 lb","25 lb","20 lb","22 lb","21 lb","24 lb","29 lb","51 lb","38 lb","29 lb","33 lb","27 lb","31 lb","47 lb","37 lb","140 lb","277 lb","399 lb","273 lb","72 lb","86 lb","41 lb","30 lb","20 lb","0","0","0","0","0","0","0","0","0","0","0","0","0","0","0","0","0","0","0","0","0","0","0","0","0","0","0","0","0","0","0","0","0","0","0","0"
"Bit O Honey Bulk ( RM-01-096-A )","Redstone","Englewood","9 lb","168 lb","86","-","90 lb","-","-","SA-01-096-A 3.7","Candy & Snacks :  0.8 %","5 w","4 w","—","SA-01-096-A :   No","Core","Short 168  /   174 lb 9 w  goal","OK 78  /   29 lb 2 w  packed","50.0 % Week  49 - 53","L-A01-REG-22-096-XXX","927","5 lbs","11 lb","18 lb","14 lb","15 lb","15 lb","17 lb","20 lb","36 lb","27 lb","20 lb","23 lb","19 lb","22 lb","33 lb","26 lb","98 lb","194 lb","280 lb","192 lb","50 lb","61 lb","29 lb","21 lb","14 lb","0","0","0","0","0","0","0","0","0","0","0","0","0","0","0","0","0","0","0","0","0","0","0","0","0","0","0","0","0","0","0","0","0","0","0","0"
"Fruity Tootsie Rolls Bulk ( RM-01-097-A )","Redstone","Englewood","11 lb","307 lb","83","-","235 lb","-","-","SA-01-097-A 3.0","Candy & Snacks :  1.2 %","5 w","4 w","—","SA-01-097-A :   No","Core","Short 307  /   334 lb 9 w  goal","OK 72  /   56 lb 2 w  packed","50.0 % Week  49 - 53","L-A01-REG-22-097-XXX","490","27 lbs","22 lb","34 lb","27 lb","29 lb","28 lb","32 lb","39 lb","69 lb","52 lb","39 lb","44 lb","37 lb","42 lb","63 lb","51 lb","190 lb","374 lb","540 lb","369 lb","97 lb","117 lb","56 lb","41 lb","27 lb","0","0","0","0","0","0","0","0","0","0","0","0","0","0","0","0","0","0","0","0","0","0","0","0","0","0","0","0","0","0","0","0","0","0","0","0"
"Peanut Mnms Bulk ( RM-01-099-A )","Redstone","Englewood","11 lb","709 lb","43","-","678 lb","-","-","SA-01-099-A 2.9","Candy & Snacks :  3.1 %","5 w","4 w","—","SA-01-099-A :   No","Core","Short 709  /   889 lb 9 w  goal","Short 32  /   149 lb 2 w  packed","50.0 % Week  49 - 53","L-A01-REG-22-099-XXX","2,261","180 lbs","59 lb","90 lb","72 lb","78 lb","75 lb","86 lb","105 lb","185 lb","139 lb","104 lb","118 lb","98 lb","112 lb","169 lb","135 lb","505 lb","997 lb","1438 lb","984 lb","259 lb","311 lb","149 lb","109 lb","73 lb","0","0","0","0","0","0","0","0","0","0","0","0","0","0","0","0","0","0","0","0","0","0","0","0","0","0","0","0","0","0","0","0","0","0","0","0"
"Candy Cane Dusted Almonds Bulk ( RM-01-117-A )","Redstone","—","1 lb","38 lb","0","-","39 lb","-","-","FG-48-036-A 2.0 SA-01-117-A 3.2","-","5 w","4 w","—","FG-48-036-A :   No SA-01-117-A :   Yes","Legacy","—","—","50.0 % Week  49 - 53","L-A01-REG-22-117-XXX","1,003","0","0","0","0","0","0","0","0","0","0","0","0","0","0","0","0","0","0","0","0","0","0","0","0","0","0","0","0","0","0","0","0","0","0","0","0","0","0","0","0","0","0","0","0","0","0","0","0","0","0","0","0","0","0","0","0","0","0","0","0","0"
"Classic Jelly Beans Bulk ( RM-01-130-A )","Redstone","Englewood","5 lb","141 lb","5","-","142 lb","-","-","SA-01-130-A 2.9","-","5 w","4 w","—","SA-01-130-A :   Yes","Legacy","—","—","50.0 % Week  49 - 53","L-A01-REG-22-130-XXX","684","0","0","0","0","0","0","0","0","0","0","0","0","0","0","0","0","0","0","0","0","0","0","0","0","0","0","0","0","0","0","0","0","0","0","0","0","0","0","0","0","0","0","0","0","0","0","0","0","0","0","0","0","0","0","0","0","0","0","0","0","0"
"Gummy Cola Bulk ( RM-01-139-A )","Redstone","Englewood","4 lb","116 lb","0","-","0 lb","120 lb","P02124 7/21/26","SA-01-139-A 5.6","Candy & Snacks :  0.7 %","5 w","4 w","—","SA-01-139-A :   No","Core","OK 116  /   46 lb 5 w  goal","Short 0  /   19 lb 2 w  packed","50.0 % Week  49 - 53","L-A01-REG-22-139-XXX","1,038","0","7 lb","11 lb","9 lb","9 lb","9 lb","10 lb","13 lb","22 lb","17 lb","13 lb","14 lb","12 lb","14 lb","21 lb","16 lb","61 lb","121 lb","175 lb","120 lb","31 lb","38 lb","18 lb","13 lb","9 lb","0","0","0","0","0","0","0","0","0","0","0","0","0","0","0","0","0","0","0","0","0","0","0","0","0","0","0","0","0","0","0","0","0","0","0","0"
"Chewy Sprees Bulk ( RM-01-140-A )","Redstone","Englewood","6 lb","313 lb","182","-","-3 lb","140 lb","P02124 7/21/26","SA-01-140-A 3.4","Candy & Snacks :  1.8 %","5 w","4 w","—","SA-01-140-A :   No","Core","OK 313  /   178 lb 5 w  goal","OK 176  /   71 lb 2 w  packed","50.0 % Week  49 - 53","L-A01-REG-22-140-XXX","873","109 lbs","28 lb","43 lb","34 lb","37 lb","36 lb","41 lb","50 lb","88 lb","66 lb","49 lb","56 lb","47 lb","53 lb","80 lb","64 lb","240 lb","473 lb","682 lb","467 lb","123 lb","148 lb","71 lb","52 lb","35 lb","0","0","0","0","0","0","0","0","0","0","0","0","0","0","0","0","0","0","0","0","0","0","0","0","0","0","0","0","0","0","0","0","0","0","0","0"
"Caramel Creams Bulk ( RM-01-141-A )","Redstone","Englewood","6 lb","183 lb","108","-","10 lb","70 lb","P02124 7/21/26","SA-01-141-A 5.6","Candy & Snacks :  1.7 %","5 w","4 w","—","SA-01-141-A :   No","Core","OK 183  /   103 lb 5 w  goal","OK 102  /   41 lb 2 w  packed","50.0 % Week  49 - 53","L-A01-REG-22-141-XXX","-","60 lbs","16 lb","25 lb","20 lb","21 lb","21 lb","24 lb","29 lb","51 lb","38 lb","28 lb","32 lb","27 lb","31 lb","46 lb","37 lb","138 lb","272 lb","392 lb","269 lb","71 lb","85 lb","41 lb","30 lb","20 lb","0","0","0","0","0","0","0","0","0","0","0","0","0","0","0","0","0","0","0","0","0","0","0","0","0","0","0","0","0","0","0","0","0","0","0","0"
"Root Beer Barrels Bulk ( RM-01-142-A )","Redstone","Englewood","2 lb","75 lb","36","-","10 lb","30 lb","P02124 7/21/26","SA-01-142-A 6.3","Candy & Snacks :  0.7 %","5 w","4 w","—","SA-01-142-A :   No","Core","OK 75  /   38 lb 5 w  goal","OK 35  /   15 lb 2 w  packed","50.0 % Week  49 - 53","L-A01-REG-22-142-XXX","696","15 lbs","6 lb","9 lb","7 lb","8 lb","8 lb","9 lb","11 lb","19 lb","14 lb","10 lb","12 lb","10 lb","11 lb","17 lb","14 lb","51 lb","100 lb","145 lb","99 lb","26 lb","31 lb","15 lb","11 lb","7 lb","0","0","0","0","0","0","0","0","0","0","0","0","0","0","0","0","0","0","0","0","0","0","0","0","0","0","0","0","0","0","0","0","0","0","0","0"
"Peanut Butter Mnms Bulk ( RM-01-143-A )","Redstone","Englewood","9 lb","378 lb","290","-","98 lb","-","-","SA-01-143-A 3.4","-","5 w","4 w","—","SA-01-143-A :   No","Core","OK no demand","OK no demand","50.0 % Week  49 - 53","L-A01-REG-22-143-XXX","1,478","0","0","0","0","0","0","0","0","0","0","0","0","0","0","0","0","0","0","0","0","0","0","0","0","0","0","0","0","0","0","0","0","0","0","0","0","0","0","0","0","0","0","0","0","0","0","0","0","0","0","0","0","0","0","0","0","0","0","0","0","0"
"Sour Rainbow Belts Bulk ( RM-01-144-A )","Redstone","Englewood","5 lb","102 lb","15","-","92 lb","-","-","SA-01-144-A 6.3","Candy & Snacks :  1.5 %","5 w","4 w","—","SA-01-144-A :   No","Core","Short 102  /   190 lb 9 w  goal","Short 10  /   32 lb 2 w  packed","50.0 % Week  49 - 53","L-A01-REG-22-144-XXX","2,671","87 lbs","13 lb","19 lb","15 lb","17 lb","16 lb","18 lb","22 lb","39 lb","30 lb","22 lb","25 lb","21 lb","24 lb","36 lb","29 lb","108 lb","212 lb","306 lb","210 lb","55 lb","66 lb","32 lb","23 lb","16 lb","0","0","0","0","0","0","0","0","0","0","0","0","0","0","0","0","0","0","0","0","0","0","0","0","0","0","0","0","0","0","0","0","0","0","0","0"
"Sour Berry Blue Belts Bulk ( RM-01-146-A )","Redstone","Englewood","10 lb","0 lb","10","-","-53 lb","-","-","SA-01-146-A 3.3","-","5 w","4 w","—","SA-01-146-A :   Yes","Legacy","—","—","50.0 % Week  49 - 53","L-A01-REG-22-146-XXX","1,532","0","0","0","0","0","0","0","0","0","0","0","0","0","0","0","0","0","0","0","0","0","0","0","0","0","0","0","0","0","0","0","0","0","0","0","0","0","0","0","0","0","0","0","0","0","0","0","0","0","0","0","0","0","0","0","0","0","0","0","0","0"
"Boston Baked Beans Bulk ( RM-05-063-A )","Redstone","Englewood","4 lb","59 lb","23","-","0 lb","40 lb","P02124 7/21/26","SA-05-063-A 3.6","Candy & Snacks :  0.3 %","5 w","4 w","—","SA-05-063-A :   No","Core","OK 59  /   29 lb 5 w  goal","OK 19  /   12 lb 2 w  packed","50.0 % Week  49 - 53","L-A05-REG-22-063-XXX","1,190","8 lbs","4 lb","7 lb","5 lb","6 lb","6 lb","6 lb","8 lb","14 lb","10 lb","8 lb","9 lb","7 lb","8 lb","13 lb","10 lb","38 lb","75 lb","108 lb","74 lb","19 lb","23 lb","11 lb","8 lb","5 lb","0","0","0","0","0","0","0","0","0","0","0","0","0","0","0","0","0","0","0","0","0","0","0","0","0","0","0","0","0","0","0","0","0","0","0","0"
"French Burnt Peanuts Bulk ( RM-05-064-A )","Redstone","Englewood","1 lb","190 lb","132","-","60 lb","-","-","SA-05-064-A 3.6","Candy & Snacks :  0.5 %","5 w","4 w","—","SA-05-064-A :   No","Core","OK 190  /   113 lb 9 w  goal","OK 130  /   19 lb 2 w  packed","50.0 % Week  49 - 53","L-A05-REG-22-064-XXX","674","0","7 lb","11 lb","9 lb","10 lb","10 lb","11 lb","13 lb","23 lb","18 lb","13 lb","15 lb","12 lb","14 lb","21 lb","17 lb","64 lb","126 lb","182 lb","125 lb","33 lb","39 lb","19 lb","14 lb","9 lb","0","0","0","0","0","0","0","0","0","0","0","0","0","0","0","0","0","0","0","0","0","0","0","0","0","0","0","0","0","0","0","0","0","0","0","0"
"Jordan Almonds Bulk ( RM-05-066-A )","Redstone","Englewood","3 lb","34 lb","45","-","-8 lb","-","-","SA-05-066-A 3.6","Candy & Snacks :  0.7 %","5 w","4 w","—","SA-05-066-A :   No","Core","Short 34  /   164 lb 9 w  goal","OK 42  /   28 lb 2 w  packed","50.0 % Week  49 - 53","L-A05-REG-22-066-XXX","584","129 lbs","11 lb","17 lb","13 lb","14 lb","14 lb","16 lb","19 lb","34 lb","25 lb","19 lb","22 lb","18 lb","21 lb","31 lb","25 lb","93 lb","183 lb","264 lb","181 lb","48 lb","57 lb","27 lb","20 lb","13 lb","0","0","0","0","0","0","0","0","0","0","0","0","0","0","0","0","0","0","0","0","0","0","0","0","0","0","0","0","0","0","0","0","0","0","0","0"
"Sea Salt Caramel Peanuts Bulk ( RM-05-069-A )","Redstone","Englewood","9 lb","174 lb","58","-","25 lb","100 lb","P02124 7/21/26","SA-05-069-A 3.6","Candy & Snacks :  1.1 %","5 w","4 w","—","SA-05-069-A :   No","Core","OK 174  /   104 lb 5 w  goal","OK 49  /   42 lb 2 w  packed","50.0 % Week  49 - 53","L-A05-REG-22-069-XXX","1,043","72 lbs","16 lb","25 lb","20 lb","22 lb","21 lb","24 lb","29 lb","51 lb","38 lb","29 lb","33 lb","27 lb","31 lb","47 lb","37 lb","140 lb","276 lb","398 lb","273 lb","72 lb","86 lb","41 lb","30 lb","20 lb","0","0","0","0","0","0","0","0","0","0","0","0","0","0","0","0","0","0","0","0","0","0","0","0","0","0","0","0","0","0","0","0","0","0","0","0"
"Smokehouse Almonds Bulk ( RM-05-070-A )","CJ Dannemiller","Englewood","3 lb","196 lb","149","-","0 lb","50 lb","P02160 8/9/26","SA-05-070-A 3.6","Candy & Snacks :  1.1 %","4 w","4 w","—","SA-05-070-A :   No","Core","OK 196  /   153 lb 7 w  goal","OK 146  /   41 lb 2 w  packed","50.0 % Week  49 - 53","L-A05-REG-22-070-XXX","474","6 lbs","16 lb","24 lb","19 lb","21 lb","20 lb","23 lb","28 lb","50 lb","37 lb","28 lb","32 lb","26 lb","30 lb","46 lb","36 lb","136 lb","268 lb","387 lb","265 lb","70 lb","84 lb","40 lb","29 lb","20 lb","0","0","0","0","0","0","0","0","0","0","0","0","0","0","0","0","0","0","0","0","0","0","0","0","0","0","0","0","0","0","0","0","0","0","0","0"
"Honey Roasted Cashews Bulk ( RM-05-071-A )","CJ Dannemiller","Englewood","1 lb","475 lb","99","-","278 lb","100 lb","P02160 8/9/26","SA-05-071-A 3.6","Candy & Snacks :  2.2 %","4 w","4 w","—","SA-05-071-A :   No","Core","OK 475  /   316 lb 7 w  goal","OK 97  /   84 lb 2 w  packed","50.0 % Week  49 - 53","L-A05-REG-22-071-XXX","1,975","0","33 lb","50 lb","40 lb","44 lb","42 lb","48 lb","59 lb","104 lb","77 lb","58 lb","66 lb","55 lb","63 lb","95 lb","76 lb","282 lb","558 lb","804 lb","550 lb","145 lb","174 lb","83 lb","61 lb","41 lb","0","0","0","0","0","0","0","0","0","0","0","0","0","0","0","0","0","0","0","0","0","0","0","0","0","0","0","0","0","0","0","0","0","0","0","0"
"Honey Roasted Pecans Bulk ( RM-05-072-A )","CJ Dannemiller","Englewood","1 lb","170 lb","1","-","170 lb","-","-","SA-05-072-A 3.6","-","4 w","4 w","—","SA-05-072-A :   Yes","Legacy","—","—","50.0 % Week  49 - 53","L-A05-REG-22-072-XXX","236","0","0","0","0","0","0","0","0","0","0","0","0","0","0","0","0","0","0","0","0","0","0","0","0","0","0","0","0","0","0","0","0","0","0","0","0","0","0","0","0","0","0","0","0","0","0","0","0","0","0","0","0","0","0","0","0","0","0","0","0","0"
"Spicy Cashews Bulk ( RM-05-074-A )","CJ Dannemiller","Englewood","1 lb","202 lb","69","-","60 lb","75 lb","P02160 8/9/26","SA-05-074-A 3.6","Candy & Snacks :  1.1 %","4 w","4 w","—","SA-05-074-A :   No","Core","OK 202  /   154 lb 7 w  goal","OK 67  /   41 lb 2 w  packed","50.0 % Week  49 - 53","L-A05-REG-22-074-XXX","852","1 lb","16 lb","24 lb","20 lb","21 lb","20 lb","23 lb","29 lb","50 lb","38 lb","28 lb","32 lb","27 lb","31 lb","46 lb","37 lb","137 lb","271 lb","391 lb","268 lb","70 lb","85 lb","40 lb","29 lb","20 lb","0","0","0","0","0","0","0","0","0","0","0","0","0","0","0","0","0","0","0","0","0","0","0","0","0","0","0","0","0","0","0","0","0","0","0","0"
"Buffalo Ranch Cashews Bulk ( RM-05-075-A )","CJ Dannemiller","Englewood","1 lb","152 lb","103","-","-40 lb","90 lb","P02160 8/9/26","SA-05-075-A 3.6","Candy & Snacks :  0.9 %","4 w","4 w","—","SA-05-075-A :   No","Core","OK 152  /   134 lb 7 w  goal","OK 102  /   36 lb 2 w  packed","50.0 % Week  49 - 53","L-A05-REG-22-075-XXX","261","25 lbs","14 lb","21 lb","17 lb","18 lb","18 lb","20 lb","25 lb","44 lb","33 lb","24 lb","28 lb","23 lb","26 lb","40 lb","32 lb","119 lb","235 lb","339 lb","232 lb","61 lb","73 lb","35 lb","26 lb","17 lb","0","0","0","0","0","0","0","0","0","0","0","0","0","0","0","0","0","0","0","0","0","0","0","0","0","0","0","0","0","0","0","0","0","0","0","0"
"Dill Pickle Cashews Bulk ( RM-05-076-A )","CJ Dannemiller","Englewood","1 lb","240 lb","99","-","92 lb","50 lb","P02160 8/9/26","SA-05-076-A 3.6","Candy & Snacks :  1.4 %","4 w","4 w","—","SA-05-076-A :   No","Core","OK 240  /   204 lb 7 w  goal","OK 98  /   54 lb 2 w  packed","50.0 % Week  49 - 53","L-A05-REG-22-076-XXX","1,006","30 lbs","21 lb","32 lb","26 lb","28 lb","27 lb","31 lb","38 lb","67 lb","50 lb","37 lb","42 lb","35 lb","40 lb","61 lb","49 lb","182 lb","359 lb","517 lb","354 lb","93 lb","112 lb","54 lb","39 lb","26 lb","0","0","0","0","0","0","0","0","0","0","0","0","0","0","0","0","0","0","0","0","0","0","0","0","0","0","0","0","0","0","0","0","0","0","0","0"
"Roasted Cashews Bulk ( RM-05-001-A )","CJ Dannemiller · then  Nuts.com","Englewood","2 lb","188 lb","55","-","85 lb","50 lb","P02160 8/9/26","SA-05-001-A 4.8","Candy & Snacks :  1.5 %","4 w","4 w","—","SA-05-001-A :   No","Core","OK 188  /   165 lb 7 w  goal","OK 53  /   44 lb 2 w  packed","50.0 % Week  49 - 53","L-A05-REG-22-001-XXX","3,870","30 lbs","17 lb","26 lb","21 lb","23 lb","22 lb","25 lb","31 lb","54 lb","40 lb","30 lb","34 lb","29 lb","33 lb","49 lb","39 lb","147 lb","290 lb","419 lb","287 lb","76 lb","91 lb","43 lb","32 lb","21 lb","0","0","0","0","0","0","0","0","0","0","0","0","0","0","0","0","0","0","0","0","0","0","0","0","0","0","0","0","0","0","0","0","0","0","0","0"
"Pistachios Bulk ( RM-05-083-A )","CJ Dannemiller · then  Nuts.com","Englewood","25 lb","223 lb","73","-","175 lb","-","-","SA-05-083-A 4.0","Candy & Snacks :  1.5 %","4 w","4 w","—","SA-05-083-A :   No","Core","Short 223  /   254 lb 8 w  goal","Short 48  /   51 lb 2 w  packed","50.0 % Week  49 - 53","L-A05-REG-22-083-XXX","5,848","31 lbs","20 lb","30 lb","24 lb","26 lb","25 lb","29 lb","35 lb","62 lb","47 lb","35 lb","40 lb","33 lb","38 lb","57 lb","46 lb","170 lb","336 lb","485 lb","332 lb","87 lb","105 lb","50 lb","37 lb","25 lb","0","0","0","0","0","0","0","0","0","0","0","0","0","0","0","0","0","0","0","0","0","0","0","0","0","0","0","0","0","0","0","0","0","0","0","0"
"Cherry Sours Bulk ( RM-01-042-A )","Jerry's","Englewood","13 lb","277 lb","101","-","189 lb","-","-","SA-01-042-A 2.8","Candy & Snacks :  1.3 %","4 w","4 w","—","SA-01-042-A :   No","Core","Short 277  /   318 lb 8 w  goal","OK 88  /   63 lb 2 w  packed","50.0 % Week  49 - 53","L-A01-REG-22-042-XXX","1,386","40 lbs","25 lb","38 lb","30 lb","33 lb","32 lb","36 lb","44 lb","78 lb","59 lb","44 lb","50 lb","42 lb","47 lb","72 lb","57 lb","214 lb","421 lb","608 lb","416 lb","110 lb","132 lb","63 lb","46 lb","31 lb","0","0","0","0","0","0","0","0","0","0","0","0","0","0","0","0","0","0","0","0","0","0","0","0","0","0","0","0","0","0","0","0","0","0","0","0"
"Dark Chocolate Almonds Bulk ( RM-01-123-A )","Jerry's","—","2 lb","0 lb","0","-","0 lb","-","-","FG-48-033-A 2.5 SA-01-123-A 2.9","-","4 w","4 w","—","FG-48-033-A :   No SA-01-123-A :   Yes","Legacy","—","—","50.0 % Week  49 - 53","L-A01-REG-22-123-XXX","1,157","0","0","0","0","0","0","0","0","0","0","0","0","0","0","0","0","0","0","0","0","0","0","0","0","0","0","0","0","0","0","0","0","0","0","0","0","0","0","0","0","0","0","0","0","0","0","0","0","0","0","0","0","0","0","0","0","0","0","0","0","0"
"Strawberry Bricks Bulk ( RM-01-133-A )","Jerry's","Englewood","1 lb","163 lb","168","-","-30 lb","26 lb","P02062 6/8/26","SA-01-133-A 4.2","Candy & Snacks :  0.9 %","4 w","4 w","—","SA-01-133-A :   No","Core","OK 163  /   58 lb 4 w  goal","OK 167  /   29 lb 2 w  packed","50.0 % Week  49 - 53","L-A01-REG-22-133-XXX","1,445","0","11 lb","17 lb","14 lb","15 lb","15 lb","17 lb","20 lb","36 lb","27 lb","20 lb","23 lb","19 lb","22 lb","33 lb","26 lb","98 lb","192 lb","278 lb","190 lb","50 lb","60 lb","29 lb","21 lb","14 lb","0","0","0","0","0","0","0","0","0","0","0","0","0","0","0","0","0","0","0","0","0","0","0","0","0","0","0","0","0","0","0","0","0","0","0","0"
"Red Australian Licorice Bulk ( RM-01-135-A )","Jerry's","Englewood","3 lb","208 lb","45","-","165 lb","-","-","SA-01-135-A 4.0","Candy & Snacks :  1.5 %","4 w","4 w","—","SA-01-135-A :   No","Core","Short 208  /   257 lb 8 w  goal","Short 43  /   51 lb 2 w  packed","50.0 % Week  49 - 53","L-A01-REG-22-135-XXX","409","49 lbs","20 lb","31 lb","25 lb","27 lb","26 lb","29 lb","36 lb","63 lb","47 lb","35 lb","40 lb","34 lb","38 lb","58 lb","46 lb","173 lb","341 lb","492 lb","337 lb","89 lb","106 lb","51 lb","37 lb","25 lb","0","0","0","0","0","0","0","0","0","0","0","0","0","0","0","0","0","0","0","0","0","0","0","0","0","0","0","0","0","0","0","0","0","0","0","0"
"Cajun Hot Mix Bulk ( RM-05-024-A )","Jerry's","Englewood","2 lb","101 lb","54","-","24 lb","25 lb","P02149 8/4/26","SA-05-024-A 5.6","Candy & Snacks :  0.9 %","4 w","4 w","—","SA-05-024-A :   No","Core","OK 101  /   72 lb 6 w  goal","OK 52  /   24 lb 2 w  packed","50.0 % Week  49 - 53","L-A05-REG-22-024-XXX","411","15 lbs","9 lb","14 lb","11 lb","12 lb","12 lb","13 lb","16 lb","29 lb","21 lb","16 lb","18 lb","15 lb","17 lb","26 lb","21 lb","78 lb","154 lb","223 lb","152 lb","40 lb","48 lb","23 lb","17 lb","11 lb","0","0","0","0","0","0","0","0","0","0","0","0","0","0","0","0","0","0","0","0","0","0","0","0","0","0","0","0","0","0","0","0","0","0","0","0"
"Cherry Nut Harvest Bulk ( RM-05-025-A )","Jerry's","Englewood","7 lb","94 lb","141","-","-70 lb","30 lb","P02149 8/4/26","SA-05-025-A 4.5","Candy & Snacks :  0.7 %","4 w","4 w","—","SA-05-025-A :   No","Core","OK 94  /   65 lb 6 w  goal","OK 134  /   21 lb 2 w  packed","50.0 % Week  49 - 53","L-A05-REG-22-025-XXX","871","12 lbs","8 lb","13 lb","10 lb","11 lb","11 lb","12 lb","15 lb","26 lb","19 lb","15 lb","17 lb","14 lb","16 lb","24 lb","19 lb","71 lb","140 lb","202 lb","138 lb","36 lb","44 lb","21 lb","15 lb","10 lb","0","0","0","0","0","0","0","0","0","0","0","0","0","0","0","0","0","0","0","0","0","0","0","0","0","0","0","0","0","0","0","0","0","0","0","0"
"Rise & Shine Bulk ( RM-05-027-A )","Jerry's","Englewood","2 lb","76 lb","78","-","0 lb","-","-","SA-05-027-A 4.2","Candy & Snacks :  0.6 %","4 w","4 w","—","SA-05-027-A :   No","Seasonal","—","—","50.0 % Week  49 - 53","L-A05-REG-22-027-XXX","631","29 lbs","8 lb","13 lb","10 lb","11 lb","11 lb","12 lb","15 lb","26 lb","19 lb","15 lb","16 lb","14 lb","16 lb","24 lb","19 lb","71 lb","139 lb","201 lb","138 lb","36 lb","44 lb","21 lb","15 lb","10 lb","0","0","0","0","0","0","0","0","0","0","0","0","0","0","0","0","0","0","0","0","0","0","0","0","0","0","0","0","0","0","0","0","0","0","0","0"
"Banana Split Bulk ( RM-05-029-A )","Jerry's","Englewood","7 lb","118 lb","0","23","100 lb","25 lb","P02118 7/12/26","SA-05-029-A 4.3","Candy & Snacks :  0.7 %","4 w","4 w","—","SA-05-029-A :   No","Seasonal","—","—","50.0 % Week  49 - 53","L-A05-REG-22-029-XXX","3,058","0","9 lb","13 lb","11 lb","11 lb","11 lb","13 lb","15 lb","27 lb","20 lb","15 lb","17 lb","14 lb","16 lb","25 lb","20 lb","74 lb","146 lb","211 lb","144 lb","38 lb","46 lb","22 lb","16 lb","11 lb","0","0","0","0","0","0","0","0","0","0","0","0","0","0","0","0","0","0","0","0","0","0","0","0","0","0","0","0","0","0","0","0","0","0","0","0"
"G.O.R.P. Bulk ( RM-05-030-A )","Jerry's","Englewood","1 lb","71 lb","57","-","15 lb","-","-","SA-05-030-A 4.0","Candy & Snacks :  0.5 %","4 w","4 w","—","SA-05-030-A :   No","Core","Short 71  /   85 lb 8 w  goal","OK 56  /   17 lb 2 w  packed","50.0 % Week  49 - 53","L-A05-REG-22-030-XXX","346","14 lbs","7 lb","10 lb","8 lb","9 lb","9 lb","10 lb","12 lb","21 lb","16 lb","12 lb","13 lb","11 lb","13 lb","19 lb","15 lb","57 lb","113 lb","163 lb","111 lb","29 lb","35 lb","17 lb","12 lb","8 lb","0","0","0","0","0","0","0","0","0","0","0","0","0","0","0","0","0","0","0","0","0","0","0","0","0","0","0","0","0","0","0","0","0","0","0","0"
"Peanut Passion Bulk ( RM-05-032-A )","Jerry's","Englewood","3 lb","72 lb","80","-","-5 lb","-","-","SA-05-032-A 4.0","Candy & Snacks :  0.4 %","4 w","4 w","—","SA-05-032-A :   No","Core","Short 72  /   77 lb 8 w  goal","OK 77  /   16 lb 2 w  packed","50.0 % Week  49 - 53","L-A05-REG-22-032-XXX","159","4 lbs","6 lb","9 lb","7 lb","8 lb","8 lb","9 lb","11 lb","19 lb","14 lb","11 lb","12 lb","10 lb","11 lb","17 lb","14 lb","51 lb","101 lb","146 lb","100 lb","26 lb","32 lb","15 lb","11 lb","7 lb","0","0","0","0","0","0","0","0","0","0","0","0","0","0","0","0","0","0","0","0","0","0","0","0","0","0","0","0","0","0","0","0","0","0","0","0"
"Smok'n Cheddar Bulk ( RM-05-033-A )","Jerry's","Englewood","1 lb","0 lb","83","-","-90 lb","-","-","SA-05-033-A 8.3","Candy & Snacks :  0.9 %","4 w","4 w","—","SA-05-033-A :   No","Core","Short -8  /   78 lb 8 w  goal","OK 82  /   16 lb 2 w  packed","50.0 % Week  49 - 53","L-A05-REG-22-033-XXX","-","85 lbs","6 lb","9 lb","7 lb","8 lb","8 lb","9 lb","11 lb","19 lb","14 lb","11 lb","12 lb","10 lb","12 lb","17 lb","14 lb","52 lb","103 lb","148 lb","102 lb","27 lb","32 lb","15 lb","11 lb","8 lb","0","0","0","0","0","0","0","0","0","0","0","0","0","0","0","0","0","0","0","0","0","0","0","0","0","0","0","0","0","0","0","0","0","0","0","0"
"Snackens Bulk ( RM-05-044-A )","Jerry's","Englewood","1 lb","74 lb","25","-","20 lb","30 lb","P02149 8/4/26","SA-05-044-A 9.1","Candy & Snacks :  1.1 %","4 w","4 w","—","SA-05-044-A :   No","Core","OK 74  /   52 lb 6 w  goal","OK 24  /   17 lb 2 w  packed","50.0 % Week  49 - 53","L-A05-REG-22-044-XXX","885","10 lbs","7 lb","10 lb","8 lb","9 lb","8 lb","10 lb","12 lb","21 lb","16 lb","12 lb","13 lb","11 lb","13 lb","19 lb","15 lb","57 lb","113 lb","162 lb","111 lb","29 lb","35 lb","17 lb","12 lb","8 lb","0","0","0","0","0","0","0","0","0","0","0","0","0","0","0","0","0","0","0","0","0","0","0","0","0","0","0","0","0","0","0","0","0","0","0","0"
"Dried Cranberries Bulk ( RM-05-082-A )","Jerry's","Englewood","3 lb","52 lb","56","-","0 lb","-","-","SA-05-082-A 3.0","Candy & Snacks :  0.2 %","4 w","4 w","—","SA-05-082-A :   No","Core","OK 52  /   44 lb 8 w  goal","OK 52  /   9 lb 2 w  packed","50.0 % Week  49 - 53","L-A05-REG-22-082-XXX","1,863","0","3 lb","5 lb","4 lb","5 lb","4 lb","5 lb","6 lb","11 lb","8 lb","6 lb","7 lb","6 lb","7 lb","10 lb","8 lb","29 lb","58 lb","83 lb","57 lb","15 lb","18 lb","9 lb","6 lb","4 lb","0","0","0","0","0","0","0","0","0","0","0","0","0","0","0","0","0","0","0","0","0","0","0","0","0","0","0","0","0","0","0","0","0","0","0","0"
"Butter Toffee Peanuts Bulk ( RM-05-084-A )","Jerry's","Englewood","9 lb","292 lb","96","-","101 lb","104 lb","P02149 8/4/26","SA-05-084-A 3.4","Candy & Snacks :  1.6 %","4 w","4 w","—","SA-05-084-A :   No","Core","OK 292  /   189 lb 6 w  goal","OK 87  /   61 lb 2 w  packed","50.0 % Week  49 - 53","L-A05-REG-22-084-XXX","2,059","16 lbs","24 lb","37 lb","30 lb","32 lb","31 lb","35 lb","43 lb","76 lb","57 lb","43 lb","48 lb","40 lb","46 lb","69 lb","55 lb","207 lb","409 lb","590 lb","404 lb","106 lb","128 lb","61 lb","45 lb","30 lb","0","0","0","0","0","0","0","0","0","0","0","0","0","0","0","0","0","0","0","0","0","0","0","0","0","0","0","0","0","0","0","0","0","0","0","0"
"Wasabi Peas Bulk ( RM-05-085-A )","Jerry's","Englewood","2 lb","160 lb","118","-","44 lb","-","-","SA-05-085-A 4.5","Candy & Snacks :  0.6 %","4 w","4 w","—","SA-05-085-A :   No","Core","OK 160  /   95 lb 8 w  goal","OK 116  /   19 lb 2 w  packed","50.0 % Week  49 - 53","L-A05-REG-22-085-XXX","4,466","0","7 lb","11 lb","9 lb","10 lb","9 lb","11 lb","13 lb","23 lb","17 lb","13 lb","15 lb","12 lb","14 lb","21 lb","17 lb","64 lb","126 lb","181 lb","124 lb","33 lb","39 lb","19 lb","14 lb","9 lb","0","0","0","0","0","0","0","0","0","0","0","0","0","0","0","0","0","0","0","0","0","0","0","0","0","0","0","0","0","0","0","0","0","0","0","0"
"Cinnamon Peanuts Bulk ( RM-05-088-A )","Jerry's","Englewood","3 lb","176 lb","116","-","21 lb","42 lb","P02149 8/4/26","SA-05-088-A 3.3","Candy & Snacks :  1.0 %","4 w","4 w","—","SA-05-088-A :   No","Core","OK 176  /   131 lb 6 w  goal","OK 113  /   43 lb 2 w  packed","50.0 % Week  49 - 53","L-A05-REG-22-088-XXX","3,829","36 lbs","17 lb","25 lb","20 lb","22 lb","21 lb","24 lb","30 lb","52 lb","39 lb","29 lb","33 lb","28 lb","32 lb","48 lb","38 lb","143 lb","282 lb","407 lb","278 lb","73 lb","88 lb","42 lb","31 lb","21 lb","0","0","0","0","0","0","0","0","0","0","0","0","0","0","0","0","0","0","0","0","0","0","0","0","0","0","0","0","0","0","0","0","0","0","0","0"
"Green Apple Drops Bulk ( RM-01-013-A )","Nuts.com","Englewood","7 lb","221 lb","123","-","35 lb","70 lb","P02155 8/5/26","SA-01-013-A 2.8","Candy & Snacks :  1.0 %","5 w","4 w","—","SA-01-013-A :   No","Core","OK 221  /   190 lb 7 w  goal","OK 116  /   50 lb 2 w  packed","50.0 % Week  49 - 53","L-A01-REG-22-013-XXX","440","78 lbs","20 lb","30 lb","24 lb","26 lb","25 lb","29 lb","35 lb","62 lb","47 lb","35 lb","40 lb","33 lb","38 lb","57 lb","45 lb","170 lb","335 lb","483 lb","331 lb","87 lb","105 lb","50 lb","36 lb","25 lb","0","0","0","0","0","0","0","0","0","0","0","0","0","0","0","0","0","0","0","0","0","0","0","0","0","0","0","0","0","0","0","0","0","0","0","0"
"Lemon Drops Bulk ( RM-01-014-A )","Nuts.com","Englewood","1 lb","205 lb","65","-","91 lb","50 lb","P02155 8/5/26","FG-48-006-A 2.0 SA-01-014-A 2.8 SA-39-073-A 2.0","Candy & Snacks :  0.9 %","5 w","4 w","—","4  Active","Core","OK 205  /   174 lb 7 w  goal","OK 64  /   46 lb 2 w  packed","50.0 % Week  49 - 53","L-A01-REG-22-014-XXX","966","68 lbs","18 lb","28 lb","22 lb","24 lb","23 lb","26 lb","32 lb","57 lb","42 lb","32 lb","36 lb","30 lb","34 lb","52 lb","41 lb","155 lb","305 lb","440 lb","301 lb","79 lb","95 lb","46 lb","33 lb","22 lb","0","0","0","0","0","0","0","0","0","0","0","0","0","0","0","0","0","0","0","0","0","0","0","0","0","0","0","0","0","0","0","0","0","0","0","0"
"Chick O Sticks Bulk ( RM-01-094-A )","Nuts.com","Englewood","2 lb","135 lb","47","-","90 lb","-","-","SA-01-094-A 4.2","Candy & Snacks :  0.6 %","5 w","4 w","—","SA-01-094-A :   No","Core","OK 135  /   125 lb 9 w  goal","OK 45  /   21 lb 2 w  packed","50.0 % Week  49 - 53","L-A01-REG-22-094-XXX","567","0","8 lb","13 lb","10 lb","11 lb","11 lb","12 lb","15 lb","26 lb","19 lb","15 lb","16 lb","14 lb","16 lb","24 lb","19 lb","71 lb","139 lb","201 lb","138 lb","36 lb","44 lb","21 lb","15 lb","10 lb","0","0","0","0","0","0","0","0","0","0","0","0","0","0","0","0","0","0","0","0","0","0","0","0","0","0","0","0","0","0","0","0","0","0","0","0"
"Roasted Almonds Bulk ( RM-05-002-A )","Nuts.com","Englewood","2 lb","109 lb","74","-","8 lb","30 lb","P02160 8/9/26","SA-05-002-A 4.2","Candy & Snacks :  0.7 %","5 w","4 w","—","SA-05-002-A :   No","Core","Short 109  /   110 lb 8 w  goal","OK 72  /   22 lb 2 w  packed","50.0 % Week  49 - 53","L-A05-REG-22-002-XXX","707","21 lbs","9 lb","13 lb","11 lb","11 lb","11 lb","13 lb","15 lb","27 lb","20 lb","15 lb","17 lb","14 lb","16 lb","25 lb","20 lb","74 lb","146 lb","211 lb","144 lb","38 lb","46 lb","22 lb","16 lb","11 lb","0","0","0","0","0","0","0","0","0","0","0","0","0","0","0","0","0","0","0","0","0","0","0","0","0","0","0","0","0","0","0","0","0","0","0","0"
"Cajun Peanuts Bulk ( RM-05-003-A )","Nuts.com","Englewood","2 lb","68 lb","42","-","8 lb","20 lb","P02155 8/5/26","SA-05-003-A 5.9","Candy & Snacks :  0.6 %","5 w","4 w","—","SA-05-003-A :   No","Core","OK 68  /   51 lb 7 w  goal","OK 40  /   14 lb 2 w  packed","50.0 % Week  49 - 53","L-A05-REG-22-003-XXX","277","11 lbs","5 lb","8 lb","6 lb","7 lb","7 lb","8 lb","9 lb","17 lb","12 lb","9 lb","11 lb","9 lb","10 lb","15 lb","12 lb","45 lb","89 lb","129 lb","88 lb","23 lb","28 lb","13 lb","10 lb","7 lb","0","0","0","0","0","0","0","0","0","0","0","0","0","0","0","0","0","0","0","0","0","0","0","0","0","0","0","0","0","0","0","0","0","0","0","0"
"Japanese Peanuts Bulk ( RM-05-009-A )","Nuts.com","Englewood","2 lb","91 lb","69","-","24 lb","-","-","SA-05-009-A 5.3","Candy & Snacks :  0.7 %","5 w","4 w","—","SA-05-009-A :   No","Core","Short 91  /   104 lb 9 w  goal","OK 67  /   18 lb 2 w  packed","50.0 % Week  49 - 53","L-A05-REG-22-009-XXX","510","12 lbs","7 lb","10 lb","8 lb","9 lb","9 lb","10 lb","12 lb","21 lb","16 lb","12 lb","14 lb","11 lb","13 lb","20 lb","16 lb","59 lb","116 lb","167 lb","114 lb","30 lb","36 lb","17 lb","13 lb","8 lb","0","0","0","0","0","0","0","0","0","0","0","0","0","0","0","0","0","0","0","0","0","0","0","0","0","0","0","0","0","0","0","0","0","0","0","0"
"Banana Chips Bulk ( RM-05-011-A )","Nuts.com","Englewood","1 lb","64 lb","4","-","42 lb","20 lb","P02155 8/5/26","SA-05-011-A 7.1","Candy & Snacks :  0.6 %","5 w","4 w","—","SA-05-011-A :   No","Core","OK 64  /   43 lb 7 w  goal","Short 2  /   12 lb 2 w  packed","50.0 % Week  49 - 53","L-A05-REG-22-011-XXX","2,087","2 lbs","4 lb","7 lb","5 lb","6 lb","6 lb","6 lb","8 lb","14 lb","10 lb","8 lb","9 lb","7 lb","8 lb","13 lb","10 lb","38 lb","75 lb","108 lb","74 lb","19 lb","23 lb","11 lb","8 lb","5 lb","0","0","0","0","0","0","0","0","0","0","0","0","0","0","0","0","0","0","0","0","0","0","0","0","0","0","0","0","0","0","0","0","0","0","0","0"
"Diced Mango Bulk ( RM-05-013-A )","Nuts.com","Englewood","2 lb","119 lb","62","-","19 lb","40 lb","P02155 8/5/26","SA-05-013-A 4.3","Candy & Snacks :  0.8 %","5 w","4 w","—","SA-05-013-A :   No","Core","OK 119  /   94 lb 7 w  goal","OK 60  /   25 lb 2 w  packed","50.0 % Week  49 - 53","L-A05-REG-22-013-XXX","1,328","28 lbs","10 lb","15 lb","12 lb","13 lb","12 lb","14 lb","17 lb","31 lb","23 lb","17 lb","20 lb","16 lb","19 lb","28 lb","22 lb","84 lb","165 lb","239 lb","163 lb","43 lb","52 lb","25 lb","18 lb","12 lb","0","0","0","0","0","0","0","0","0","0","0","0","0","0","0","0","0","0","0","0","0","0","0","0","0","0","0","0","0","0","0","0","0","0","0","0"
"Dried Pineapple Chunks Bulk ( RM-05-014-A )","Nuts.com","Englewood","1 lb","161 lb","66","-","96 lb","-","-","SA-05-014-A 4.3","Candy & Snacks :  1.0 %","5 w","4 w","—","SA-05-014-A :   No","Core","Short 161  /   182 lb 9 w  goal","OK 65  /   31 lb 2 w  packed","50.0 % Week  49 - 53","L-A05-REG-22-014-XXX","960","20 lbs","12 lb","18 lb","15 lb","16 lb","15 lb","18 lb","21 lb","38 lb","28 lb","21 lb","24 lb","20 lb","23 lb","35 lb","28 lb","103 lb","204 lb","294 lb","201 lb","53 lb","64 lb","30 lb","22 lb","15 lb","0","0","0","0","0","0","0","0","0","0","0","0","0","0","0","0","0","0","0","0","0","0","0","0","0","0","0","0","0","0","0","0","0","0","0","0"
"Diced Cinnamon Apples Bulk ( RM-05-017-A )","Nuts.com","Englewood","2 lb","0 lb","2","-","0 lb","-","-","SA-05-017-A 4.2","-","5 w","4 w","—","SA-05-017-A :   Yes","Legacy","—","—","50.0 % Week  49 - 53","L-A05-REG-22-017-XXX","3,745","0","0","0","0","0","0","0","0","0","0","0","0","0","0","0","0","0","0","0","0","0","0","0","0","0","0","0","0","0","0","0","0","0","0","0","0","0","0","0","0","0","0","0","0","0","0","0","0","0","0","0","0","0","0","0","0","0","0","0","0","0"
"Mix of Champions Bulk ( RM-05-019-A )","Nuts.com","Englewood","6 lb","103 lb","54","-","25 lb","30 lb","P02155 8/5/26","SA-05-019-A 5.3","Candy & Snacks :  0.8 %","5 w","4 w","—","SA-05-019-A :   No","Core","OK 103  /   78 lb 7 w  goal","OK 48  /   21 lb 2 w  packed","50.0 % Week  49 - 53","L-A05-REG-22-019-XXX","1,321","19 lbs","8 lb","12 lb","10 lb","11 lb","10 lb","12 lb","14 lb","25 lb","19 lb","14 lb","16 lb","13 lb","15 lb","23 lb","19 lb","69 lb","137 lb","197 lb","135 lb","36 lb","43 lb","20 lb","15 lb","10 lb","0","0","0","0","0","0","0","0","0","0","0","0","0","0","0","0","0","0","0","0","0","0","0","0","0","0","0","0","0","0","0","0","0","0","0","0"
"Power Mix Bulk ( RM-05-020-A )","Nuts.com","Englewood","8 lb","87 lb","70","-","25 lb","-","-","SA-05-020-A 4.2","Candy & Snacks :  0.5 %","5 w","4 w","—","SA-05-020-A :   No","Core","Short 87  /   91 lb 9 w  goal","OK 62  /   16 lb 2 w  packed","50.0 % Week  49 - 53","L-A05-REG-22-020-XXX","440","4 lbs","6 lb","9 lb","7 lb","8 lb","8 lb","9 lb","11 lb","19 lb","14 lb","11 lb","12 lb","10 lb","11 lb","17 lb","14 lb","52 lb","102 lb","147 lb","100 lb","26 lb","32 lb","15 lb","11 lb","7 lb","0","0","0","0","0","0","0","0","0","0","0","0","0","0","0","0","0","0","0","0","0","0","0","0","0","0","0","0","0","0","0","0","0","0","0","0"
"Extreme Trail Mix Bulk ( RM-05-021-A )","Nuts.com","Englewood","5 lb","147 lb","47","-","75 lb","30 lb","P02155 8/5/26","SA-05-021-A 4.2","Candy & Snacks :  0.9 %","5 w","4 w","—","SA-05-021-A :   No","Core","OK 147  /   117 lb 7 w  goal","OK 42  /   31 lb 2 w  packed","50.0 % Week  49 - 53","L-A05-REG-22-021-XXX","534","36 lbs","12 lb","19 lb","15 lb","16 lb","16 lb","18 lb","22 lb","38 lb","29 lb","21 lb","24 lb","20 lb","23 lb","35 lb","28 lb","104 lb","206 lb","297 lb","203 lb","54 lb","64 lb","31 lb","22 lb","15 lb","0","0","0","0","0","0","0","0","0","0","0","0","0","0","0","0","0","0","0","0","0","0","0","0","0","0","0","0","0","0","0","0","0","0","0","0"
"Honey Mustard Pretzel Bites Bulk ( RM-05-034-A )","Nuts.com","Englewood","1 lb","109 lb","39","-","40 lb","30 lb","P02155 8/5/26","SA-05-034-A 7.1","Candy & Snacks :  1.4 %","5 w","4 w","—","SA-05-034-A :   No","Core","OK 109  /   103 lb 7 w  goal","OK 39  /   27 lb 2 w  packed","50.0 % Week  49 - 53","L-A05-REG-22-034-XXX","887","52 lbs","11 lb","16 lb","13 lb","14 lb","14 lb","16 lb","19 lb","34 lb","25 lb","19 lb","21 lb","18 lb","20 lb","31 lb","24 lb","92 lb","181 lb","261 lb","178 lb","47 lb","56 lb","27 lb","20 lb","13 lb","0","0","0","0","0","0","0","0","0","0","0","0","0","0","0","0","0","0","0","0","0","0","0","0","0","0","0","0","0","0","0","0","0","0","0","0"
"Peanut Butter Pretzel Bites Bulk ( RM-05-041-A )","Nuts.com","Englewood","4 lb","107 lb","73","-","38 lb","-","-","SA-05-041-A 7.1","Candy & Snacks :  1.2 %","5 w","4 w","—","SA-05-041-A :   No","Core","Short 107  /   136 lb 9 w  goal","OK 69  /   23 lb 2 w  packed","50.0 % Week  49 - 53","L-A05-REG-22-041-XXX","2,290","29 lbs","9 lb","14 lb","11 lb","12 lb","11 lb","13 lb","16 lb","28 lb","21 lb","16 lb","18 lb","15 lb","17 lb","26 lb","21 lb","77 lb","152 lb","220 lb","150 lb","40 lb","48 lb","23 lb","17 lb","11 lb","0","0","0","0","0","0","0","0","0","0","0","0","0","0","0","0","0","0","0","0","0","0","0","0","0","0","0","0","0","0","0","0","0","0","0","0"
"Dried Papaya Chunks Bulk ( RM-05-054-A )","Nuts.com","Englewood","7 lb","89 lb","9","12","88 lb","-","-","SA-05-054-A 4.3","Candy & Snacks :  0.3 %","5 w","4 w","—","SA-05-054-A :   No","Core","OK 89  /   63 lb 9 w  goal","Short 1  /   11 lb 2 w  packed","50.0 % Week  49 - 53","L-A05-REG-22-054-XXX","778","0","4 lb","6 lb","5 lb","5 lb","5 lb","6 lb","7 lb","13 lb","10 lb","7 lb","8 lb","7 lb","8 lb","12 lb","9 lb","35 lb","70 lb","101 lb","69 lb","18 lb","22 lb","10 lb","8 lb","5 lb","0","0","0","0","0","0","0","0","0","0","0","0","0","0","0","0","0","0","0","0","0","0","0","0","0","0","0","0","0","0","0","0","0","0","0","0"
"Memphis BBQ Peanuts Bulk ( RM-05-073-A )","Nuts.com","—","0","0","0","-","0","-","-","SA-05-073-A","-","5 w","4 w","—","-","Legacy","—","—","50.0 % Week  49 - 53","-","-","0","0","0","0","0","0","0","0","0","0","0","0","0","0","0","0","0","0","0","0","0","0","0","0","0","0","0","0","0","0","0","0","0","0","0","0","0","0","0","0","0","0","0","0","0","0","0","0","0","0","0","0","0","0","0","0","0","0","0","0","0"
"Healthy Trail Mix Bulk ( RM-05-081-A )","Nuts.com","Englewood","3 lb","198 lb","121","-","0 lb","80 lb","P02004 5/4/26","SA-05-081-A 3.6","Candy & Snacks :  0.8 %","5 w","4 w","—","SA-05-081-A :   No","Core","OK 198  /   59 lb 4 w  goal","OK 118  /   30 lb 2 w  packed","50.0 % Week  49 - 53","L-A05-REG-22-081-XXX","1,791","0","12 lb","18 lb","14 lb","15 lb","15 lb","17 lb","21 lb","36 lb","27 lb","20 lb","23 lb","19 lb","22 lb","33 lb","27 lb","99 lb","196 lb","283 lb","194 lb","51 lb","61 lb","29 lb","21 lb","14 lb","0","0","0","0","0","0","0","0","0","0","0","0","0","0","0","0","0","0","0","0","0","0","0","0","0","0","0","0","0","0","0","0","0","0","0","0"
"Bourbon Street Mix Bulk ( RM-05-086-A )","Nuts.com","Englewood","3 lb","202 lb","104","-","100 lb","-","-","SA-05-086-A 4.0","Candy & Snacks :  1.2 %","5 w","4 w","—","SA-05-086-A :   No","Core","Short 202  /   245 lb 9 w  goal","OK 102  /   41 lb 2 w  packed","50.0 % Week  49 - 53","L-A05-REG-22-086-XXX","4,607","43 lbs","16 lb","25 lb","20 lb","21 lb","21 lb","24 lb","29 lb","51 lb","38 lb","29 lb","32 lb","27 lb","31 lb","47 lb","37 lb","139 lb","274 lb","396 lb","271 lb","71 lb","86 lb","41 lb","30 lb","20 lb","0","0","0","0","0","0","0","0","0","0","0","0","0","0","0","0","0","0","0","0","0","0","0","0","0","0","0","0","0","0","0","0","0","0","0","0"
"Pbnj Mix Bulk ( RM-05-089-A )","Nuts.com","Englewood","10 lb","68 lb","58","-","0 lb","20 lb","P02004 5/4/26","SA-05-089-A 3.4","Candy & Snacks :  0.4 %","5 w","4 w","—","SA-05-089-A :   No","Core","OK 68  /   32 lb 4 w  goal","OK 48  /   16 lb 2 w  packed","50.0 % Week  49 - 53","L-A05-REG-22-089-XXX","2,746","25 lbs","6 lb","9 lb","8 lb","8 lb","8 lb","9 lb","11 lb","19 lb","14 lb","11 lb","12 lb","10 lb","12 lb","18 lb","14 lb","53 lb","104 lb","150 lb","103 lb","27 lb","33 lb","16 lb","11 lb","8 lb","0","0","0","0","0","0","0","0","0","0","0","0","0","0","0","0","0","0","0","0","0","0","0","0","0","0","0","0","0","0","0","0","0","0","0","0"
"Apple Crisp A La Mode Bulk ( RM-06-109-A )","AG Alchemy","Englewood","1 lb","41 lb","22","-","20 lb","-","-","SA-06-109-A 5.6","Dog S-Wag :  3.4 %","4 w","4 w","—","SA-06-109-A :   No","Core","OK 41  /   30 lb 8 w  goal","OK 21  /   6 lb 2 w  packed","50.0 % Week  49 - 53","L-A06-REG-24-109-XXX","312","0","2 lb","4 lb","3 lb","3 lb","3 lb","3 lb","4 lb","7 lb","5 lb","4 lb","5 lb","4 lb","4 lb","7 lb","5 lb","17 lb","33 lb","47 lb","32 lb","9 lb","10 lb","5 lb","4 lb","3 lb","0","0","0","0","0","0","0","0","0","0","0","0","0","0","0","0","0","0","0","0","0","0","0","0","0","0","0","0","0","0","0","0","0","0","0","0"
"Bacon and Eggs Bulk ( RM-06-110-A )","AG Alchemy","Englewood","0 lb","41 lb","11","-","30 lb","-","-","SA-06-110-A 7.7","Dog S-Wag :  7.2 %","4 w","4 w","—","SA-06-110-A :   No","Core","Short 41  /   46 lb 8 w  goal","OK 11  /   10 lb 2 w  packed","50.0 % Week  49 - 53","L-A06-REG-24-110-XXX","898","5 lbs","4 lb","5 lb","4 lb","5 lb","5 lb","5 lb","6 lb","11 lb","8 lb","6 lb","7 lb","6 lb","7 lb","10 lb","8 lb","26 lb","51 lb","73 lb","50 lb","13 lb","16 lb","8 lb","6 lb","5 lb","0","0","0","0","0","0","0","0","0","0","0","0","0","0","0","0","0","0","0","0","0","0","0","0","0","0","0","0","0","0","0","0","0","0","0","0"
"Banana Split Bulk ( RM-06-111-A )","AG Alchemy","Englewood","2 lb","30 lb","52","-","-20 lb","-","-","SA-06-111-A 4.8","Dog S-Wag :  3.6 %","4 w","4 w","—","SA-06-111-A :   No","Core","Short 30  /   37 lb 8 w  goal","OK 50  /   8 lb 2 w  packed","50.0 % Week  49 - 53","L-A06-REG-24-111-XXX","537","7 lbs","3 lb","4 lb","4 lb","4 lb","4 lb","4 lb","5 lb","9 lb","7 lb","5 lb","6 lb","5 lb","5 lb","8 lb","7 lb","21 lb","40 lb","58 lb","40 lb","11 lb","13 lb","6 lb","4 lb","4 lb","0","0","0","0","0","0","0","0","0","0","0","0","0","0","0","0","0","0","0","0","0","0","0","0","0","0","0","0","0","0","0","0","0","0","0","0"
"Birthday Cake Bulk ( RM-06-112-A )","AG Alchemy","Englewood","1 lb","39 lb","20","-","20 lb","-","-","SA-06-112-A 4.8","Dog S-Wag :  4.0 %","4 w","4 w","—","SA-06-112-A :   No","Core","Short 39  /   42 lb 8 w  goal","OK 19  /   9 lb 2 w  packed","50.0 % Week  49 - 53","L-A06-REG-24-112-XXX","637","2 lbs","3 lb","5 lb","4 lb","4 lb","4 lb","5 lb","6 lb","10 lb","8 lb","6 lb","6 lb","5 lb","6 lb","9 lb","7 lb","23 lb","46 lb","66 lb","45 lb","12 lb","14 lb","7 lb","5 lb","5 lb","0","0","0","0","0","0","0","0","0","0","0","0","0","0","0","0","0","0","0","0","0","0","0","0","0","0","0","0","0","0","0","0","0","0","0","0"
"Blueberry Pancake Bulk ( RM-06-113-A )","AG Alchemy","Englewood","0 lb","55 lb","35","-","20 lb","-","-","SA-06-113-A 4.8","Dog S-Wag :  6.0 %","4 w","4 w","—","SA-06-113-A :   No","Core","Short 55  /   62 lb 8 w  goal","OK 35  /   13 lb 2 w  packed","50.0 % Week  49 - 53","L-A06-REG-24-113-XXX","130","7 lbs","5 lb","7 lb","6 lb","6 lb","6 lb","7 lb","9 lb","15 lb","11 lb","8 lb","10 lb","8 lb","9 lb","14 lb","11 lb","34 lb","68 lb","98 lb","67 lb","18 lb","21 lb","10 lb","7 lb","7 lb","0","0","0","0","0","0","0","0","0","0","0","0","0","0","0","0","0","0","0","0","0","0","0","0","0","0","0","0","0","0","0","0","0","0","0","0"
"Chicken and Waffles Bulk ( RM-06-114-A )","AG Alchemy","Englewood","0 lb","87 lb","26","-","62 lb","-","-","SA-06-114-A 5.3","Dog S-Wag :  10.3 %","4 w","4 w","—","SA-06-114-A :   No","Core","Short 87  /   97 lb 8 w  goal","OK 26  /   20 lb 2 w  packed","50.0 % Week  49 - 53","L-A06-REG-24-114-XXX","336","9 lbs","8 lb","12 lb","9 lb","10 lb","10 lb","11 lb","13 lb","24 lb","18 lb","13 lb","15 lb","13 lb","14 lb","22 lb","17 lb","54 lb","106 lb","153 lb","105 lb","28 lb","33 lb","16 lb","12 lb","11 lb","0","0","0","0","0","0","0","0","0","0","0","0","0","0","0","0","0","0","0","0","0","0","0","0","0","0","0","0","0","0","0","0","0","0","0","0"
"Pumpkin and Blueberry bulk ( RM-06-115-A )","AG Alchemy","Englewood","2 lb","111 lb","63","-","50 lb","-","-","SA-06-115-A 4.8","Dog S-Wag :  9.5 %","4 w","4 w","—","SA-06-115-A :   No","Core","OK 111  /   98 lb 8 w  goal","OK 61  /   20 lb 2 w  packed","50.0 % Week  49 - 53","L-A06-REG-24-115-XXX","-","0","8 lb","12 lb","9 lb","10 lb","10 lb","11 lb","14 lb","24 lb","18 lb","14 lb","15 lb","13 lb","15 lb","22 lb","18 lb","55 lb","108 lb","156 lb","107 lb","28 lb","34 lb","16 lb","12 lb","11 lb","0","0","0","0","0","0","0","0","0","0","0","0","0","0","0","0","0","0","0","0","0","0","0","0","0","0","0","0","0","0","0","0","0","0","0","0"
"Sweet Potato Pie Bulk ( RM-06-116-A )","AG Alchemy","Englewood","0 lb","0 lb","0","-","0 lb","-","-","SA-06-116-A 7.7","-","4 w","4 w","—","SA-06-116-A :   No","Legacy","—","—","50.0 % Week  49 - 53","L-A06-REG-24-116-XXX","539","0","0","0","0","0","0","0","0","0","0","0","0","0","0","0","0","0","0","0","0","0","0","0","0","0","0","0","0","0","0","0","0","0","0","0","0","0","0","0","0","0","0","0","0","0","0","0","0","0","0","0","0","0","0","0","0","0","0","0","0","0"
"Pumpkin and Cranberry Bulk ( RM-06-117-A )","AG Alchemy","Englewood","1 lb","50 lb","21","-","30 lb","-","-","SA-06-117-A 5.3","Dog S-Wag :  6.1 %","4 w","4 w","—","SA-06-117-A :   No","Core","Short 50  /   58 lb 8 w  goal","OK 20  /   12 lb 2 w  packed","50.0 % Week  49 - 53","L-A06-REG-24-117-XXX","295","7 lbs","4 lb","7 lb","5 lb","6 lb","6 lb","7 lb","8 lb","14 lb","11 lb","8 lb","9 lb","7 lb","9 lb","13 lb","10 lb","32 lb","63 lb","91 lb","62 lb","16 lb","20 lb","9 lb","7 lb","7 lb","0","0","0","0","0","0","0","0","0","0","0","0","0","0","0","0","0","0","0","0","0","0","0","0","0","0","0","0","0","0","0","0","0","0","0","0"
"Chicken and Apple Individual ( RM-06-124-A )","AG Alchemy","Englewood","1 lb","53 lb","43","-","10 lb","-","-","SA-06-124-A 4.0","Dog S-Wag :  4.7 %","4 w","4 w","—","SA-06-124-A :   No","Core","Short 53  /   58 lb 8 w  goal","OK 43  /   12 lb 2 w  packed","50.0 % Week  49 - 53","L-A06-REG-25-124-XXX","199","5 lbs","4 lb","7 lb","5 lb","6 lb","6 lb","7 lb","8 lb","14 lb","11 lb","8 lb","9 lb","7 lb","9 lb","13 lb","10 lb","32 lb","63 lb","91 lb","63 lb","16 lb","20 lb","9 lb","7 lb","7 lb","0","0","0","0","0","0","0","0","0","0","0","0","0","0","0","0","0","0","0","0","0","0","0","0","0","0","0","0","0","0","0","0","0","0","0","0"
"Meat Lovers Individual ( RM-06-125-A )","AG Alchemy","Englewood","1 lb","58 lb","1","-","58 lb","-","-","SA-06-125-A 4.0","Dog S-Wag :  6.0 %","4 w","4 w","—","SA-06-125-A :   No","Core","Short 58  /   74 lb 8 w  goal","Short 0  /   15 lb 2 w  packed","50.0 % Week  49 - 53","L-A06-REG-25-125-XXX","-","15 lbs","6 lb","9 lb","7 lb","8 lb","7 lb","8 lb","10 lb","18 lb","14 lb","10 lb","12 lb","10 lb","11 lb","17 lb","13 lb","41 lb","81 lb","117 lb","80 lb","21 lb","25 lb","12 lb","9 lb","9 lb","0","0","0","0","0","0","0","0","0","0","0","0","0","0","0","0","0","0","0","0","0","0","0","0","0","0","0","0","0","0","0","0","0","0","0","0"
"PB & J Individual ( RM-06-126-A )","AG Alchemy","Englewood","1 lb","70 lb","26","-","46 lb","-","-","SA-06-126-A 4.0","Dog S-Wag :  4.5 %","4 w","4 w","—","SA-06-126-A :   No","Core","OK 70  /   56 lb 8 w  goal","OK 24  /   11 lb 2 w  packed","50.0 % Week  49 - 53","L-A06-REG-25-126-XXX","207","0","4 lb","7 lb","5 lb","6 lb","6 lb","6 lb","8 lb","14 lb","10 lb","8 lb","9 lb","7 lb","8 lb","12 lb","10 lb","31 lb","61 lb","88 lb","61 lb","16 lb","19 lb","9 lb","7 lb","6 lb","0","0","0","0","0","0","0","0","0","0","0","0","0","0","0","0","0","0","0","0","0","0","0","0","0","0","0","0","0","0","0","0","0","0","0","0"
"PB & Carob Cookie Individual ( RM-06-127-A )","AG Alchemy","Englewood","0 lb","37 lb","18","-","19 lb","-","-","SA-06-127-A 4.0","Dog S-Wag :  3.5 %","4 w","4 w","—","SA-06-127-A :   No","Core","Short 37  /   44 lb 8 w  goal","OK 18  /   9 lb 2 w  packed","50.0 % Week  49 - 53","L-A06-REG-25-127-XXX","348","7 lbs","3 lb","5 lb","4 lb","4 lb","4 lb","5 lb","6 lb","11 lb","8 lb","6 lb","7 lb","6 lb","6 lb","10 lb","8 lb","24 lb","48 lb","69 lb","47 lb","12 lb","15 lb","7 lb","5 lb","5 lb","0","0","0","0","0","0","0","0","0","0","0","0","0","0","0","0","0","0","0","0","0","0","0","0","0","0","0","0","0","0","0","0","0","0","0","0"
"Red Velvet Individual ( RM-06-128-A )","AG Alchemy","Englewood","3 lb","41 lb","24","-","19 lb","-","-","SA-06-128-A 4.0","Dog S-Wag :  2.5 %","4 w","4 w","—","SA-06-128-A :   No","Core","OK 41  /   31 lb 8 w  goal","OK 22  /   7 lb 2 w  packed","50.0 % Week  49 - 53","L-A06-REG-25-128-XXX","-","0","2 lb","4 lb","3 lb","3 lb","3 lb","3 lb","4 lb","8 lb","6 lb","4 lb","5 lb","4 lb","5 lb","7 lb","5 lb","17 lb","34 lb","49 lb","33 lb","9 lb","11 lb","5 lb","4 lb","4 lb","0","0","0","0","0","0","0","0","0","0","0","0","0","0","0","0","0","0","0","0","0","0","0","0","0","0","0","0","0","0","0","0","0","0","0","0"
"Farmer's Market Medley Bulk ( RM-06-137-A )","AG Alchemy","Englewood","0 lb","19 lb","9","-","10 lb","-","-","SA-06-137-A 5.0","Dog S-Wag :  4.1 %","4 w","4 w","—","SA-06-137-A :   No","Core","Short 19  /   41 lb 8 w  goal","OK 9  /   9 lb 2 w  packed","50.0 % Week  49 - 53","-","-","22 lbs","3 lb","5 lb","4 lb","4 lb","4 lb","5 lb","6 lb","10 lb","7 lb","6 lb","6 lb","5 lb","6 lb","9 lb","7 lb","23 lb","45 lb","65 lb","44 lb","12 lb","14 lb","7 lb","5 lb","5 lb","0","0","0","0","0","0","0","0","0","0","0","0","0","0","0","0","0","0","0","0","0","0","0","0","0","0","0","0","0","0","0","0","0","0","0","0"
"Bacon Bits Bulk ( RM-06-138-A )","AG Alchemy","Englewood","0 lb","61 lb","41","-","20 lb","-","-","SA-06-138-A 5.0","Dog S-Wag :  7.9 %","4 w","4 w","—","SA-06-138-A :   No","Core","Short 61  /   78 lb 8 w  goal","OK 41  /   16 lb 2 w  packed","50.0 % Week  49 - 53","-","-","16 lbs","6 lb","9 lb","7 lb","8 lb","8 lb","9 lb","11 lb","19 lb","14 lb","11 lb","12 lb","10 lb","12 lb","17 lb","14 lb","43 lb","85 lb","123 lb","84 lb","22 lb","27 lb","13 lb","9 lb","9 lb","0","0","0","0","0","0","0","0","0","0","0","0","0","0","0","0","0","0","0","0","0","0","0","0","0","0","0","0","0","0","0","0","0","0","0","0"
"Better Breath Bites Bulk ( RM-06-139-A )","AG Alchemy","Englewood","0 lb","64 lb","24","-","40 lb","-","-","SA-06-139-A 5.0","Dog S-Wag :  7.7 %","4 w","4 w","—","SA-06-139-A :   No","Core","Short 64  /   76 lb 8 w  goal","OK 24  /   15 lb 2 w  packed","50.0 % Week  49 - 53","-","-","11 lbs","6 lb","9 lb","7 lb","8 lb","8 lb","9 lb","11 lb","19 lb","14 lb","10 lb","12 lb","10 lb","11 lb","17 lb","14 lb","42 lb","83 lb","120 lb","82 lb","22 lb","26 lb","12 lb","9 lb","9 lb","0","0","0","0","0","0","0","0","0","0","0","0","0","0","0","0","0","0","0","0","0","0","0","0","0","0","0","0","0","0","0","0","0","0","0","0"
"Happy Birthday Bow Tie Individual ( RM-06-071-A )","Sew Many Tails","Englewood","5","67","72","-","0","-","-","SA-06-071-A 1.0","-","4 w","4 w","—","SA-06-071-A :   Yes","Legacy","—","—","50.0 % Week  49 - 53","-","-","0","0","0","0","0","0","0","0","0","0","0","0","0","0","0","0","0","0","0","0","0","0","0","0","0","0","0","0","0","0","0","0","0","0","0","0","0","0","0","0","0","0","0","0","0","0","0","0","0","0","0","0","0","0","0","0","0","0","0","0","0"
"Striped Candy Charm Individual ( RM-06-101-A )","Sew Many Tails","Englewood","20","27","47","-","0","-","-","SA-06-101-A 1.0","-","4 w","4 w","—","SA-06-101-A :   Yes","Legacy","—","—","50.0 % Week  49 - 53","-","-","0","0","0","0","0","0","0","0","0","0","0","0","0","0","0","0","0","0","0","0","0","0","0","0","0","0","0","0","0","0","0","0","0","0","0","0","0","0","0","0","0","0","0","0","0","0","0","0","0","0","0","0","0","0","0","0","0","0","0","0","0"
"Honey Oat Bears Bulk ( RM-06-003-A )","Woofables","Englewood","1 lb","0 lb","1","-","0 lb","-","-","SA-06-003-A 7.7","-","4 w","4 w","—","SA-06-003-A :   Yes","Legacy","—","—","50.0 % Week  49 - 53","L-A06-REG-24-003-XXX","1,400","0","0","0","0","0","0","0","0","0","0","0","0","0","0","0","0","0","0","0","0","0","0","0","0","0","0","0","0","0","0","0","0","0","0","0","0","0","0","0","0","0","0","0","0","0","0","0","0","0","0","0","0","0","0","0","0","0","0","0","0","0"
"Liver Lover Hearts Bulk ( RM-06-026-A )","Woofables","Englewood","1 lb","0 lb","1","-","0 lb","-","-","SA-06-026-A 7.1","-","4 w","4 w","—","SA-06-026-A :   Yes","Legacy","—","—","50.0 % Week  49 - 53","L-A06-REG-24-026-XXX","740","0","0","0","0","0","0","0","0","0","0","0","0","0","0","0","0","0","0","0","0","0","0","0","0","0","0","0","0","0","0","0","0","0","0","0","0","0","0","0","0","0","0","0","0","0","0","0","0","0","0","0","0","0","0","0","0","0","0","0","0","0"
"Copper Cow Dubai Chocolate Latte Individual ( RM-19-087-A )","Copper Cow","—","0","9,800","0","-","0","9,800","P02061 6/8/26","SA-19-087-A","-","5 w","4 w","—","-","Legacy","—","—","50.0 % Week  49 - 53","-","-","0","0","0","0","0","0","0","0","0","0","0","0","0","0","0","0","0","0","0","0","0","0","0","0","0","0","0","0","0","0","0","0","0","0","0","0","0","0","0","0","0","0","0","0","0","0","0","0","0","0","0","0","0","0","0","0","0","0","0","0","0"
"Moonstruck Cinnamon Hot Cocoa Individual EW ( RM-21-038-E )","Moonstruck Chocolate","—","0","0","0","-","0","-","-","SA-21-038-E","-","5 w","4 w","—","-","Legacy","—","—","50.0 % Week  49 - 53","-","-","0","0","0","0","0","0","0","0","0","0","0","0","0","0","0","0","0","0","0","0","0","0","0","0","0","0","0","0","0","0","0","0","0","0","0","0","0","0","0","0","0","0","0","0","0","0","0","0","0","0","0","0","0","0","0","0","0","0","0","0","0"
"Ampersand Congo Ground Individual  (merged) ( RM-19-001-A ) , ( RM-19-001-E )","Ampersand","Taylor Englewood","50","595","185","-","0","460","P02162 8/10/26 P02129 7/26/26","SA-19-001-A 1.0 SA-19-001-E 1.0","Bakery & Cafe @TY :  0.4 % Bakery & Cafe @EW :  0.3 % Custom Mug & Treats :  0.8 %","6 w","4 w","—","Active","Core","OK 595  /   274 7 w  goal","OK 135  /   72 2 w  packed","50.0 % Week  49 - 53","C-C19-REG-22-001-XXX","1,212","0","29","43","35","38","37","41","51","88","69","51","58","48","55","82","66","248","495","731","499","133","160","75","54","54","0","0","0","0","0","0","0","0","0","0","0","0","0","0","0","0","0","0","0","0","0","0","0","0","0","0","0","0","0","0","0","0","0","0","0","0"
"Ampersand Congo Whole Bean Individual  (merged) ( RM-19-002-A ) , ( RM-19-002-E )","Ampersand","Taylor Englewood","30","623","113","-","0","540","P02162 8/10/26 P02129 7/26/26","SA-19-002-A 1.0 SA-19-002-E 1.0","Bakery & Cafe @TY :  0.5 % Bakery & Cafe @EW :  0.7 % Custom Mug & Treats :  0.1 %","6 w","4 w","—","Active","Core","OK 623  /   159 4 w  goal","OK 83  /   80 2 w  packed","50.0 % Week  49 - 53","C-C19-REG-22-002-XXX","442","0","32","48","38","41","41","45","56","97","76","56","64","53","60","91","73","274","547","807","550","147","176","83","60","58","0","0","0","0","0","0","0","0","0","0","0","0","0","0","0","0","0","0","0","0","0","0","0","0","0","0","0","0","0","0","0","0","0","0","0","0"
"Ampersand Ethiopia Ground Individual  (merged) ( RM-19-003-A ) , ( RM-19-003-E )","Ampersand","Taylor Englewood","50","466","396","-","0","120","P02162 8/10/26","SA-19-003-A 1.0 SA-19-003-E 1.0","Bakery & Cafe @TY :  0.3 % Bakery & Cafe @EW :  0.3 % Custom Mug & Treats :  0.7 %","6 w","4 w","—","Active","Core","OK 466  /   287 9 w  goal","OK 346  /   48 2 w  packed","50.0 % Week  49 - 53","C-C19-REG-22-003-XXX","574","0","19","29","23","25","25","27","34","59","46","34","39","32","36","55","44","166","330","488","333","89","107","50","36","36","0","0","0","0","0","0","0","0","0","0","0","0","0","0","0","0","0","0","0","0","0","0","0","0","0","0","0","0","0","0","0","0","0","0","0","0"
"Ampersand Ethiopia Whole Bean Individual  (merged) ( RM-19-004-A ) , ( RM-19-004-E )","Ampersand","Taylor Englewood","50","857","447","-","0","460","P02162 8/10/26 P02129 7/26/26","SA-19-004-A 1.0 SA-19-004-E 1.0","Bakery & Cafe @TY :  0.6 % Bakery & Cafe @EW :  0.8 % Custom Mug & Treats :  1.6 %","6 w","4 w","—","Active","Core","OK 857  /   398 7 w  goal","OK 397  /   105 2 w  packed","50.0 % Week  49 - 53","C-C19-REG-22-004-XXX","333","0","42","63","50","55","54","60","74","128","100","74","85","70","80","119","97","361","721","1065","726","194","233","109","79","79","0","0","0","0","0","0","0","0","0","0","0","0","0","0","0","0","0","0","0","0","0","0","0","0","0","0","0","0","0","0","0","0","0","0","0","0"
"Ampersand Honduras Ground Individual  (merged) ( RM-19-005-A ) , ( RM-19-005-E )","Ampersand","Taylor Englewood","50","934","384","-","0","600","P02162 8/10/26 P02108 7/7/26","SA-19-005-A 1.0 SA-19-005-E 1.0","Bakery & Cafe @TY :  0.7 % Bakery & Cafe @EW :  0.7 % Custom Mug & Treats :  1.0 %","6 w","4 w","—","Active","Core","OK 934  /   234 4 w  goal","OK 334  /   117 2 w  packed","50.0 % Week  49 - 53","C-C19-REG-22-005-XXX","926","0","47","70","56","61","60","67","82","143","111","82","95","78","89","133","108","402","802","1185","808","215","259","121","87","87","0","0","0","0","0","0","0","0","0","0","0","0","0","0","0","0","0","0","0","0","0","0","0","0","0","0","0","0","0","0","0","0","0","0","0","0"
"Ampersand Honduras Whole Bean Individual  (merged) ( RM-19-006-A ) , ( RM-19-006-E )","Ampersand","Taylor Englewood","50","1,196","386","-","0","860","P02162 8/10/26 P02129 7/26/26","SA-19-006-A 1.0 SA-19-006-E 1.0","Bakery & Cafe @TY :  1.0 % Bakery & Cafe @EW :  1.0 % Custom Mug & Treats :  2.2 %","6 w","4 w","—","Active","Core","OK 1196  /   328 4 w  goal","OK 336  /   164 2 w  packed","50.0 % Week  49 - 53","C-C19-REG-22-006-XXX","175","10","66","98","79","85","84","94","115","200","156","115","132","109","124","187","151","563","1123","1659","1131","302","362","170","122","122","0","0","0","0","0","0","0","0","0","0","0","0","0","0","0","0","0","0","0","0","0","0","0","0","0","0","0","0","0","0","0","0","0","0","0","0"
"Ampersand Peru Ground Individual  (merged) ( RM-19-009-A ) , ( RM-19-009-E )","Ampersand","Taylor Englewood","50","1,069","1,119","-","0","-","-","SA-19-009-A 1.0 SA-19-009-E 1.0","Bakery & Cafe @TY :  0.9 % Bakery & Cafe @EW :  1.0 % Custom Mug & Treats :  1.7 %","6 w","4 w","—","Active","Core","OK 1069  /   1,002 10 w  goal","OK 1069  /   150 2 w  packed","50.0 % Week  49 - 53","C-C19-REG-22-009-XXX","4,622","0","60","90","72","78","77","86","106","184","143","106","122","100","114","172","139","518","1034","1527","1041","278","333","156","113","112","0","0","0","0","0","0","0","0","0","0","0","0","0","0","0","0","0","0","0","0","0","0","0","0","0","0","0","0","0","0","0","0","0","0","0","0"
"Ampersand Peru Whole Bean Individual  (merged) ( RM-19-010-A ) , ( RM-19-010-E )","Ampersand","Taylor Englewood","50","1,801","1,751","-","0","100","P02162 8/10/26","SA-19-010-A 1.0 SA-19-010-E 1.0","Bakery & Cafe @TY :  1.2 % Bakery & Cafe @EW :  1.3 % Custom Mug & Treats :  1.0 %","6 w","4 w","—","Active","Core","OK 1801  /   1,190 9 w  goal","OK 1701  /   199 2 w  packed","50.0 % Week  49 - 53","C-C19-REG-22-010-XXX","7,293","3","80","119","96","104","102","114","141","244","190","141","161","133","151","228","184","687","1370","2024","1380","368","442","207","149","147","0","0","0","0","0","0","0","0","0","0","0","0","0","0","0","0","0","0","0","0","0","0","0","0","0","0","0","0","0","0","0","0","0","0","0","0"
"Ampersand Sumatra Ground Individual  (merged) ( RM-19-011-A ) , ( RM-19-011-E )","Ampersand","Taylor Englewood","50","779","289","-","0","540","P02162 8/10/26 P02129 7/26/26","SA-19-011-A 1.0 SA-19-011-E 1.0","Bakery & Cafe @TY :  0.6 % Bakery & Cafe @EW :  0.8 % Custom Mug & Treats :  1.6 %","6 w","4 w","—","Active","Core","OK 779  /   200 4 w  goal","OK 239  /   100 2 w  packed","50.0 % Week  49 - 53","C-C19-REG-22-011-XXX","946","0","40","60","48","52","51","57","70","123","95","71","81","67","76","114","92","345","688","1017","693","185","222","104","75","75","0","0","0","0","0","0","0","0","0","0","0","0","0","0","0","0","0","0","0","0","0","0","0","0","0","0","0","0","0","0","0","0","0","0","0","0"
"Ampersand Sumatra Whole Bean Individual  (merged) ( RM-19-012-A ) , ( RM-19-012-E )","Ampersand","Taylor Englewood","50","1,039","329","-","0","760","P02162 8/10/26 P02129 7/26/26","SA-19-012-A 1.0 SA-19-012-E 1.0","Bakery & Cafe @TY :  0.8 % Bakery & Cafe @EW :  1.0 % Custom Mug & Treats :  0.7 %","6 w","4 w","—","Active","Core","OK 1039  /   268 4 w  goal","OK 279  /   134 2 w  packed","50.0 % Week  49 - 53","C-C19-REG-22-012-XXX","1,741","0","54","80","64","70","69","77","94","164","128","94","108","89","102","153","123","461","921","1360","927","247","297","139","100","99","0","0","0","0","0","0","0","0","0","0","0","0","0","0","0","0","0","0","0","0","0","0","0","0","0","0","0","0","0","0","0","0","0","0","0","0"
"Copper Cow Classic Latte Individual  (merged) ( RM-19-066-A ) , ( RM-19-066-E )","Copper Cow","Taylor Englewood","100","2,002","1,402","-","0","700","P02161 8/10/26","SA-19-066-A 0.5 SA-19-066-E 0.5","Bakery & Cafe @TY :  0.7 % Bakery & Cafe @EW :  0.7 % Custom Mug & Treats :  0.7 %","5 w","4 w","—","Active","Core","OK 2002  /   1,138 8 w  goal","OK 1302  /   227 2 w  packed","50.0 % Week  49 - 53","C-C19-REG-22-066-XXX, C-CXX-REG-22-XXX-XXX","15,368","0","91","136","109","118","116","130","160","278","216","160","184","151","172","259","209","781","1558","2302","1569","418","503","235","170","168","0","0","0","0","0","0","0","0","0","0","0","0","0","0","0","0","0","0","0","0","0","0","0","0","0","0","0","0","0","0","0","0","0","0","0","0"
"Copper Cow Salted Caramel Latte Individual  (merged) ( RM-19-067-A ) , ( RM-19-067-E )","Copper Cow","Taylor Englewood","100","2,544","1,944","-","0","700","P02161 8/10/26","SA-19-067-A 0.5 SA-19-067-E 0.5","Bakery & Cafe @TY :  1.2 % Bakery & Cafe @EW :  1.7 % Custom Mug & Treats :  1.2 %","5 w","4 w","—","Active","Core","OK 2544  /   2,078 8 w  goal","OK 1844  /   414 2 w  packed","50.0 % Week  49 - 53","C-C19-REG-22-067-XXX","728","28","166","248","199","216","212","237","292","508","395","292","335","276","314","472","381","1427","2849","4209","2869","765","920","430","310","306","0","0","0","0","0","0","0","0","0","0","0","0","0","0","0","0","0","0","0","0","0","0","0","0","0","0","0","0","0","0","0","0","0","0","0","0"
"Copper Cow Churro Latte Individual  (merged) ( RM-19-068-A ) , ( RM-19-068-E )","Copper Cow","Taylor Englewood","100","2,292","1,692","-","0","700","P02161 8/10/26","SA-19-068-A 0.5 SA-19-068-E 0.5","Bakery & Cafe @TY :  0.9 % Bakery & Cafe @EW :  0.8 % Custom Mug & Treats :  1.8 %","5 w","4 w","—","Active","Core","OK 2292  /   1,518 8 w  goal","OK 1592  /   302 2 w  packed","50.0 % Week  49 - 53","C-C19-REG-22-068-XXX","4,500","0","121","181","146","158","155","173","214","370","289","213","245","202","230","346","279","1043","2080","3073","2094","559","671","314","227","226","0","0","0","0","0","0","0","0","0","0","0","0","0","0","0","0","0","0","0","0","0","0","0","0","0","0","0","0","0","0","0","0","0","0","0","0"
"Copper Cow Creamer ( RM-19-072-A )","Copper Cow","Englewood Taylor","400","16,424","6,572","-","452","9,800","P02161 8/10/26 P02061 6/8/26","","Bakery & Cafe @EW :  4.2 % Bakery & Cafe @TY :  3.7 % Custom Mug & Treats :  4.9 %","5 w","4 w","—","4  Disc 8  Active","Core","—","—","50.0 % Week  49 - 53","C-C19-REG-22-031-XXX, C-C19-REG-22-032-XXX, C-C19-REG-22-033-XXX, C-C19-REG-22-066-XXX, C-C19-REG-22-067-XXX, C-C19-REG-22-068-XXX, C-C19-REG-22-077-XXX, C-CXX-REG-22-XXX-XXX","54,526","0","510","762","613","664","652","729","897","1558","1214","898","1031","848","967","1453","1173","4385","8750","12923","8810","2350","2823","1322","954","944","0","0","0","0","0","0","0","0","0","0","0","0","0","0","0","0","0","0","0","0","0","0","0","0","0","0","0","0","0","0","0","0","0","0","0","0"
"Copper Cow Vanilla Latte Individual  (merged) ( RM-19-077-A ) , ( RM-19-077-E )","Copper Cow","Taylor Englewood","100","2,134","1,534","-","0","700","P02161 8/10/26","SA-19-077-A 0.5 SA-19-077-E 0.5","Bakery & Cafe @TY :  1.0 % Bakery & Cafe @EW :  1.0 % Custom Mug & Treats :  1.2 %","5 w","4 w","—","Active","Core","OK 2134  /   1,651 8 w  goal","OK 1434  /   329 2 w  packed","50.0 % Week  49 - 53","C-C19-REG-22-077-XXX","5,758","0","132","197","158","172","169","188","232","403","314","232","267","219","250","376","303","1134","2261","3340","2277","607","729","342","246","244","0","0","0","0","0","0","0","0","0","0","0","0","0","0","0","0","0","0","0","0","0","0","0","0","0","0","0","0","0","0","0","0","0","0","0","0"
"Rock Sugar Swizzle Sticks Individual  ( RM-19-044-A )","Matcha Outlet","Englewood","100","140","240","-","0","-","-","SA-19-044-A 0.3","-","4 w","4 w","—","SA-19-044-A :   Yes SA-19-044-E :   Yes","Legacy","—","—","50.0 % Week  49 - 53","C-C19-REG-22-044-XXX","2,977","0","0","0","0","0","0","0","0","0","0","0","0","0","0","0","0","0","0","0","0","0","0","0","0","0","0","0","0","0","0","0","0","0","0","0","0","0","0","0","0","0","0","0","0","0","0","0","0","0","0","0","0","0","0","0","0","0","0","0","0","0"
"Moonstruck Mint Hot Cocoa Individual (merged) ( RM-21-037-A ) , ( RM-21-037-E )","Moonstruck Chocolate","Taylor Englewood","100","1,908","1,458","-","0","550","P02163 8/10/26","SA-21-037-A 0.5 SA-21-037-E 0.5","Bakery & Cafe @TY :  0.9 % Bakery & Cafe @EW :  0.5 % Custom Mug & Treats :  1.0 %","5 w","4 w","—","Active","Core","OK 1908  /   1,501 8 w  goal","OK 1358  /   299 2 w  packed","50.0 % Week  49 - 53","C-C21-REG-22-037-XXX","3,635","135","120","179","144","156","153","172","211","366","286","211","243","200","228","343","276","1032","2055","3035","2069","552","663","311","224","222","0","0","0","0","0","0","0","0","0","0","0","0","0","0","0","0","0","0","0","0","0","0","0","0","0","0","0","0","0","0","0","0","0","0","0","0"
"Moonstruck Horchata Hot Cocoa Individual EW ( RM-21-073-E )","Moonstruck Chocolate","Englewood","20","92","112","-","0","-","-","SA-21-073-E 0.5","-","5 w","4 w","—","SA-21-073-E :   Yes","Legacy","—","—","50.0 % Week  49 - 53","-","-","0","0","0","0","0","0","0","0","0","0","0","0","0","0","0","0","0","0","0","0","0","0","0","0","0","0","0","0","0","0","0","0","0","0","0","0","0","0","0","0","0","0","0","0","0","0","0","0","0","0","0","0","0","0","0","0","0","0","0","0","0"
"Moonstruck Dark Chocolate Hot Cocoa Individual (merged) ( RM-21-074-A ) , ( RM-21-074-E )","Moonstruck Chocolate","Taylor Englewood","100","2,658","2,408","-","0","350","P02163 8/10/26","SA-21-074-A 0.5 SA-21-074-E 0.5","Bakery & Cafe @TY :  1.3 % Bakery & Cafe @EW :  0.7 % Custom Mug & Treats :  1.4 %","5 w","4 w","—","Active","Core","OK 2658  /   2,201 8 w  goal","OK 2308  /   438 2 w  packed","50.0 % Week  49 - 53","C-C21-REG-22-074-XXX","3,380","156","176","262","211","229","225","252","310","536","419","309","356","293","334","502","405","1512","3012","4447","3032","808","971","455","328","325","0","0","0","0","0","0","0","0","0","0","0","0","0","0","0","0","0","0","0","0","0","0","0","0","0","0","0","0","0","0","0","0","0","0","0","0"
"Moonstruck Milk Chocolate Hot Cocoa Individual (merged) ( RM-21-075-A ) , ( RM-21-075-E )","Moonstruck Chocolate","Taylor Englewood","100","2,308","908","-","0","1,500","P02163 8/10/26","SA-21-075-A 0.5 SA-21-075-E 0.5","Bakery & Cafe @TY :  1.1 % Bakery & Cafe @EW :  0.8 % Custom Mug & Treats :  1.9 %","5 w","4 w","—","Active","Core","OK 2308  /   1,840 8 w  goal","OK 808  /   366 2 w  packed","50.0 % Week  49 - 53","C-C21-REG-22-075-XXX","20,373","9","147","219","177","191","188","210","259","449","350","259","297","245","279","419","338","1264","2520","3721","2537","676","812","381","275","273","0","0","0","0","0","0","0","0","0","0","0","0","0","0","0","0","0","0","0","0","0","0","0","0","0","0","0","0","0","0","0","0","0","0","0","0"
"Moonstruck Golden Milk Hot Cocoa Individual (merged) ( RM-21-076-A ) , ( RM-21-076-E )","Moonstruck Chocolate","Taylor Englewood","100","1,248","848","-","0","500","P02163 8/10/26","SA-21-076-A 0.5 SA-21-076-E 0.5","Bakery & Cafe @TY :  0.5 % Bakery & Cafe @EW :  0.7 % Custom Mug & Treats :  0.3 %","5 w","4 w","—","Active","Core","OK 1248  /   911 8 w  goal","OK 748  /   182 2 w  packed","50.0 % Week  49 - 53","C-C21-REG-22-076-XXX","11,608","85","73","109","87","95","93","104","128","222","173","128","147","121","138","207","167","625","1248","1843","1257","335","403","188","136","133","0","0","0","0","0","0","0","0","0","0","0","0","0","0","0","0","0","0","0","0","0","0","0","0","0","0","0","0","0","0","0","0","0","0","0","0"
" Cusa Lemon Black Tea 4pk ( RM-20-072-A )","Cusa Tea","—","0","0","0","-","0","-","-","SA-20-072-A","-","4 w","4 w","—","-","Legacy","—","—","50.0 % Week  49 - 53","-","-","0","0","0","0","0","0","0","0","0","0","0","0","0","0","0","0","0","0","0","0","0","0","0","0","0","0","0","0","0","0","0","0","0","0","0","0","0","0","0","0","0","0","0","0","0","0","0","0","0","0","0","0","0","0","0","0","0","0","0","0","0"
"Cusa Jasmine Green Tea 4pk ( RM-20-074-A )","Cusa Tea","—","0","0","0","-","0","-","-","SA-20-074-A","-","4 w","4 w","—","-","Legacy","—","—","50.0 % Week  49 - 53","-","-","0","0","0","0","0","0","0","0","0","0","0","0","0","0","0","0","0","0","0","0","0","0","0","0","0","0","0","0","0","0","0","0","0","0","0","0","0","0","0","0","0","0","0","0","0","0","0","0","0","0","0","0","0","0","0","0","0","0","0","0","0"
"Cusa Mango Green Tea 4pk ( RM-20-075-A )","Cusa Tea","—","0","0","0","-","0","-","-","SA-20-075-A","-","4 w","4 w","—","-","Legacy","—","—","50.0 % Week  49 - 53","-","-","0","0","0","0","0","0","0","0","0","0","0","0","0","0","0","0","0","0","0","0","0","0","0","0","0","0","0","0","0","0","0","0","0","0","0","0","0","0","0","0","0","0","0","0","0","0","0","0","0","0","0","0","0","0","0","0","0","0","0","0","0"
"Cusa Spicy Chai Tea 4pk ( RM-20-078-A )","Cusa Tea","—","0","0","0","-","0","-","-","SA-20-078-A","-","4 w","4 w","—","-","Legacy","—","—","50.0 % Week  49 - 53","-","-","0","0","0","0","0","0","0","0","0","0","0","0","0","0","0","0","0","0","0","0","0","0","0","0","0","0","0","0","0","0","0","0","0","0","0","0","0","0","0","0","0","0","0","0","0","0","0","0","0","0","0","0","0","0","0","0","0","0","0","0","0"
"Cusa Immune Boost Herbal Tea 4pk ( RM-20-079-A )","Cusa Tea","—","0","0","0","-","0","-","-","SA-20-079-A","-","4 w","4 w","—","-","Legacy","—","—","50.0 % Week  49 - 53","-","-","0","0","0","0","0","0","0","0","0","0","0","0","0","0","0","0","0","0","0","0","0","0","0","0","0","0","0","0","0","0","0","0","0","0","0","0","0","0","0","0","0","0","0","0","0","0","0","0","0","0","0","0","0","0","0","0","0","0","0","0","0"
"Teatulia Black Tea Individual  ( RM-20-053-A )","Teatulia","—","0","0","0","-","0","-","-","SA-20-053-A","-","2 w","6 w","—","-","Legacy","—","—","50.0 % Week  49 - 53","-","-","0","0","0","0","0","0","0","0","0","0","0","0","0","0","0","0","0","0","0","0","0","0","0","0","0","0","0","0","0","0","0","0","0","0","0","0","0","0","0","0","0","0","0","0","0","0","0","0","0","0","0","0","0","0","0","0","0","0","0","0","0"
"Teatulia Masala Chai Tea Individual  ( RM-20-054-A )","Teatulia","—","0","0","0","-","0","-","-","SA-20-054-A","-","2 w","6 w","—","-","Legacy","—","—","50.0 % Week  49 - 53","-","-","0","0","0","0","0","0","0","0","0","0","0","0","0","0","0","0","0","0","0","0","0","0","0","0","0","0","0","0","0","0","0","0","0","0","0","0","0","0","0","0","0","0","0","0","0","0","0","0","0","0","0","0","0","0","0","0","0","0","0","0","0"
"Art of Tea Jasmine Reserve Tea Individual  (merged) ( RM-20-045-A ) , ( RM-20-045-E )","Art of Tea","Taylor Englewood","252","3,256","2,930","-","578","-","-","","Bakery & Cafe @TY :  0.6 % Bakery & Cafe @EW :  0.7 % Custom Mug & Treats :  1.8 %","6 w","4 w","—","Active","Core","Short 3256  /   3,322 10 w  goal","OK 2678  /   498 2 w  packed","50.0 % Week  49 - 53","C-C20-REG-22-045-XXX","-","334","200","298","239","259","255","285","351","609","475","351","403","331","378","568","458","1714","3421","5054","3445","919","1104","517","373","375","0","0","0","0","0","0","0","0","0","0","0","0","0","0","0","0","0","0","0","0","0","0","0","0","0","0","0","0","0","0","0","0","0","0","0","0"
"Art of Tea White Coconut Creme Tea Individual  (merged) ( RM-20-047-A ) , ( RM-20-047-E )","Art of Tea","Taylor Englewood","252","3,765","2,840","-","1,177","-","-","","Bakery & Cafe @TY :  0.6 % Bakery & Cafe @EW :  0.8 % Custom Mug & Treats :  0.9 %","6 w","4 w","—","Active","Core","OK 3765  /   3,756 10 w  goal","OK 2588  /   563 2 w  packed","50.0 % Week  49 - 53","C-C20-REG-22-047-XXX","40","278","226","337","271","293","288","322","396","689","537","397","456","375","427","642","518","1938","3869","5715","3896","1039","1248","584","422","417","0","0","0","0","0","0","0","0","0","0","0","0","0","0","0","0","0","0","0","0","0","0","0","0","0","0","0","0","0","0","0","0","0","0","0","0"
"Art of Tea Green Pomegranate Tea Individual  (merged) ( RM-20-048-A ) , ( RM-20-048-E )","Art of Tea","Taylor Englewood","250","2,985","3,235","-","0","-","-","SA-20-048-A 0.2 SA-20-048-E 0.2","Bakery & Cafe @TY :  0.5 % Bakery & Cafe @EW :  0.8 % Custom Mug & Treats :  1.2 %","6 w","4 w","—","Active","Core","Short 2985  /   3,173 10 w  goal","OK 2985  /   476 2 w  packed","50.0 % Week  49 - 53","C-C20-REG-22-048-XXX","315","538","191","285","229","248","244","271","335","582","453","335","384","316","361","541","437","1636","3269","4830","3292","878","1055","494","356","355","0","0","0","0","0","0","0","0","0","0","0","0","0","0","0","0","0","0","0","0","0","0","0","0","0","0","0","0","0","0","0","0","0","0","0","0"
"Art of Tea Happy Tea Individual  (merged) ( RM-20-049-A ) , ( RM-20-049-E )","Art of Tea","Taylor Englewood","250","4,425","3,675","-","1,000","-","-","SA-20-049-A 0.2 SA-20-049-E 0.2","Bakery & Cafe @TY :  0.9 % Bakery & Cafe @EW :  0.7 % Custom Mug & Treats :  1.2 %","6 w","4 w","—","Active","Core","Short 4425  /   4,753 10 w  goal","OK 3425  /   712 2 w  packed","50.0 % Week  49 - 53","C-C20-REG-22-049-XXX","-","775","286","426","343","371","365","408","502","871","679","502","577","475","541","814","656","2454","4892","7224","4924","1313","1577","739","533","528","0","0","0","0","0","0","0","0","0","0","0","0","0","0","0","0","0","0","0","0","0","0","0","0","0","0","0","0","0","0","0","0","0","0","0","0"
"Art of Tea Dark Chocolate Peppermint Tea Individual  (merged) ( RM-20-050-A ) , ( RM-20-050-E )","Art of Tea","Taylor Englewood","250","3,465","2,715","-","1,000","-","-","SA-20-050-A 0.2 SA-20-050-E 0.2","Bakery & Cafe @TY :  0.5 % Bakery & Cafe @EW :  0.7 % Custom Mug & Treats :  0.7 %","6 w","4 w","—","Active","Core","OK 3465  /   2,931 10 w  goal","OK 2465  /   439 2 w  packed","50.0 % Week  49 - 53","C-C20-REG-22-050-XXX","1,358","0","176","263","211","229","225","251","309","538","419","310","355","292","333","500","404","1512","3018","4458","3039","811","974","456","329","326","0","0","0","0","0","0","0","0","0","0","0","0","0","0","0","0","0","0","0","0","0","0","0","0","0","0","0","0","0","0","0","0","0","0","0","0"
"Art of Tea French Lemon Ginger Tea Individual  (merged) ( RM-20-051-A ) , ( RM-20-051-E )","Art of Tea","Taylor Englewood","252","4,433","3,550","-","1,135","-","-","","Bakery & Cafe @TY :  0.6 % Bakery & Cafe @EW :  0.8 % Custom Mug & Treats :  1.3 %","6 w","4 w","—","Active","Core","OK 4433  /   3,600 10 w  goal","OK 3298  /   539 2 w  packed","50.0 % Week  49 - 53","C-CXX-REG-22-XXX-XXX","15,860","0","216","323","260","281","276","308","380","661","515","380","437","359","410","615","497","1858","3710","5481","3736","997","1197","560","404","403","0","0","0","0","0","0","0","0","0","0","0","0","0","0","0","0","0","0","0","0","0","0","0","0","0","0","0","0","0","0","0","0","0","0","0","0"
"Art of Tea Bright Eye Tumeric Ginger Tea Individual  (merged) ( RM-20-052-A ) , ( RM-20-052-E )","Art of Tea","Taylor Englewood","250","4,725","3,975","-","1,000","-","-","SA-20-052-A 0.2 SA-20-052-E 0.2","Bakery & Cafe @TY :  0.7 % Bakery & Cafe @EW :  0.8 % Custom Mug & Treats :  0.7 %","6 w","4 w","—","Active","Core","OK 4725  /   4,128 10 w  goal","OK 3725  /   618 2 w  packed","50.0 % Week  49 - 53","C-C20-REG-22-052-XXX","6,904","0","248","370","298","322","317","354","436","757","590","436","501","412","470","706","570","2130","4250","6277","4279","1141","1371","642","463","457","0","0","0","0","0","0","0","0","0","0","0","0","0","0","0","0","0","0","0","0","0","0","0","0","0","0","0","0","0","0","0","0","0","0","0","0"
"Art of Tea Earl Grey Creme Sachets Individual  (merged) ( RM-20-065-A ) , ( RM-20-065-E )","Art of Tea","Taylor Englewood","252","5,008","3,055","-","2,205","-","-","","Bakery & Cafe @TY :  0.6 % Bakery & Cafe @EW :  1.0 % Custom Mug & Treats :  7.1 %","6 w","4 w","—","Active","Core","OK 5008  /   3,603 10 w  goal","OK 2803  /   541 2 w  packed","50.0 % Week  49 - 53","C-C20-REG-22-065-XXX","4,771","0","217","324","260","281","277","308","380","661","515","380","436","359","410","615","497","1864","3727","5506","3751","1002","1203","562","405","440","0","0","0","0","0","0","0","0","0","0","0","0","0","0","0","0","0","0","0","0","0","0","0","0","0","0","0","0","0","0","0","0","0","0","0","0"
"Art of Tea Apricot Escape Tea Individual  ( RM-20-070-A )","Art of Tea","Englewood Taylor","302","3,443","3,745","-","0","-","-","FG-48-003-A 0.5 SA-20-070-A 0.2 SA-39-088-A 0.1 SA-48-054-A 0.5","Bakery & Cafe @EW :  1.2 % Bakery & Cafe @TY :  0.6 % Custom Mug & Treats :  0.4 %","6 w","4 w","—","5  Active","Core","Short 3443  /   3,472 10 w  goal","OK 3443  /   522 2 w  packed","50.0 % Week  49 - 53","C-C20-REG-22-070-XXX","1,475","28","208","313","250","271","267","296","366","638","496","367","420","345","394","591","478","1789","3579","5288","3605","962","1156","540","390","383","0","0","0","0","0","0","0","0","0","0","0","0","0","0","0","0","0","0","0","0","0","0","0","0","0","0","0","0","0","0","0","0","0","0","0","0"
"Art of Tea Egyptian Chamomile Tea Individual (merged) ( RM-20-081-A ) , ( RM-20-081-E )","Art of Tea","Taylor Englewood","177","3,294","2,365","-","1,106","-","-","","Bakery & Cafe @TY :  0.6 % Bakery & Cafe @EW :  0.7 % Custom Mug & Treats :  1.5 %","6 w","4 w","—","Active","Core","Short 3294  /   3,691 10 w  goal","OK 2188  /   553 2 w  packed","50.0 % Week  49 - 53","C-C20-REG-22-081-XXX","1,825","638","222","331","266","288","283","317","390","677","527","390","448","368","420","631","509","1905","3801","5613","3826","1021","1226","574","414","414","0","0","0","0","0","0","0","0","0","0","0","0","0","0","0","0","0","0","0","0","0","0","0","0","0","0","0","0","0","0","0","0","0","0","0","0"
"Art of Tea Masala Chai Individual (merged) ( RM-20-082-A ) , ( RM-20-082-E )","Art of Tea","Taylor Englewood","252","3,967","3,110","-","1,109","-","-","","Bakery & Cafe @TY :  0.6 % Bakery & Cafe @EW :  0.7 % Custom Mug & Treats :  1.3 %","6 w","4 w","—","Active","Core","OK 3967  /   3,634 10 w  goal","OK 2858  /   544 2 w  packed","50.0 % Week  49 - 53","C-C20-REG-22-054-XXX","57","500","218","326","262","284","279","312","384","666","519","384","441","363","413","621","501","1875","3741","5525","3766","1004","1207","565","408","406","0","0","0","0","0","0","0","0","0","0","0","0","0","0","0","0","0","0","0","0","0","0","0","0","0","0","0","0","0","0","0","0","0","0","0","0"
"Art of Tea English Breakfast Individual (merged) ( RM-20-083-A ) , ( RM-20-083-E )","Art of Tea","Taylor Englewood","252","3,182","2,315","-","1,119","-","-","","Bakery & Cafe @TY :  0.5 % Bakery & Cafe @EW :  0.5 % Custom Mug & Treats :  0.2 %","6 w","4 w","—","Active","Core","OK 3182  /   2,740 10 w  goal","OK 2063  /   411 2 w  packed","50.0 % Week  49 - 53","C-CXX-REG-22-XXX-XXX","15,860","3","165","246","198","214","210","235","289","502","392","289","333","274","312","469","378","1414","2820","4165","2839","757","910","426","307","302","0","0","0","0","0","0","0","0","0","0","0","0","0","0","0","0","0","0","0","0","0","0","0","0","0","0","0","0","0","0","0","0","0","0","0","0"
"Iced Pumpkin Spice Individual ( RM-03-048-A )","C. Kreugers","—","0","0","0","-","0","-","-","SA-03-048-A","-","5 w","4 w","—","-","Legacy","—","—","0 % Week  49 - 53","-","-","0","0","0","0","0","0","0","0","0","0","0","0","0","0","0","0","0","0","0","0","0","0","0","0","0","0","0","0","0","0","0","0","0","0","0","0","0","0","0","0","0","0","0","0","0","0","0","0","0","0","0","0","0","0","0","0","0","0","0","0","0"
"Iced Pumpkin Spice Individual EW ( RM-03-048-E )","C. Kreugers","—","0","0","0","-","0","-","-","SA-03-048-E","-","5 w","4 w","—","-","Legacy","—","—","0 % Week  49 - 53","-","-","0","0","0","0","0","0","0","0","0","0","0","0","0","0","0","0","0","0","0","0","0","0","0","0","0","0","0","0","0","0","0","0","0","0","0","0","0","0","0","0","0","0","0","0","0","0","0","0","0","0","0","0","0","0","0","0","0","0","0","0","0"
"Salted Caramel Individual ( RM-03-080-A )","Cravory","—","0","0","0","-","0","-","-","SA-03-080-A","-","4 w","4 w","—","-","Legacy","—","—","50.0 % Week  49 - 53","-","-","0","0","0","0","0","0","0","0","0","0","0","0","0","0","0","0","0","0","0","0","0","0","0","0","0","0","0","0","0","0","0","0","0","0","0","0","0","0","0","0","0","0","0","0","0","0","0","0","0","0","0","0","0","0","0","0","0","0","0","0","0"
"Red Velvet Individual ( RM-03-082-A )","Cravory","—","0","0","0","-","0","-","-","SA-03-082-A","-","4 w","4 w","—","-","Legacy","—","—","50.0 % Week  49 - 53","-","-","0","0","0","0","0","0","0","0","0","0","0","0","0","0","0","0","0","0","0","0","0","0","0","0","0","0","0","0","0","0","0","0","0","0","0","0","0","0","0","0","0","0","0","0","0","0","0","0","0","0","0","0","0","0","0","0","0","0","0","0","0"
"Double Chocolate Individual ( RM-03-087-A )","Cravory","—","0","0","0","-","0","-","-","SA-03-087-A","-","4 w","4 w","—","-","Legacy","—","—","50.0 % Week  49 - 53","-","-","0","0","0","0","0","0","0","0","0","0","0","0","0","0","0","0","0","0","0","0","0","0","0","0","0","0","0","0","0","0","0","0","0","0","0","0","0","0","0","0","0","0","0","0","0","0","0","0","0","0","0","0","0","0","0","0","0","0","0","0","0"
"Gingerbread Spice Individual ( RM-03-092-A )","Cravory","—","0","0","0","-","0","-","-","SA-03-092-A","-","4 w","4 w","—","-","Legacy","—","—","50.0 % Week  49 - 53","-","-","0","0","0","0","0","0","0","0","0","0","0","0","0","0","0","0","0","0","0","0","0","0","0","0","0","0","0","0","0","0","0","0","0","0","0","0","0","0","0","0","0","0","0","0","0","0","0","0","0","0","0","0","0","0","0","0","0","0","0","0","0"
"Stuffed Cookies & Cream Individual ( RM-03-014-A )","D'vine","—","0","0","0","-","0","-","-","SA-03-014-A","-","7 w","6 w","—","-","Legacy","—","—","50.0 % Week  49 - 53","-","-","0","0","0","0","0","0","0","0","0","0","0","0","0","0","0","0","0","0","0","0","0","0","0","0","0","0","0","0","0","0","0","0","0","0","0","0","0","0","0","0","0","0","0","0","0","0","0","0","0","0","0","0","0","0","0","0","0","0","0","0","0"
"Stuffed Chocolate Caramel Pretzel Individual ( RM-03-015-A )","D'vine","—","0","0","0","-","0","-","-","SA-03-015-A","-","7 w","6 w","—","-","Legacy","—","—","50.0 % Week  49 - 53","-","-","0","0","0","0","0","0","0","0","0","0","0","0","0","0","0","0","0","0","0","0","0","0","0","0","0","0","0","0","0","0","0","0","0","0","0","0","0","0","0","0","0","0","0","0","0","0","0","0","0","0","0","0","0","0","0","0","0","0","0","0","0"
"Stuffed Peanut Butter Nutella Individual ( RM-03-019-A )","D'vine","—","0","0","0","-","0","-","-","SA-03-019-A","-","7 w","6 w","—","-","Legacy","—","—","50.0 % Week  49 - 53","-","-","0","0","0","0","0","0","0","0","0","0","0","0","0","0","0","0","0","0","0","0","0","0","0","0","0","0","0","0","0","0","0","0","0","0","0","0","0","0","0","0","0","0","0","0","0","0","0","0","0","0","0","0","0","0","0","0","0","0","0","0","0"
"Sprinkles Individual (merged) ( RM-03-095-A ) , ( RM-03-095-E )","Brownie Points","Taylor Englewood","50","2,118","1,168","-","0","1,000","P02154 8/5/26","SA-03-095-A 1.0 SA-03-095-E 1.0","Bakery & Cafe @TY :  2.2 % Bakery & Cafe @EW :  2.0 % Custom Mug & Treats :  1.7 %","6 w","4 w","—","Active","Core","OK 2118  /   1,865 8 w  goal","OK 1118  /   372 2 w  packed","50.0 % Week  49 - 53","C-C03-REG-25-095-XXX","7,343","385","149","223","179","194","190","213","262","455","355","262","301","248","283","425","343","1281","2555","3774","2573","686","824","386","279","274","0","0","0","0","0","0","0","0","0","0","0","0","0","0","0","0","0","0","0","0","0","0","0","0","0","0","0","0","0","0","0","0","0","0","0","0"
"Classic Chocolate Chip Individual (merged) ( RM-03-096-A ) , ( RM-03-096-E )","Brownie Points","Taylor Englewood","50","3,307","1,257","-","0","2,100","P02154 8/5/26","SA-03-096-A 1.0 SA-03-096-E 1.0","Bakery & Cafe @TY :  3.5 % Bakery & Cafe @EW :  5.2 % Custom Mug & Treats :  2.2 %","6 w","4 w","—","Active","Core","OK 3307  /   3,134 8 w  goal","OK 1207  /   625 2 w  packed","50.0 % Week  49 - 53","C-C03-REG-25-096-XXX","5,100","864","250","375","301","326","320","357","440","765","596","441","506","416","474","712","575","2151","4296","6346","4326","1154","1386","649","468","460","0","0","0","0","0","0","0","0","0","0","0","0","0","0","0","0","0","0","0","0","0","0","0","0","0","0","0","0","0","0","0","0","0","0","0","0"
"Double Fudge Individual (merged) ( RM-03-097-A ) , ( RM-03-097-E )","Brownie Points","Taylor Englewood","50","3,225","1,675","-","0","1,600","P02154 8/5/26","SA-03-097-A 1.0 SA-03-097-E 1.0","Bakery & Cafe @TY :  3.3 % Dog S-Wag :  0.2 % Bakery & Cafe @EW :  3.9 % Custom Mug & Treats :  2.0 %","6 w","4 w","—","Active","Core","OK 3225  /   2,846 8 w  goal","OK 1625  /   567 2 w  packed","50.0 % Week  49 - 53","C-C03-REG-25-097-XXX","9,192","623","227","340","273","296","291","325","400","694","541","400","459","378","431","647","522","1952","3895","5752","3922","1046","1256","588","425","417","0","0","0","0","0","0","0","0","0","0","0","0","0","0","0","0","0","0","0","0","0","0","0","0","0","0","0","0","0","0","0","0","0","0","0","0"
"Lemon Individual EW ( RM-03-098-E )","Brownie Points","Englewood","25","73","98","-","0","-","-","SA-03-098-E 1.0","-","6 w","4 w","—","SA-03-098-E :   Yes","Legacy","—","—","50.0 % Week  49 - 53","-","-","0","0","0","0","0","0","0","0","0","0","0","0","0","0","0","0","0","0","0","0","0","0","0","0","0","0","0","0","0","0","0","0","0","0","0","0","0","0","0","0","0","0","0","0","0","0","0","0","0","0","0","0","0","0","0","0","0","0","0","0","0"
"Salted Caramel Individual (merged) ( RM-03-099-A ) , ( RM-03-099-E )","Brownie Points","Taylor Englewood","40","2,397","1,137","-","0","1,300","P02154 8/5/26","SA-03-099-A 1.0 SA-03-099-E 1.0","Bakery & Cafe @TY :  2.5 % Bakery & Cafe @EW :  2.2 % Custom Mug & Treats :  1.7 %","6 w","4 w","—","Active","Core","OK 2397  /   2,111 8 w  goal","OK 1097  /   421 2 w  packed","50.0 % Week  49 - 53","C-C03-REG-25-099-XXX","4,995","431","169","252","203","219","215","241","297","515","401","297","341","281","320","481","388","1449","2889","4267","2909","776","932","437","315","310","0","0","0","0","0","0","0","0","0","0","0","0","0","0","0","0","0","0","0","0","0","0","0","0","0","0","0","0","0","0","0","0","0","0","0","0"
"Classic Chocolate Fudge Individual (merged) ( RM-45-001-A ) , ( RM-45-001-E )","Brownie Points","Taylor Englewood","30","3,399","1,701","-","0","1,728","P02154 8/5/26","SA-45-001-A 1.0 SA-45-001-E 1.0","Bakery & Cafe @TY :  3.2 % Dog S-Wag :  0.0 % Bakery & Cafe @EW :  3.7 % Custom Mug & Treats :  3.3 %","6 w","4 w","—","Active","Core","OK 3399  /   2,795 8 w  goal","OK 1671  /   557 2 w  packed","50.0 % Week  49 - 53","C-B45-REG-24-001-XXX","4,724","487","223","334","268","291","285","319","393","682","532","393","451","371","423","636","513","1919","3830","5656","3856","1028","1235","579","417","412","0","0","0","0","0","0","0","0","0","0","0","0","0","0","0","0","0","0","0","0","0","0","0","0","0","0","0","0","0","0","0","0","0","0","0","0"
"Original Kitchen Sink Individual (merged) ( RM-45-002-A ) , ( RM-45-002-E )","Brownie Points","Taylor Englewood","30","3,113","1,559","-","0","1,584","P02154 8/5/26","SA-45-002-A 1.0 SA-45-002-E 1.0","Bakery & Cafe @TY :  3.4 % Bakery & Cafe @EW :  3.2 % Custom Mug & Treats :  1.8 %","6 w","4 w","—","Active","Core","OK 3113  /   2,853 8 w  goal","OK 1529  /   568 2 w  packed","50.0 % Week  49 - 53","C-B45-REG-24-002-XXX","7,496","683","228","340","274","297","291","326","401","696","542","401","461","379","432","650","524","1959","3907","5770","3933","1049","1260","590","426","418","0","0","0","0","0","0","0","0","0","0","0","0","0","0","0","0","0","0","0","0","0","0","0","0","0","0","0","0","0","0","0","0","0","0","0","0"
"Coffee Toffee Individual (merged) ( RM-45-008-A ) , ( RM-45-008-E )","Brownie Points","Taylor Englewood","50","1,045","1,095","-","0","-","-","SA-45-008-A 1.0 SA-45-008-E 1.0","Bakery & Cafe @TY :  2.1 % Bakery & Cafe @EW :  2.2 % Custom Mug & Treats :  1.8 %","6 w","4 w","—","Active","Core","Short 1045  /   2,383 10 w  goal","OK 1045  /   357 2 w  packed","50.0 % Week  49 - 53","C-B45-REG-24-008-XXX","265","1384","143","214","172","186","183","204","252","437","340","252","289","238","271","407","329","1229","2451","3620","2468","658","791","370","267","263","0","0","0","0","0","0","0","0","0","0","0","0","0","0","0","0","0","0","0","0","0","0","0","0","0","0","0","0","0","0","0","0","0","0","0","0"
"Triple Chocolate Crunch Individual (merged) ( RM-45-012-A ) , ( RM-45-012-E )","Brownie Points","Taylor Englewood","50","2,028","1,262","-","0","816","P02154 8/5/26","SA-45-012-A 1.0 SA-45-012-E 1.0","Bakery & Cafe @TY :  2.1 % Bakery & Cafe @EW :  1.7 % Custom Mug & Treats :  1.6 %","6 w","4 w","—","Active","Core","OK 2028  /   1,730 8 w  goal","OK 1212  /   344 2 w  packed","50.0 % Week  49 - 53","C-B45-REG-24-012-XXX","6,019","386","138","206","166","180","177","198","243","422","329","243","280","230","262","394","318","1189","2370","3500","2386","636","764","358","258","254","0","0","0","0","0","0","0","0","0","0","0","0","0","0","0","0","0","0","0","0","0","0","0","0","0","0","0","0","0","0","0","0","0","0","0","0"
"Cinnamon Streusel Individual (merged) ( RM-45-018-A ) , ( RM-45-018-E )","Brownie Points","Taylor Englewood","50","1,443","917","-","0","576","P02154 8/5/26","SA-45-018-A 1.0 SA-45-018-E 1.0","Bakery & Cafe @TY :  1.3 % Bakery & Cafe @EW :  1.2 % Custom Mug & Treats :  0.8 %","6 w","4 w","—","Active","Core","OK 1443  /   1,076 8 w  goal","OK 867  /   214 2 w  packed","50.0 % Week  49 - 53","C-B45-REG-25-018-XXX","728","186","86","128","103","112","110","123","151","263","205","151","174","143","163","245","198","739","1475","2178","1485","396","476","223","161","158","0","0","0","0","0","0","0","0","0","0","0","0","0","0","0","0","0","0","0","0","0","0","0","0","0","0","0","0","0","0","0","0","0","0","0","0"
"Peanut Butter Fudge Individual (merged) ( RM-45-019-A ) , ( RM-45-019-E )","Brownie Points","Taylor Englewood","50","2,118","1,400","-","0","768","P02154 8/5/26","SA-45-019-A 1.0 SA-45-019-E 1.0","Bakery & Cafe @TY :  2.0 % Dog S-Wag :  0.0 % Bakery & Cafe @EW :  2.0 % Custom Mug & Treats :  2.3 %","6 w","4 w","—","Active","Core","OK 2118  /   1,716 8 w  goal","OK 1350  /   342 2 w  packed","50.0 % Week  49 - 53","C-B45-REG-25-019-XXX","9,992","312","137","205","165","178","175","196","241","419","326","241","277","228","260","391","315","1179","2351","3472","2367","631","758","355","256","253","0","0","0","0","0","0","0","0","0","0","0","0","0","0","0","0","0","0","0","0","0","0","0","0","0","0","0","0","0","0","0","0","0","0","0","0"
"Berry Score Individual (merged) ( RM-45-021-A ) , ( RM-45-021-E )","Brownie Points","Taylor Englewood","50","2,443","1,485","-","0","1,008","P02154 8/5/26","SA-45-021-A 1.0 SA-45-021-E 1.0","Bakery & Cafe @TY :  2.4 % Bakery & Cafe @EW :  2.0 % Custom Mug & Treats :  1.4 %","6 w","4 w","—","Active","Core","OK 2443  /   2,028 8 w  goal","OK 1435  /   404 2 w  packed","50.0 % Week  49 - 53","C-B45-REG-25-021-XXX","4,628","305","162","242","195","211","207","232","285","494","385","285","327","269","307","462","372","1391","2774","4097","2793","745","895","419","302","297","0","0","0","0","0","0","0","0","0","0","0","0","0","0","0","0","0","0","0","0","0","0","0","0","0","0","0","0","0","0","0","0","0","0","0","0"
"Minty Cookies and Cream Individual (merged) ( RM-45-022-A ) , ( RM-45-022-E )","Brownie Points","Taylor Englewood","45","2,188","1,033","-","0","1,200","P02154 8/5/26","SA-45-022-A 1.0 SA-45-022-E 1.0","Bakery & Cafe @TY :  2.2 % Dog S-Wag :  0.0 % Bakery & Cafe @EW :  2.4 % Custom Mug & Treats :  1.4 %","6 w","4 w","—","Active","Core","OK 2188  /   1,906 8 w  goal","OK 988  /   379 2 w  packed","50.0 % Week  49 - 53","C-B45-REG-25-022-XXX","2,630","411","152","227","183","198","195","218","268","465","362","268","308","253","289","434","350","1308","2610","3855","2628","701","842","394","284","280","0","0","0","0","0","0","0","0","0","0","0","0","0","0","0","0","0","0","0","0","0","0","0","0","0","0","0","0","0","0","0","0","0","0","0","0"
"Iced Buttercream Individual (merged) ( RM-03-042-A ) , ( RM-03-042-E )","C. Kreugers","Taylor Englewood","50","1,442","1,492","-","0","-","-","SA-03-042-A 1.0 SA-03-042-E 1.0","Bakery & Cafe @TY :  2.2 % Bakery & Cafe @EW :  1.7 % Custom Mug & Treats :  1.3 %","5 w","4 w","—","Active","Core","Short 1442  /   2,173 9 w  goal","OK 1442  /   364 2 w  packed","0 % Week  49 - 53","C-C03-REG-22-042-XXX","10,200","732","146","218","175","190","186","209","257","445","347","257","295","243","277","416","336","836","1667","2462","1678","671","806","378","273","268","0","0","0","0","0","0","0","0","0","0","0","0","0","0","0","0","0","0","0","0","0","0","0","0","0","0","0","0","0","0","0","0","0","0","0","0"
"Iced Sunshine Lime Individual (merged) ( RM-03-045-A ) , ( RM-03-045-E )","C. Kreugers","Taylor Englewood","175","1,533","1,708","-","0","-","-","SA-03-045-A 1.0 SA-03-045-E 1.0","Bakery & Cafe @TY :  1.8 % Custom Mug & Treats :  0.4 %","5 w","4 w","—","Active","Core","—","—","0 % Week  49 - 53","C-C03-REG-22-045-XXX","4,950","227","115","171","138","150","147","165","203","350","274","202","233","192","218","329","265","659","1311","1935","1319","527","633","298","214","210","0","0","0","0","0","0","0","0","0","0","0","0","0","0","0","0","0","0","0","0","0","0","0","0","0","0","0","0","0","0","0","0","0","0","0","0"
"Iced Peanut Butter with Fudge Individual (merged) ( RM-03-047-A ) , ( RM-03-047-E )","C. Kreugers","Taylor Englewood","50","2,197","1,797","-","0","450","P02130 7/26/26","SA-03-047-A 1.0 SA-03-047-E 1.0","Bakery & Cafe @TY :  2.8 % Bakery & Cafe @EW :  2.5 % Custom Mug & Treats :  2.4 %","5 w","4 w","—","Active","Core","OK 2197  /   1,438 6 w  goal","OK 1747  /   466 2 w  packed","0 % Week  49 - 53","C-C03-REG-22-047-XXX","1,514","582","187","279","224","243","238","267","328","570","444","328","377","310","354","532","429","1069","2132","3149","2147","859","1031","483","349","344","0","0","0","0","0","0","0","0","0","0","0","0","0","0","0","0","0","0","0","0","0","0","0","0","0","0","0","0","0","0","0","0","0","0","0","0"
"Iced Apple Pie Individual (merged) ( RM-03-050-A ) , ( RM-03-050-E )","C. Kreugers","Taylor Englewood","50","1,636","1,236","-","0","450","P02130 7/26/26","SA-03-050-A 1.0 SA-03-050-E 1.0","Bakery & Cafe @TY :  1.8 % Bakery & Cafe @EW :  1.5 % Custom Mug & Treats :  1.5 %","5 w","4 w","—","Active","Core","OK 1636  /   916 6 w  goal","OK 1186  /   296 2 w  packed","0 % Week  49 - 53","C-C03-REG-22-050-XXX","3,689","182","119","177","143","155","152","170","209","363","283","209","240","198","225","339","273","681","1357","2004","1366","546","656","308","222","219","0","0","0","0","0","0","0","0","0","0","0","0","0","0","0","0","0","0","0","0","0","0","0","0","0","0","0","0","0","0","0","0","0","0","0","0"
"Iced Maple Butter Pecan Individual (merged) ( RM-03-051-A ) , ( RM-03-051-E )","C. Kreugers","Taylor Englewood","50","1,689","1,289","-","0","450","P02130 7/26/26","SA-03-051-A 1.0 SA-03-051-E 1.0","Bakery & Cafe @TY :  2.6 % Bakery & Cafe @EW :  1.8 % Custom Mug & Treats :  1.2 %","5 w","4 w","—","Active","Core","OK 1689  /   1,349 6 w  goal","OK 1239  /   436 2 w  packed","0 % Week  49 - 53","C-C03-REG-22-051-XXX","1,309","919","175","261","210","228","224","251","308","534","417","308","354","292","332","500","403","1003","1999","2952","2013","805","967","453","327","321","0","0","0","0","0","0","0","0","0","0","0","0","0","0","0","0","0","0","0","0","0","0","0","0","0","0","0","0","0","0","0","0","0","0","0","0"
"Iced Strawberry Individual (merged) ( RM-03-055-A ) , ( RM-03-055-E )","C. Kreugers","Taylor Englewood","50","1,560","1,160","-","0","450","P02130 7/26/26","SA-03-055-A 1.0 SA-03-055-E 1.0","Bakery & Cafe @TY :  2.2 % Bakery & Cafe @EW :  2.0 % Custom Mug & Treats :  1.8 %","5 w","4 w","—","Active","Core","OK 1560  /   1,129 6 w  goal","OK 1110  /   366 2 w  packed","0 % Week  49 - 53","C-C03-REG-22-055-XXX","10,773","694","147","219","176","191","187","209","258","447","349","258","296","244","278","418","337","840","1675","2473","1686","674","810","380","274","270","0","0","0","0","0","0","0","0","0","0","0","0","0","0","0","0","0","0","0","0","0","0","0","0","0","0","0","0","0","0","0","0","0","0","0","0"
"Iced Birthday Cake Individual (merged) ( RM-03-056-A ) , ( RM-03-056-E )","C. Kreugers","Taylor Englewood","50","1,888","1,038","-","0","900","P02130 7/26/26","SA-03-056-A 1.0 SA-03-056-E 1.0","Bakery & Cafe @TY :  3.0 % Dog S-Wag :  0.2 % Bakery & Cafe @EW :  3.0 % Custom Mug & Treats :  1.8 %","5 w","4 w","—","Active","Core","OK 1888  /   1,578 6 w  goal","OK 988  /   511 2 w  packed","0 % Week  49 - 53","C-C03-REG-22-056-XXX","1,853","1163","205","306","246","266","262","293","360","625","487","360","414","341","388","584","471","1172","2338","3453","2354","942","1131","530","382","376","0","0","0","0","0","0","0","0","0","0","0","0","0","0","0","0","0","0","0","0","0","0","0","0","0","0","0","0","0","0","0","0","0","0","0","0"
"Iced Caramel Cheesecake Individual (merged) ( RM-03-057-A ) , ( RM-03-057-E )","C. Kreugers","Taylor Englewood","50","2,742","1,892","-","0","900","P02130 7/26/26","SA-03-057-A 1.0 SA-03-057-E 1.0","Bakery & Cafe @TY :  3.9 % Bakery & Cafe @EW :  3.4 % Custom Mug & Treats :  3.3 %","5 w","4 w","—","Active","Core","OK 2742  /   2,037 6 w  goal","OK 1842  /   659 2 w  packed","0 % Week  49 - 53","C-C03-REG-22-057-XXX","1,477","1196","264","395","318","344","338","378","465","807","629","465","535","440","501","754","608","1515","3021","4461","3041","1216","1461","685","494","487","0","0","0","0","0","0","0","0","0","0","0","0","0","0","0","0","0","0","0","0","0","0","0","0","0","0","0","0","0","0","0","0","0","0","0","0"
"Iced Cinnamon Bun Individual (merged) ( RM-03-058-A ) , ( RM-03-058-E )","C. Kreugers","Taylor Englewood","50","1,660","1,260","-","0","450","P02130 7/26/26","SA-03-058-A 1.0 SA-03-058-E 1.0","Bakery & Cafe @TY :  1.8 % Bakery & Cafe @EW :  1.5 % Custom Mug & Treats :  1.4 %","5 w","4 w","—","Active","Core","OK 1660  /   954 6 w  goal","OK 1210  /   309 2 w  packed","0 % Week  49 - 53","C-C03-REG-22-058-XXX","8,123","240","124","185","149","161","158","177","218","378","295","218","250","206","235","353","285","710","1415","2090","1425","570","685","321","231","228","0","0","0","0","0","0","0","0","0","0","0","0","0","0","0","0","0","0","0","0","0","0","0","0","0","0","0","0","0","0","0","0","0","0","0","0"
"Iced Red Velvet Individual (merged) ( RM-03-061-A ) , ( RM-03-061-E )","C. Kreugers","Taylor Englewood","50","2,601","1,751","-","0","900","P02130 7/26/26","SA-03-061-A 1.0 SA-03-061-E 1.0","Bakery & Cafe @TY :  4.1 % Bakery & Cafe @EW :  3.9 % Custom Mug & Treats :  2.4 %","5 w","4 w","—","Active","Core","OK 2601  /   2,146 6 w  goal","OK 1701  /   695 2 w  packed","0 % Week  49 - 53","C-C03-REG-22-061-XXX","1,388","1547","279","416","335","362","356","398","490","850","663","490","563","463","528","794","640","1596","3182","4700","3204","1281","1539","721","520","511","0","0","0","0","0","0","0","0","0","0","0","0","0","0","0","0","0","0","0","0","0","0","0","0","0","0","0","0","0","0","0","0","0","0","0","0"
"Gluten Free Chocolate Chip Individual (merged) ( RM-03-070-A ) , ( RM-03-070-E )","C. Kreugers","Taylor Englewood","35","480","335","-","0","180","P02130 7/26/26","SA-03-070-A 1.0 SA-03-070-E 1.0","Bakery & Cafe @TY :  0.8 % Bakery & Cafe @EW :  0.8 % Custom Mug & Treats :  1.9 %","5 w","4 w","—","Active","Core","OK 480  /   418 6 w  goal","OK 300  /   135 2 w  packed","0 % Week  49 - 53","C-C03-REG-22-070-XXX","919","371","54","81","65","71","69","78","95","166","129","95","110","90","103","155","125","311","621","917","625","250","300","141","101","102","0","0","0","0","0","0","0","0","0","0","0","0","0","0","0","0","0","0","0","0","0","0","0","0","0","0","0","0","0","0","0","0","0","0","0","0"
"Gluten Free Peanut Butter Individual (merged) ( RM-03-071-A ) , ( RM-03-071-E )","C. Kreugers","Taylor Englewood","45","451","256","-","0","240","P02130 7/26/26","SA-03-071-A 1.0 SA-03-071-E 1.0","Bakery & Cafe @TY :  0.5 % Bakery & Cafe @EW :  0.8 %","5 w","4 w","—","Active","Core","OK 451  /   262 6 w  goal","OK 211  /   85 2 w  packed","0 % Week  49 - 53","C-C03-REG-22-071-XXX","3,782","117","34","51","41","44","44","48","60","104","81","60","69","56","64","97","78","195","389","575","392","157","189","88","64","62","0","0","0","0","0","0","0","0","0","0","0","0","0","0","0","0","0","0","0","0","0","0","0","0","0","0","0","0","0","0","0","0","0","0","0","0"
"Gluten Free White Chocolate Cherry Oatmeal Individual (merged) ( RM-03-073-A ) , ( RM-03-073-E )","C. Kreugers","Taylor Englewood","30","487","397","-","0","120","P02130 7/26/26","SA-03-073-A 1.0 SA-03-073-E 1.0","Bakery & Cafe @TY :  0.7 % Bakery & Cafe @EW :  0.7 % Custom Mug & Treats :  1.1 %","5 w","4 w","—","Active","Core","OK 487  /   345 6 w  goal","OK 367  /   112 2 w  packed","0 % Week  49 - 53","C-CXX-REG-22-XXX-XXX","15,860","278","45","67","54","58","57","64","79","137","107","79","91","75","85","128","103","257","513","758","517","207","248","116","84","83","0","0","0","0","0","0","0","0","0","0","0","0","0","0","0","0","0","0","0","0","0","0","0","0","0","0","0","0","0","0","0","0","0","0","0","0"
"Cranberry Apricot Oat Individual (merged) ( RM-03-100-A ) , ( RM-03-100-E )","C. Kreugers","Taylor Englewood","50","1,190","808","-","0","432","P02130 7/26/26 P02110 7/7/26","SA-03-100-A 1.0 SA-03-100-E 1.0","Bakery & Cafe @TY :  1.9 % Bakery & Cafe @EW :  1.5 % Custom Mug & Treats :  2.5 %","5 w","4 w","—","Active","Core","OK 1190  /   626 4 w  goal","OK 758  /   312 2 w  packed","0 % Week  49 - 53","C-C03-REG-25-100-XXX","1,875","677","125","187","151","163","160","179","221","383","298","221","253","209","238","358","288","718","1432","2115","1442","577","693","325","234","232","0","0","0","0","0","0","0","0","0","0","0","0","0","0","0","0","0","0","0","0","0","0","0","0","0","0","0","0","0","0","0","0","0","0","0","0"
"Butterscotch Chip Individual (merged) ( RM-03-101-A ) , ( RM-03-101-E )","C. Kreugers","Taylor Englewood","50","824","550","-","0","324","P02130 7/26/26","SA-03-101-A 1.0 SA-03-101-E 1.0","Bakery & Cafe @TY :  1.3 % Bakery & Cafe @EW :  1.5 % Custom Mug & Treats :  1.1 %","5 w","4 w","—","Active","Core","OK 824  /   672 6 w  goal","OK 500  /   217 2 w  packed","0 % Week  49 - 53","C-C03-REG-25-101-XXX","6,711","476","87","130","105","113","112","125","153","267","208","153","176","145","165","248","200","500","997","1473","1004","402","483","226","163","161","0","0","0","0","0","0","0","0","0","0","0","0","0","0","0","0","0","0","0","0","0","0","0","0","0","0","0","0","0","0","0","0","0","0","0","0"
"Chocolate Triple Chip Individual (merged) ( RM-03-025-A ) , ( RM-03-025-E )","D'vine","Taylor Englewood","50","11,396","2,566","-","0","8,880","P02153 8/5/26","SA-03-025-A 1.0 SA-03-025-E 1.0","Bakery & Cafe @TY :  7.6 % Dog S-Wag :  0.0 % Bakery & Cafe @EW :  7.7 % Custom Mug & Treats :  7.3 %","7 w","6 w","—","Active","Core","OK 11396  /   7,694 9 w  goal","OK 2516  /   1,288 2 w  packed","50.0 % Week  49 - 53","C-C03-REG-22-025-XXX","13,631","394","517","771","621","672","660","738","909","1577","1229","909","1044","859","979","1472","1187","4439","8855","13078","8915","2377","2856","1338","965","952","0","0","0","0","0","0","0","0","0","0","0","0","0","0","0","0","0","0","0","0","0","0","0","0","0","0","0","0","0","0","0","0","0","0","0","0"
"Sugar Individual (merged) ( RM-03-027-A ) , ( RM-03-027-E )","D'vine","Taylor Englewood","50","4,748","1,838","-","0","2,960","P02153 8/5/26","SA-03-027-A 1.0 SA-03-027-E 1.0","Bakery & Cafe @TY :  2.1 % Bakery & Cafe @EW :  1.8 % Custom Mug & Treats :  2.3 %","7 w","6 w","—","Active","Core","OK 4748  /   2,095 9 w  goal","OK 1788  /   351 2 w  packed","50.0 % Week  49 - 53","C-C03-REG-22-027-XXX","301","145","141","210","169","183","180","201","247","429","335","247","284","234","267","401","323","1209","2410","3559","2426","647","777","364","263","260","0","0","0","0","0","0","0","0","0","0","0","0","0","0","0","0","0","0","0","0","0","0","0","0","0","0","0","0","0","0","0","0","0","0","0","0"
"Peanut Butter Individual (merged) ( RM-03-033-A ) , ( RM-03-033-E )","D'vine","Taylor Englewood","50","5,360","2,450","-","0","2,960","P02153 8/5/26","SA-03-033-A 1.0 SA-03-033-E 1.0","Bakery & Cafe @TY :  3.3 % Bakery & Cafe @EW :  3.2 % Custom Mug & Treats :  2.6 %","7 w","6 w","—","Active","Core","OK 5360  /   3,332 9 w  goal","OK 2400  /   558 2 w  packed","50.0 % Week  49 - 53","C-C03-REG-22-033-XXX","890","0","224","334","269","291","286","320","393","683","532","393","452","372","424","637","514","1922","3833","5661","3859","1029","1236","579","418","411","0","0","0","0","0","0","0","0","0","0","0","0","0","0","0","0","0","0","0","0","0","0","0","0","0","0","0","0","0","0","0","0","0","0","0","0"
"Stuffed Churro Individual (merged) ( RM-03-093-A ) , ( RM-03-093-E )","D'vine","Taylor Englewood","50","6,770","2,020","-","0","4,800","P02153 8/5/26","SA-03-093-A 1.0 SA-03-093-E 1.0","Bakery & Cafe @TY :  3.8 % Bakery & Cafe @EW :  4.5 % Custom Mug & Treats :  1.9 %","7 w","6 w","—","Active","Core","OK 6770  /   3,954 9 w  goal","OK 1970  /   662 2 w  packed","50.0 % Week  49 - 53","C-C03-REG-25-093-XXX","17,411","414","265","397","319","345","339","379","467","811","632","467","536","441","503","755","610","2280","4550","6720","4581","1222","1468","687","496","487","0","0","0","0","0","0","0","0","0","0","0","0","0","0","0","0","0","0","0","0","0","0","0","0","0","0","0","0","0","0","0","0","0","0","0","0"
"Cedar & Tobacco Individual ( RM-16-010-A )","Calyan","Englewood","1","383","28","-","356","-","-","SA-16-010-A 1.0","Gourmet Goods & Spa :  2.6 %","6 w","4 w","—","SA-16-010-A :   No","Core","OK 383  /   365 10 w  goal","Short 27  /   55 2 w  packed","50.0 % Week  49 - 53","-","-","0","23","32","27","28","28","32","38","66","53","38","43","35","42","67","53","198","396","587","383","105","125","59","41","32","0","0","0","0","0","0","0","0","0","0","0","0","0","0","0","0","0","0","0","0","0","0","0","0","0","0","0","0","0","0","0","0","0","0","0","0"
"Lavender + Bergamot Room Spray Individual ( RM-16-086-A )","Calyan","—","7","0","4","-","0","-","-","FG-48-014-A 1.0 FG-48-015-A 1.0 SA-16-086-A 1.0 SA-48-069-A 1.0","-","6 w","4 w","—","2  Disc 2  Active","Legacy","—","—","50.0 % Week  49 - 53","-","-","0","0","0","0","0","0","0","0","0","0","0","0","0","0","0","0","0","0","0","0","0","0","0","0","0","0","0","0","0","0","0","0","0","0","0","0","0","0","0","0","0","0","0","0","0","0","0","0","0","0","0","0","0","0","0","0","0","0","0","0","0"
"Evergreen + Eucalyptus Room Spray Individual ( RM-16-087-A )","Calyan","Englewood","8","0","-1","-","0","-","-","FG-48-010-A 1.0 FG-48-011-A 1.0 FG-48-012-A 1.0 SA-16-087-A 1.0","-","6 w","4 w","—","1  Disc 3  Active","Legacy","—","—","50.0 % Week  49 - 53","-","-","0","0","0","0","0","0","0","0","0","0","0","0","0","0","0","0","0","0","0","0","0","0","0","0","0","0","0","0","0","0","0","0","0","0","0","0","0","0","0","0","0","0","0","0","0","0","0","0","0","0","0","0","0","0","0","0","0","0","0","0","0"
"Seaside + Citrus Room Spray Individual ( RM-16-088-A )","Calyan","—","1","0","1","-","0","-","-","SA-16-088-A 1.0","-","6 w","4 w","—","SA-16-088-A :   Yes","Legacy","—","—","50.0 % Week  49 - 53","-","-","0","0","0","0","0","0","0","0","0","0","0","0","0","0","0","0","0","0","0","0","0","0","0","0","0","0","0","0","0","0","0","0","0","0","0","0","0","0","0","0","0","0","0","0","0","0","0","0","0","0","0","0","0","0","0","0","0","0","0","0","0"
"Aspen + Fog Room Spray Individual ( RM-16-089-A )","Calyan","Englewood","6","0","5","-","-91","-","-","FG-48-024-A 1.0 SA-16-089-A 1.0 SA-48-081-A 1.0","-","6 w","4 w","—","2  Disc 1  Active","Legacy","—","—","50.0 % Week  49 - 53","-","-","0","0","0","0","0","0","0","0","0","0","0","0","0","0","0","0","0","0","0","0","0","0","0","0","0","0","0","0","0","0","0","0","0","0","0","0","0","0","0","0","0","0","0","0","0","0","0","0","0","0","0","0","0","0","0","0","0","0","0","0","0"
"Lemon + Sage Room Spray Individual ( RM-16-092-A )","Calyan","Englewood","7","0","5","-","-106","-","-","FG-48-005-A 1.0 FG-48-006-A 1.0 SA-16-092-A 1.0 SA-48-057-A 1.0","-","6 w","4 w","—","2  Disc 2  Active","Legacy","—","—","50.0 % Week  49 - 53","-","-","0","0","0","0","0","0","0","0","0","0","0","0","0","0","0","0","0","0","0","0","0","0","0","0","0","0","0","0","0","0","0","0","0","0","0","0","0","0","0","0","0","0","0","0","0","0","0","0","0","0","0","0","0","0","0","0","0","0","0","0","0"
"Rose + Peony Room Spray Individual ( RM-16-093-A )","Calyan","—","1","351","352","-","0","-","-","SA-16-093-A 1.0","-","6 w","4 w","—","SA-16-093-A :   No","Legacy","—","—","50.0 % Week  49 - 53","-","-","0","0","0","0","0","0","0","0","0","0","0","0","0","0","0","0","0","0","0","0","0","0","0","0","0","0","0","0","0","0","0","0","0","0","0","0","0","0","0","0","0","0","0","0","0","0","0","0","0","0","0","0","0","0","0","0","0","0","0","0","0"
"Lavender + Bergamot Candle Individual ( RM-16-094-A )","Calyan","Englewood","8","444","36","-","156","260","P02156 8/5/26 P02125 7/21/26","FG-48-002-A 1.0 FG-48-003-A 1.0 SA-16-094-A 1.0 SA-48-053-A 1.0","Gourmet Goods & Spa :  4.9 %","6 w","4 w","—","4  Active","Core","OK 444  /   319 6 w  goal","Short 28  /   103 2 w  packed","50.0 % Week  49 - 53","-","-","239","43","59","50","53","53","60","70","124","99","71","80","66","79","126","98","370","740","1098","716","196","234","110","76","60","0","0","0","0","0","0","0","0","0","0","0","0","0","0","0","0","0","0","0","0","0","0","0","0","0","0","0","0","0","0","0","0","0","0","0","0"
"Evergreen + Eucalyptus Candle Individual ( RM-16-095-A )","Calyan","Englewood","12","543","5","50","210","340","P02156 8/5/26","","Gourmet Goods & Spa :  5.6 %","6 w","4 w","—","5  Active","Core","Short 543  /   587 8 w  goal","Short 0  /   118 2 w  packed","50.0 % Week  49 - 53","-","-","239","50","68","58","60","60","68","81","142","114","82","92","76","91","145","113","424","848","1258","820","225","268","125","87","69","0","0","0","0","0","0","0","0","0","0","0","0","0","0","0","0","0","0","0","0","0","0","0","0","0","0","0","0","0","0","0","0","0","0","0","0"
"Rose + Peony Candle Individual ( RM-16-096-A )","Calyan","—","5","0","5","-","0","-","-","SA-16-096-A 1.0","-","6 w","4 w","—","SA-16-096-A :   Yes","Legacy","—","—","50.0 % Week  49 - 53","-","-","0","0","0","0","0","0","0","0","0","0","0","0","0","0","0","0","0","0","0","0","0","0","0","0","0","0","0","0","0","0","0","0","0","0","0","0","0","0","0","0","0","0","0","0","0","0","0","0","0","0","0","0","0","0","0","0","0","0","0","0","0"
"Mahogany + Cashmere Candle Individual ( RM-16-097-A )","Calyan","Englewood","1","631","10","-","462","160","P02156 8/5/26 P02125 7/21/26","SA-16-097-A 1.0","Gourmet Goods & Spa :  6.8 %","6 w","4 w","—","SA-16-097-A :   No","Core","OK 631  /   444 6 w  goal","Short 9  /   144 2 w  packed","50.0 % Week  49 - 53","-","-","320","60","83","70","73","73","83","98","172","138","99","112","92","111","176","137","516","1031","1530","997","273","326","153","106","84","0","0","0","0","0","0","0","0","0","0","0","0","0","0","0","0","0","0","0","0","0","0","0","0","0","0","0","0","0","0","0","0","0","0","0","0"
"Oakmoss + Amber Candle Individual ( RM-16-098-A )","Calyan","Englewood","2","282","42","-","72","170","P02156 8/5/26 P02125 7/21/26","SA-16-098-A 1.0","Gourmet Goods & Spa :  2.9 %","6 w","4 w","—","SA-16-098-A :   No","Core","OK 282  /   191 6 w  goal","Short 40  /   62 2 w  packed","50.0 % Week  49 - 53","-","-","127","26","36","30","32","32","36","42","74","60","43","48","40","48","76","59","222","444","659","429","118","140","66","46","36","0","0","0","0","0","0","0","0","0","0","0","0","0","0","0","0","0","0","0","0","0","0","0","0","0","0","0","0","0","0","0","0","0","0","0","0"
"Aspen + Fog Candle Individual ( RM-16-099-A )","Calyan","Englewood","5","308","11","-","72","230","P02156 8/5/26 P02125 7/21/26","SA-16-099-A 1.0","Gourmet Goods & Spa :  3.3 %","6 w","4 w","—","SA-16-099-A :   No","Core","OK 308  /   214 6 w  goal","Short 6  /   70 2 w  packed","50.0 % Week  49 - 53","-","-","151","29","40","34","35","35","40","47","83","67","48","54","44","53","85","66","249","498","738","481","132","157","74","51","40","0","0","0","0","0","0","0","0","0","0","0","0","0","0","0","0","0","0","0","0","0","0","0","0","0","0","0","0","0","0","0","0","0","0","0","0"
"Desert + Agave Candle Individual ( RM-16-100-A )","Calyan","Englewood","5","0","5","-","-125","-","-","SA-16-100-A 1.0","-","6 w","4 w","—","SA-16-100-A :   Yes","Legacy","—","—","50.0 % Week  49 - 53","-","-","0","0","0","0","0","0","0","0","0","0","0","0","0","0","0","0","0","0","0","0","0","0","0","0","0","0","0","0","0","0","0","0","0","0","0","0","0","0","0","0","0","0","0","0","0","0","0","0","0","0","0","0","0","0","0","0","0","0","0","0","0"
"Passionfruit + Ginger Candle Individual ( RM-16-101-A )","Calyan","Englewood","1","0","0","-","0","-","-","SA-16-101-A 1.0","-","6 w","4 w","—","SA-16-101-A :   Yes","Core","OK no demand","OK no demand","50.0 % Week  49 - 53","-","-","0","0","0","0","0","0","0","0","0","0","0","0","0","0","0","0","0","0","0","0","0","0","0","0","0","0","0","0","0","0","0","0","0","0","0","0","0","0","0","0","0","0","0","0","0","0","0","0","0","0","0","0","0","0","0","0","0","0","0","0","0"
"Vetiver + Tonka Candle Individual ( RM-16-102-A )","Calyan","Englewood","5","268","105","-","8","160","P02156 8/5/26 P02125 7/21/26","SA-16-102-A 1.0","Gourmet Goods & Spa :  2.6 %","6 w","4 w","—","SA-16-102-A :   No","Core","OK 268  /   171 6 w  goal","OK 100  /   56 2 w  packed","50.0 % Week  49 - 53","-","-","98","23","32","27","28","28","32","38","66","53","38","43","35","43","68","53","199","397","589","384","105","126","59","41","32","0","0","0","0","0","0","0","0","0","0","0","0","0","0","0","0","0","0","0","0","0","0","0","0","0","0","0","0","0","0","0","0","0","0","0","0"
"Redwood + Vanilla Candle Individual ( RM-16-103-A )","Calyan","Englewood","5","480","95","-","360","30","P02125 7/21/26","SA-16-103-A 1.0","Gourmet Goods & Spa :  3.6 %","6 w","4 w","—","SA-16-103-A :   No","Core","OK 480  /   235 6 w  goal","OK 90  /   76 2 w  packed","50.0 % Week  49 - 53","-","-","22","32","44","37","39","39","44","52","91","73","52","59","49","58","93","72","272","544","808","527","144","172","81","56","44","0","0","0","0","0","0","0","0","0","0","0","0","0","0","0","0","0","0","0","0","0","0","0","0","0","0","0","0","0","0","0","0","0","0","0","0"
"Seaside & Citrus Individual ( RM-16-031-A )","Calyan Wax Co.","Englewood","10","369","37","-","342","-","-","SA-16-031-A 1.0","Gourmet Goods & Spa :  3.1 %","6 w","4 w","—","SA-16-031-A :   No","Core","Short 369  /   429 10 w  goal","Short 27  /   65 2 w  packed","50.0 % Week  49 - 53","-","-","60","27","37","32","33","33","37","44","78","62","45","50","41","50","79","62","232","464","689","449","123","147","69","48","38","0","0","0","0","0","0","0","0","0","0","0","0","0","0","0","0","0","0","0","0","0","0","0","0","0","0","0","0","0","0","0","0","0","0","0","0"
"HS Reading Nook Individual ( RM-16-053-A )","Homesick","—","5","0","5","-","0","-","-","SA-16-053-A 1.0","-","4 w","8 w","—","SA-16-053-A :   Yes","Legacy","—","—","50.0 % Week  49 - 53","-","-","0","0","0","0","0","0","0","0","0","0","0","0","0","0","0","0","0","0","0","0","0","0","0","0","0","0","0","0","0","0","0","0","0","0","0","0","0","0","0","0","0","0","0","0","0","0","0","0","0","0","0","0","0","0","0","0","0","0","0","0","0"
"HS Love Story Individual ( RM-16-055-A )","Homesick","—","15","0","0","-","0","-","-","FG-48-031-A 1.0 FG-48-032-A 1.0 FG-48-033-A 1.0 SA-16-055-A 1.0","-","4 w","8 w","—","1  Disc 3  Active","Legacy","—","—","50.0 % Week  49 - 53","-","-","0","0","0","0","0","0","0","0","0","0","0","0","0","0","0","0","0","0","0","0","0","0","0","0","0","0","0","0","0","0","0","0","0","0","0","0","0","0","0","0","0","0","0","0","0","0","0","0","0","0","0","0","0","0","0","0","0","0","0","0","0"
"Homesick on the beach individual ( RM-16-064-A )","Homesick","—","12","0","5","-","-156","-","-","","-","4 w","8 w","—","2  Disc 3  Active","Legacy","—","—","50.0 % Week  49 - 53","-","-","0","0","0","0","0","0","0","0","0","0","0","0","0","0","0","0","0","0","0","0","0","0","0","0","0","0","0","0","0","0","0","0","0","0","0","0","0","0","0","0","0","0","0","0","0","0","0","0","0","0","0","0","0","0","0","0","0","0","0","0","0"
"Matchbook Individual ( RM-16-037-A )","Maryland Match","—","0","0","-2,468","-","0","-","-","SA-16-037-A 1.0 SA-48-060-A 1.0","-","12 w","12 w","—","SA-16-037-A :   No SA-48-060-A :   No","Legacy","—","—","50.0 % Week  49 - 53","C-CXX-REG-22-XXX-XXX","15,860","0","222","530","299","352","325","277","320","979","555","454","384","367","404","469","506","1677","3903","5511","4250","1026","1290","564","470","324","0","0","0","0","0","0","0","0","0","0","0","0","0","0","0","0","0","0","0","0","0","0","0","0","0","0","0","0","0","0","0","0","0","0","0","0"
"Small Sugarwish Matches ( RM-16-105-A )","Maryland Match","—","13","4,709","-1","-","4,723","-","-","","-","12 w","12 w","—","3  Disc 15  Active","Legacy","—","—","50.0 % Week  49 - 53","-","-","0","0","0","0","0","0","0","0","0","0","0","0","0","0","0","0","0","0","0","0","0","0","0","0","0","0","0","0","0","0","0","0","0","0","0","0","0","0","0","0","0","0","0","0","0","0","0","0","0","0","0","0","0","0","0","0","0","0","0","0","0"
"Aperol Spritz Individual ( RM-16-077-A )","Penn & Beech","—","1","263","48","-","216","-","-","SA-16-077-A 1.0","-","4 w","6 w","—","SA-16-077-A :   No","Legacy","—","—","50.0 % Week  49 - 53","-","-","0","0","0","0","0","0","0","0","0","0","0","0","0","0","0","0","0","0","0","0","0","0","0","0","0","0","0","0","0","0","0","0","0","0","0","0","0","0","0","0","0","0","0","0","0","0","0","0","0","0","0","0","0","0","0","0","0","0","0","0","0"
"Cashmere Individual ( RM-16-079-A )","Penn & Beech","—","2","266","76","-","192","-","-","SA-16-079-A 1.0","-","4 w","6 w","—","SA-16-079-A :   No","Legacy","—","—","50.0 % Week  49 - 53","-","-","0","0","0","0","0","0","0","0","0","0","0","0","0","0","0","0","0","0","0","0","0","0","0","0","0","0","0","0","0","0","0","0","0","0","0","0","0","0","0","0","0","0","0","0","0","0","0","0","0","0","0","0","0","0","0","0","0","0","0","0","0"
"P&B Bergamot Individual ( RM-16-080-A )","Penn & Beech","—","2","2","4","-","0","-","-","SA-16-080-A 1.0","-","4 w","6 w","—","SA-16-080-A :   Yes","Legacy","—","—","50.0 % Week  49 - 53","-","-","0","0","0","0","0","0","0","0","0","0","0","0","0","0","0","0","0","0","0","0","0","0","0","0","0","0","0","0","0","0","0","0","0","0","0","0","0","0","0","0","0","0","0","0","0","0","0","0","0","0","0","0","0","0","0","0","0","0","0","0","0"
"P&B Gardenia Individual ( RM-16-081-A )","Penn & Beech","Englewood","2","2","4","-","0","-","-","SA-16-081-A 1.0","-","4 w","6 w","—","SA-16-081-A :   Yes","Legacy","—","—","50.0 % Week  49 - 53","-","-","0","0","0","0","0","0","0","0","0","0","0","0","0","0","0","0","0","0","0","0","0","0","0","0","0","0","0","0","0","0","0","0","0","0","0","0","0","0","0","0","0","0","0","0","0","0","0","0","0","0","0","0","0","0","0","0","0","0","0","0","0"
"P&B Rain Individual ( RM-16-083-A )","Penn & Beech","Englewood","6","263","77","-","192","-","-","SA-16-083-A 1.0","-","4 w","6 w","—","SA-16-083-A :   Yes","Legacy","—","—","50.0 % Week  49 - 53","-","-","0","0","0","0","0","0","0","0","0","0","0","0","0","0","0","0","0","0","0","0","0","0","0","0","0","0","0","0","0","0","0","0","0","0","0","0","0","0","0","0","0","0","0","0","0","0","0","0","0","0","0","0","0","0","0","0","0","0","0","0","0"
"Beech Villa ( RM-16-108-A )","Penn & Beech","Englewood","8","187","3","-","192","-","-","FG-48-013-A 1.0 FG-48-014-A 1.0 FG-48-015-A 1.0 SA-16-108-A 1.0","Gourmet Goods & Spa :  4.5 %","4 w","6 w","—","4  Active","Legacy","—","—","50.0 % Week  49 - 53","-","-","435","40","54","46","48","48","54","64","113","91","65","73","60","72","115","90","337","674","1000","652","179","213","100","69","55","0","0","0","0","0","0","0","0","0","0","0","0","0","0","0","0","0","0","0","0","0","0","0","0","0","0","0","0","0","0","0","0","0","0","0","0"
"Wix Mint Julep Individual ( RM-16-039-A )","Wixology","—","5","0","5","-","0","-","-","SA-16-039-A 1.0","-","4 w","8 w","—","SA-16-039-A :   Yes","Legacy","—","—","50.0 % Week  49 - 53","-","-","0","0","0","0","0","0","0","0","0","0","0","0","0","0","0","0","0","0","0","0","0","0","0","0","0","0","0","0","0","0","0","0","0","0","0","0","0","0","0","0","0","0","0","0","0","0","0","0","0","0","0","0","0","0","0","0","0","0","0","0","0"
"Wix Sidecar Individual ( RM-16-040-A )","Wixology","—","5","0","5","-","0","-","-","SA-16-040-A 1.0","-","4 w","8 w","—","SA-16-040-A :   Yes","Legacy","—","—","50.0 % Week  49 - 53","-","-","0","0","0","0","0","0","0","0","0","0","0","0","0","0","0","0","0","0","0","0","0","0","0","0","0","0","0","0","0","0","0","0","0","0","0","0","0","0","0","0","0","0","0","0","0","0","0","0","0","0","0","0","0","0","0","0","0","0","0","0","0"
"Wixology Char 4 Individual ( RM-16-085-A )","Wixology","—","7","0","0","-","-94","-","-","","-","4 w","8 w","—","2  Disc 3  Active","Legacy","—","—","50.0 % Week  49 - 53","-","-","0","0","0","0","0","0","0","0","0","0","0","0","0","0","0","0","0","0","0","0","0","0","0","0","0","0","0","0","0","0","0","0","0","0","0","0","0","0","0","0","0","0","0","0","0","0","0","0","0","0","0","0","0","0","0","0","0","0","0","0","0"
"District Flavor Peanut Tin Individual ( RM-39-078-A )","Clark + Hopkins","Englewood","7","0","0","-","-32","-","-","FG-48-017-A 1.0 FG-48-018-A 1.0 SA-39-078-A 1.0 SA-48-073-A 1.0","-","5 w","4 w","—","1  Disc 3  Active","Legacy","—","—","50.0 % Week  49 - 53","-","-","0","0","0","0","0","0","0","0","0","0","0","0","0","0","0","0","0","0","0","0","0","0","0","0","0","0","0","0","0","0","0","0","0","0","0","0","0","0","0","0","0","0","0","0","0","0","0","0","0","0","0","0","0","0","0","0","0","0","0","0","0"
"Clark and Hopkins - Chesapeake Bay Individual ( RM-46-020 )","Clark + Hopkins","Englewood","1","144","1","-","96","48","P02091 6/24/26","SA-46-020 1.0","Hot Sauce :  2.9 %","5 w","4 w","—","SA-46-020 :   No","Legacy","—","—","50.0 % Week  49 - 53","-","-","0","9","14","11","12","12","13","16","29","21","16","18","15","17","26","20","77","152","215","145","39","46","22","16","19","0","0","0","0","0","0","0","0","0","0","0","0","0","0","0","0","0","0","0","0","0","0","0","0","0","0","0","0","0","0","0","0","0","0","0","0"
"Clark and Hopkins - District Sauce Individual ( RM-46-022 )","Clark + Hopkins","Englewood","1","132","1","-","84","48","P02091 6/24/26","SA-46-022 1.0","Hot Sauce :  2.5 %","5 w","4 w","—","SA-46-022 :   No","Core","OK 132  /   39 4 w  goal","Short 0  /   20 2 w  packed","50.0 % Week  49 - 53","-","-","0","8","12","9","10","10","11","14","25","18","13","15","12","14","22","17","65","129","183","123","33","39","19","14","16","0","0","0","0","0","0","0","0","0","0","0","0","0","0","0","0","0","0","0","0","0","0","0","0","0","0","0","0","0","0","0","0","0","0","0","0"
"Clark and Hopkins - Ethiopia Individual ( RM-46-023 )","Clark + Hopkins","Englewood","1","0","1","-","0","-","-","SA-46-023 1.0","-","5 w","4 w","—","SA-46-023 :   Yes","Legacy","—","—","50.0 % Week  49 - 53","-","-","0","0","0","0","0","0","0","0","0","0","0","0","0","0","0","0","0","0","0","0","0","0","0","0","0","0","0","0","0","0","0","0","0","0","0","0","0","0","0","0","0","0","0","0","0","0","0","0","0","0","0","0","0","0","0","0","0","0","0","0","0"
"Clark and Hopkins -Virginia Individual ( RM-46-024 )","Clark + Hopkins","Englewood","1","96","1","-","96","-","-","SA-46-024 1.0","-","5 w","4 w","—","SA-46-024 :   Yes","Legacy","—","—","50.0 % Week  49 - 53","-","-","0","0","0","0","0","0","0","0","0","0","0","0","0","0","0","0","0","0","0","0","0","0","0","0","0","0","0","0","0","0","0","0","0","0","0","0","0","0","0","0","0","0","0","0","0","0","0","0","0","0","0","0","0","0","0","0","0","0","0","0","0"
"Clark and Hopkins - Assam Individual ( RM-46-025 )","Clark + Hopkins","Englewood","1","89","6","-","84","-","-","SA-46-025 1.0","Hot Sauce :  2.6 %","5 w","4 w","—","SA-46-025 :   No","Core","Short 89  /   122 9 w  goal","Short 5  /   21 2 w  packed","50.0 % Week  49 - 53","-","-","33","8","12","10","11","10","12","14","26","19","14","16","13","15","23","18","69","136","192","129","34","41","20","14","17","0","0","0","0","0","0","0","0","0","0","0","0","0","0","0","0","0","0","0","0","0","0","0","0","0","0","0","0","0","0","0","0","0","0","0","0"
"Clark and Hopkins - Oaxaca Individual ( RM-46-026 )","Clark + Hopkins","Englewood","1","167","12","-","156","-","-","SA-46-026 1.0","Hot Sauce :  5.4 %","5 w","4 w","—","SA-46-026 :   No","Core","Short 167  /   249 9 w  goal","Short 11  /   42 2 w  packed","50.0 % Week  49 - 53","-","-","81","16","25","20","22","21","24","29","53","38","29","33","26","30","47","37","140","276","391","263","70","83","40","29","35","0","0","0","0","0","0","0","0","0","0","0","0","0","0","0","0","0","0","0","0","0","0","0","0","0","0","0","0","0","0","0","0","0","0","0","0"
"Clark and Hopkins - Arizona Individual ( RM-46-027 )","Clark + Hopkins","Englewood","1","120","1","-","0","120","P02091 6/24/26 P02051 6/2/26","SA-46-027 1.0","-","5 w","4 w","—","SA-46-027 :   Yes","Legacy","—","—","50.0 % Week  49 - 53","-","-","0","0","0","0","0","0","0","0","0","0","0","0","0","0","0","0","0","0","0","0","0","0","0","0","0","0","0","0","0","0","0","0","0","0","0","0","0","0","0","0","0","0","0","0","0","0","0","0","0","0","0","0","0","0","0","0","0","0","0","0","0"
"Elijah's Extreme - Reaper Individual ( RM-46-030 )","Elijah's Extreme","Englewood","1","0","1","-","0","-","-","SA-46-030 1.0","-","4 w","4 w","—","SA-46-030 :   Yes","Legacy","—","—","0 % Week  49 - 53","-","-","0","0","0","0","0","0","0","0","0","0","0","0","0","0","0","0","0","0","0","0","0","0","0","0","0","0","0","0","0","0","0","0","0","0","0","0","0","0","0","0","0","0","0","0","0","0","0","0","0","0","0","0","0","0","0","0","0","0","0","0","0"
"Elijah's Extreme - Regret Reserve Individual ( RM-46-033 )","Elijah's Extreme","Englewood","1","0","1","-","0","-","-","SA-46-033 1.0","-","4 w","4 w","—","SA-46-033 :   Yes","Legacy","—","—","0 % Week  49 - 53","-","-","0","0","0","0","0","0","0","0","0","0","0","0","0","0","0","0","0","0","0","0","0","0","0","0","0","0","0","0","0","0","0","0","0","0","0","0","0","0","0","0","0","0","0","0","0","0","0","0","0","0","0","0","0","0","0","0","0","0","0","0","0"
"Hot Ones - The Classic - Original Individual ( RM-46-001 )","Heatonist","Englewood","1","267","208","-","0","60","P02127 7/22/26","SA-46-001 1.0","Hot Sauce :  9.2 %","4 w","4 w","—","SA-46-001 :   No","Core","OK 267  /   143 4 w  goal","OK 207  /   72 2 w  packed","50.0 % Week  49 - 53","-","-","94","28","44","34","37","36","41","50","90","65","49","57","45","52","80","63","240","474","670","450","120","143","69","50","60","0","0","0","0","0","0","0","0","0","0","0","0","0","0","0","0","0","0","0","0","0","0","0","0","0","0","0","0","0","0","0","0","0","0","0","0"
"Hot Ones - The Classic - Garlic Fresno Individual ( RM-46-002 )","Heatonist","Englewood","1","298","-1","-","180","120","P02127 7/22/26","SA-46-002 1.0","Hot Sauce :  10.7 %","4 w","4 w","—","SA-46-002 :   No","Legacy","—","—","50.0 % Week  49 - 53","-","-","123","33","51","40","43","42","48","59","105","76","58","66","53","61","94","74","280","554","783","526","140","167","80","59","70","0","0","0","0","0","0","0","0","0","0","0","0","0","0","0","0","0","0","0","0","0","0","0","0","0","0","0","0","0","0","0","0","0","0","0","0"
"Hot Ones - The Classic Buffalo Hot Sauce Individual ( RM-46-004 )","Heatonist","Englewood","1","263","156","-","0","108","P02127 7/22/26 P02050 6/2/26","SA-46-004 1.0","Hot Sauce :  8.0 %","4 w","4 w","—","SA-46-004 :   No","Core","OK 263  /   125 4 w  goal","OK 155  /   63 2 w  packed","50.0 % Week  49 - 53","-","-","51","25","38","30","32","32","36","44","79","57","43","49","40","45","70","55","209","413","584","392","104","124","60","44","52","0","0","0","0","0","0","0","0","0","0","0","0","0","0","0","0","0","0","0","0","0","0","0","0","0","0","0","0","0","0","0","0","0","0","0","0"
"Hot Ones - The Classic - Sriracha Hot Sauce Individual ( RM-46-005 )","Heatonist","Englewood","1","201","154","-","0","48","P02127 7/22/26","SA-46-005 1.0","Hot Sauce :  5.7 %","4 w","4 w","—","SA-46-005 :   No","Core","OK 201  /   90 4 w  goal","OK 153  /   45 2 w  packed","50.0 % Week  49 - 53","-","-","24","18","27","21","23","23","26","31","56","41","31","35","28","32","50","39","150","296","418","281","75","89","43","31","37","0","0","0","0","0","0","0","0","0","0","0","0","0","0","0","0","0","0","0","0","0","0","0","0","0","0","0","0","0","0","0","0","0","0","0","0"
"Hot Ones - The Classic - Los Calientes - Rojo Individual ( RM-46-007 )","Heatonist","Englewood","1","283","104","-","0","180","P02127 7/22/26","SA-46-007 1.0","Hot Sauce :  8.7 %","4 w","4 w","—","SA-46-007 :   No","Core","OK 283  /   135 4 w  goal","OK 103  /   68 2 w  packed","50.0 % Week  49 - 53","-","-","57","27","41","32","35","34","38","47","85","61","46","53","43","49","76","59","226","447","632","424","113","135","65","47","56","0","0","0","0","0","0","0","0","0","0","0","0","0","0","0","0","0","0","0","0","0","0","0","0","0","0","0","0","0","0","0","0","0","0","0","0"
"Hot Ones - Salsa Amarilla - Mango Habenero Individual ( RM-46-009 )","Heatonist","Englewood","1","588","1","-","420","168","P02127 7/22/26","SA-46-009 1.0","Hot Sauce :  14.5 %","4 w","4 w","—","SA-46-009 :   No","Legacy","—","—","50.0 % Week  49 - 53","-","-","0","45","69","54","59","57","65","80","142","103","78","89","72","82","127","100","379","749","1059","711","190","226","109","79","94","0","0","0","0","0","0","0","0","0","0","0","0","0","0","0","0","0","0","0","0","0","0","0","0","0","0","0","0","0","0","0","0","0","0","0","0"
"Karma - Good Karma Individual ( RM-46-010 )","Karma Sauce","Englewood","1","153","94","-","0","60","P02157 8/5/26","SA-46-010 1.0","Hot Sauce :  4.2 %","4 w","4 w","—","SA-46-010 :   No","Core","OK 153  /   102 6 w  goal","OK 93  /   34 2 w  packed","50.0 % Week  49 - 53","-","-","14","13","20","16","17","17","19","23","42","30","23","26","21","24","37","29","111","219","310","208","55","66","32","23","28","0","0","0","0","0","0","0","0","0","0","0","0","0","0","0","0","0","0","0","0","0","0","0","0","0","0","0","0","0","0","0","0","0","0","0","0"
"Karma - Cosmic Dumplin Individual ( RM-46-012 )","Karma Sauce","Englewood","1","204","145","-","0","60","P02157 8/5/26","SA-46-012 1.0","Hot Sauce :  6.1 %","4 w","4 w","—","SA-46-012 :   No","Core","OK 204  /   146 6 w  goal","OK 144  /   48 2 w  packed","50.0 % Week  49 - 53","-","-","35","19","29","23","25","24","27","33","60","43","33","38","30","35","53","42","159","314","445","299","80","95","46","33","40","0","0","0","0","0","0","0","0","0","0","0","0","0","0","0","0","0","0","0","0","0","0","0","0","0","0","0","0","0","0","0","0","0","0","0","0"
"Karma - Scorpion Disco Individual ( RM-46-013 )","Karma Sauce","Englewood","1","184","125","-","0","60","P02157 8/5/26","SA-46-013 1.0","Hot Sauce :  5.0 %","4 w","4 w","—","SA-46-013 :   No","Core","OK 184  /   120 6 w  goal","OK 124  /   39 2 w  packed","50.0 % Week  49 - 53","-","-","12","15","24","18","20","20","22","27","49","35","27","31","25","28","44","34","130","257","364","244","65","78","37","27","32","0","0","0","0","0","0","0","0","0","0","0","0","0","0","0","0","0","0","0","0","0","0","0","0","0","0","0","0","0","0","0","0","0","0","0","0"
"Karma - Cherry Bomb Individual ( RM-46-016 )","Karma Sauce","Englewood","1","154","107","-","0","48","P02157 8/5/26","SA-46-016 1.0","Hot Sauce :  4.2 %","4 w","4 w","—","SA-46-016 :   No","Core","OK 154  /   100 6 w  goal","OK 106  /   33 2 w  packed","50.0 % Week  49 - 53","-","-","10","13","20","15","17","16","19","23","41","30","22","26","21","24","37","29","109","215","305","205","55","65","31","23","27","0","0","0","0","0","0","0","0","0","0","0","0","0","0","0","0","0","0","0","0","0","0","0","0","0","0","0","0","0","0","0","0","0","0","0","0"
"Karma - Bad Karma Individual ( RM-46-017 )","Karma Sauce","Englewood","1","165","118","-","0","48","P02157 8/5/26","SA-46-017 1.0","Hot Sauce :  4.5 %","4 w","4 w","—","SA-46-017 :   No","Core","OK 165  /   107 6 w  goal","OK 117  /   35 2 w  packed","50.0 % Week  49 - 53","-","-","10","14","21","17","18","18","20","25","44","32","24","28","22","25","39","31","117","230","326","219","58","69","33","24","29","0","0","0","0","0","0","0","0","0","0","0","0","0","0","0","0","0","0","0","0","0","0","0","0","0","0","0","0","0","0","0","0","0","0","0","0"
"Karma - Ghost Island Individual ( RM-46-018 )","Karma Sauce","Englewood","1","224","165","-","0","60","P02157 8/5/26","SA-46-018 1.0","Hot Sauce :  5.8 %","4 w","4 w","—","SA-46-018 :   No","Core","OK 224  /   140 6 w  goal","OK 164  /   46 2 w  packed","50.0 % Week  49 - 53","-","-","5","18","28","22","24","23","26","32","57","41","31","36","29","33","51","40","152","301","426","286","76","91","44","32","38","0","0","0","0","0","0","0","0","0","0","0","0","0","0","0","0","0","0","0","0","0","0","0","0","0","0","0","0","0","0","0","0","0","0","0","0"
"Cabin Fever Individual ( RM-39-051-A )","Saltopia","Englewood","10","104","44","-","70","-","-","SA-39-051-A 1.0","Gourmet Goods & Spa :  1.6 %","4 w","4 w","—","SA-39-051-A :   No","Core","Short 104  /   165 8 w  goal","OK 34  /   33 2 w  packed","50.0 % Week  49 - 53","-","-","60","14","19","16","17","17","19","23","40","32","23","26","21","25","40","31","119","237","352","229","63","75","35","24","19","0","0","0","0","0","0","0","0","0","0","0","0","0","0","0","0","0","0","0","0","0","0","0","0","0","0","0","0","0","0","0","0","0","0","0","0"
"Holy Moly Individual ( RM-39-053-A )","Saltopia","Englewood","5","110","45","-","70","-","-","SA-39-053-A 1.0","Gourmet Goods & Spa :  1.2 %","4 w","4 w","—","SA-39-053-A :   No","Core","Short 110  /   122 8 w  goal","OK 40  /   25 2 w  packed","50.0 % Week  49 - 53","-","-","11","10","14","12","12","12","14","17","29","24","17","19","16","19","30","23","88","175","260","169","46","55","26","18","14","0","0","0","0","0","0","0","0","0","0","0","0","0","0","0","0","0","0","0","0","0","0","0","0","0","0","0","0","0","0","0","0","0","0","0","0"
"Kitchen’s Keeper Individual ( RM-39-054-A )","Saltopia","Englewood","1","131","7","-","125","-","-","SA-39-054-A 1.0","Gourmet Goods & Spa :  2.3 %","4 w","4 w","—","SA-39-054-A :   No","Core","Short 131  /   245 8 w  goal","Short 6  /   50 2 w  packed","50.0 % Week  49 - 53","-","-","113","21","28","24","25","25","28","34","59","47","34","38","32","38","60","47","177","353","524","341","94","112","52","36","29","0","0","0","0","0","0","0","0","0","0","0","0","0","0","0","0","0","0","0","0","0","0","0","0","0","0","0","0","0","0","0","0","0","0","0","0"
"Pucker Up Buster Individual ( RM-39-055-A )","Saltopia","Englewood","5","105","1","48","109","-","-","SA-39-055-A 1.0","Gourmet Goods & Spa :  1.2 %","4 w","4 w","—","SA-39-055-A :   No","Core","Short 105  /   125 8 w  goal","Short 0  /   25 2 w  packed","50.0 % Week  49 - 53","-","-","19","11","14","12","13","13","14","17","30","24","17","19","16","19","31","24","90","179","266","173","47","57","27","18","15","0","0","0","0","0","0","0","0","0","0","0","0","0","0","0","0","0","0","0","0","0","0","0","0","0","0","0","0","0","0","0","0","0","0","0","0"
"Thyme To Spare Individual ( RM-39-058-A )","Saltopia","—","1","1","2","-","0","-","-","SA-39-058-A 1.0","-","4 w","4 w","—","SA-39-058-A :   Yes","Legacy","—","—","50.0 % Week  49 - 53","-","-","0","0","0","0","0","0","0","0","0","0","0","0","0","0","0","0","0","0","0","0","0","0","0","0","0","0","0","0","0","0","0","0","0","0","0","0","0","0","0","0","0","0","0","0","0","0","0","0","0","0","0","0","0","0","0","0","0","0","0","0","0"
"Vanilla Gourmet Gelato Mix Individual ( RM-39-059-A )","Saltopia","—","0","0","0","-","0","-","-","SA-39-059-A","-","4 w","4 w","—","-","Legacy","—","—","50.0 % Week  49 - 53","-","-","0","0","0","0","0","0","0","0","0","0","0","0","0","0","0","0","0","0","0","0","0","0","0","0","0","0","0","0","0","0","0","0","0","0","0","0","0","0","0","0","0","0","0","0","0","0","0","0","0","0","0","0","0","0","0","0","0","0","0","0","0"
"Dark Chocolate Gourmet Gelato Mix Individual ( RM-39-060-A )","Saltopia","—","0","0","0","-","0","-","-","SA-39-060-A","-","4 w","4 w","—","-","Legacy","—","—","50.0 % Week  49 - 53","-","-","0","0","0","0","0","0","0","0","0","0","0","0","0","0","0","0","0","0","0","0","0","0","0","0","0","0","0","0","0","0","0","0","0","0","0","0","0","0","0","0","0","0","0","0","0","0","0","0","0","0","0","0","0","0","0","0","0","0","0","0","0"
"Salted Caramel Gourmet Gelato Mix Individual ( RM-39-061-A )","Saltopia","—","0","0","0","-","0","-","-","SA-39-061-A","-","4 w","4 w","—","-","Legacy","—","—","50.0 % Week  49 - 53","-","-","0","0","0","0","0","0","0","0","0","0","0","0","0","0","0","0","0","0","0","0","0","0","0","0","0","0","0","0","0","0","0","0","0","0","0","0","0","0","0","0","0","0","0","0","0","0","0","0","0","0","0","0","0","0","0","0","0","0","0","0","0"
"Cappuccino Gourmet Gelato Mix Individual ( RM-39-062-A )","Saltopia","—","0","0","0","-","0","-","-","SA-39-062-A","-","4 w","4 w","—","-","Legacy","—","—","50.0 % Week  49 - 53","-","-","0","0","0","0","0","0","0","0","0","0","0","0","0","0","0","0","0","0","0","0","0","0","0","0","0","0","0","0","0","0","0","0","0","0","0","0","0","0","0","0","0","0","0","0","0","0","0","0","0","0","0","0","0","0","0","0","0","0","0","0","0"
"Tiramisu Gourmet Gelato Mix Individual ( RM-39-063-A )","Saltopia","—","0","0","0","-","0","-","-","SA-39-063-A","-","4 w","4 w","—","-","Legacy","—","—","50.0 % Week  49 - 53","-","-","0","0","0","0","0","0","0","0","0","0","0","0","0","0","0","0","0","0","0","0","0","0","0","0","0","0","0","0","0","0","0","0","0","0","0","0","0","0","0","0","0","0","0","0","0","0","0","0","0","0","0","0","0","0","0","0","0","0","0","0","0"
"Strawberry Gourmet Gelato Mix Individual ( RM-39-064-A )","Saltopia","—","0","0","0","-","0","-","-","SA-39-064-A","-","4 w","4 w","—","-","Legacy","—","—","50.0 % Week  49 - 53","-","-","0","0","0","0","0","0","0","0","0","0","0","0","0","0","0","0","0","0","0","0","0","0","0","0","0","0","0","0","0","0","0","0","0","0","0","0","0","0","0","0","0","0","0","0","0","0","0","0","0","0","0","0","0","0","0","0","0","0","0","0","0"
"Lemon Gourmet Gelato Mix Individual ( RM-39-065-A )","Saltopia","—","0","0","0","-","0","-","-","SA-39-065-A","-","4 w","4 w","—","-","Legacy","—","—","50.0 % Week  49 - 53","-","-","0","0","0","0","0","0","0","0","0","0","0","0","0","0","0","0","0","0","0","0","0","0","0","0","0","0","0","0","0","0","0","0","0","0","0","0","0","0","0","0","0","0","0","0","0","0","0","0","0","0","0","0","0","0","0","0","0","0","0","0","0"
"Raspberry Gourmet Gelato Mix Individual ( RM-39-066-A )","Saltopia","—","0","0","0","-","0","-","-","SA-39-066-A","-","4 w","4 w","—","-","Legacy","—","—","50.0 % Week  49 - 53","-","-","0","0","0","0","0","0","0","0","0","0","0","0","0","0","0","0","0","0","0","0","0","0","0","0","0","0","0","0","0","0","0","0","0","0","0","0","0","0","0","0","0","0","0","0","0","0","0","0","0","0","0","0","0","0","0","0","0","0","0","0","0"
"Sea Salt Sampler ( 3 x 6 oz bags) Individual ( RM-39-077-A )","Saltopia","Englewood","9","188","197","-","0","-","-","","Gourmet Goods & Spa :  2.0 %","4 w","4 w","—","5  Active","Core","Short 188  /   214 8 w  goal","OK 188  /   43 2 w  packed","50.0 % Week  49 - 53","-","-","26","18","25","21","22","22","25","29","52","41","30","33","28","33","53","41","155","309","458","299","82","98","46","32","25","0","0","0","0","0","0","0","0","0","0","0","0","0","0","0","0","0","0","0","0","0","0","0","0","0","0","0","0","0","0","0","0","0","0","0","0"
"Great outdoors Saltopia Individual ( RM-39-079-A )","Saltopia","—","6","0","0","-","-5","-","-","FG-48-023-A 1.0 FG-48-024-A 1.0 SA-48-080-A 1.0","-","4 w","4 w","—","3  Active","Legacy","—","—","50.0 % Week  49 - 53","-","-","0","0","0","0","0","0","0","0","0","0","0","0","0","0","0","0","0","0","0","0","0","0","0","0","0","0","0","0","0","0","0","0","0","0","0","0","0","0","0","0","0","0","0","0","0","0","0","0","0","0","0","0","0","0","0","0","0","0","0","0","0"
"Saltopia Double Chocolate Hot Cocoa ( RM-39-092-A )","Saltopia","—","7","189","0","-","196","-","-","FG-48-034-A 1.0 FG-48-035-A 1.0 FG-48-036-A 1.0 SA-48-088-A 1.0","-","4 w","4 w","—","4  Active","Legacy","—","—","50.0 % Week  49 - 53","-","-","0","0","0","0","0","0","0","0","0","0","0","0","0","0","0","0","0","0","0","0","0","0","0","0","0","0","0","0","0","0","0","0","0","0","0","0","0","0","0","0","0","0","0","0","0","0","0","0","0","0","0","0","0","0","0","0","0","0","0","0","0"
"Saltopia Caramel Chocolate Hot Cocoa ( RM-39-093-A )","Saltopia","—","15","0","0","-","-38","-","-","FG-48-031-A 1.0 FG-48-032-A 1.0 FG-48-033-A 1.0 SA-48-091-A 0.5","-","4 w","4 w","—","4  Active","Legacy","—","—","50.0 % Week  49 - 53","-","-","0","0","0","0","0","0","0","0","0","0","0","0","0","0","0","0","0","0","0","0","0","0","0","0","0","0","0","0","0","0","0","0","0","0","0","0","0","0","0","0","0","0","0","0","0","0","0","0","0","0","0","0","0","0","0","0","0","0","0","0","0"
"Fig & Ginger Jam Individual ( RM-39-029-A )","Stonewall Kitchen","Englewood","8","77","61","-","24","-","-","SA-39-029-A 1.0","Gourmet Goods & Spa :  1.0 %","4 w","4 w","—","SA-39-029-A :   No","Core","Short 77  /   106 8 w  goal","OK 53  /   22 2 w  packed","50.0 % Week  49 - 53","-","-","29","9","12","10","11","11","12","15","26","21","15","17","14","16","26","20","77","153","227","148","41","48","23","16","12","0","0","0","0","0","0","0","0","0","0","0","0","0","0","0","0","0","0","0","0","0","0","0","0","0","0","0","0","0","0","0","0","0","0","0","0"
"Seedless Raspberry Jam Individual ( RM-39-031-A )","Stonewall Kitchen","Englewood","1","131","24","-","36","72","P02152 8/4/26","SA-39-031-A 1.0","Gourmet Goods & Spa :  1.8 %","4 w","4 w","—","SA-39-031-A :   No","Core","OK 131  /   119 6 w  goal","Short 23  /   39 2 w  packed","50.0 % Week  49 - 53","-","-","60","16","22","19","20","20","22","26","46","37","27","30","25","30","47","37","138","276","409","267","73","87","41","28","22","0","0","0","0","0","0","0","0","0","0","0","0","0","0","0","0","0","0","0","0","0","0","0","0","0","0","0","0","0","0","0","0","0","0","0","0"
"Red Pepper Jelly Individual ( RM-39-032-A )","Stonewall Kitchen","—","5","0","4","-","0","-","-","SA-39-032-A 1.0","-","4 w","4 w","—","SA-39-032-A :   Yes","Legacy","—","—","50.0 % Week  49 - 53","-","-","0","0","0","0","0","0","0","0","0","0","0","0","0","0","0","0","0","0","0","0","0","0","0","0","0","0","0","0","0","0","0","0","0","0","0","0","0","0","0","0","0","0","0","0","0","0","0","0","0","0","0","0","0","0","0","0","0","0","0","0","0"
"Hot Pepper Jelly Individual ( RM-39-033-A )","Stonewall Kitchen","Englewood","10","121","35","-","84","12","P02152 8/4/26","SA-39-033-A 1.0","Gourmet Goods & Spa :  1.6 %","4 w","4 w","—","SA-39-033-A :   No","Core","OK 121  /   102 6 w  goal","Short 25  /   33 2 w  packed","50.0 % Week  49 - 53","-","-","42","14","19","16","17","17","19","22","39","32","23","25","21","25","40","31","118","236","350","228","62","75","35","24","19","0","0","0","0","0","0","0","0","0","0","0","0","0","0","0","0","0","0","0","0","0","0","0","0","0","0","0","0","0","0","0","0","0","0","0","0"
"Maple Bacon Onion Jam Individual ( RM-39-035-A )","Stonewall Kitchen","Englewood","2","99","29","-","72","-","-","SA-39-035-A 1.0","Gourmet Goods & Spa :  1.2 %","4 w","4 w","—","SA-39-035-A :   No","Core","Short 99  /   130 8 w  goal","OK 27  /   27 2 w  packed","50.0 % Week  49 - 53","-","-","31","11","15","13","13","13","15","18","31","25","18","20","17","20","32","25","94","187","278","181","50","59","28","19","15","0","0","0","0","0","0","0","0","0","0","0","0","0","0","0","0","0","0","0","0","0","0","0","0","0","0","0","0","0","0","0","0","0","0","0","0"
"Bourbon Bacon Jam Individual ( RM-39-036-A )","Stonewall Kitchen","Englewood","2","105","23","-","60","24","P02152 8/4/26","SA-39-036-A 1.0","Gourmet Goods & Spa :  1.4 %","4 w","4 w","—","SA-39-036-A :   No","Core","OK 105  /   94 6 w  goal","Short 21  /   31 2 w  packed","50.0 % Week  49 - 53","-","-","45","13","17","15","15","15","17","21","36","29","21","23","19","23","37","29","108","216","321","209","57","68","32","22","18","0","0","0","0","0","0","0","0","0","0","0","0","0","0","0","0","0","0","0","0","0","0","0","0","0","0","0","0","0","0","0","0","0","0","0","0"
"Hot Pepper Peach Jam Individual ( RM-39-037-A )","Stonewall Kitchen","—","5","2","79","-","-72","-","-","SA-39-037-A 1.0","-","4 w","4 w","—","SA-39-037-A :   Yes","Legacy","—","—","50.0 % Week  49 - 53","-","-","0","0","0","0","0","0","0","0","0","0","0","0","0","0","0","0","0","0","0","0","0","0","0","0","0","0","0","0","0","0","0","0","0","0","0","0","0","0","0","0","0","0","0","0","0","0","0","0","0","0","0","0","0","0","0","0","0","0","0","0","0"
"Sweet Honey Mustard Individual ( RM-39-038-A )","Stonewall Kitchen","Englewood","1","111","76","-","36","-","-","SA-39-038-A 1.0","Gourmet Goods & Spa :  0.9 %","4 w","4 w","—","SA-39-038-A :   No","Core","OK 111  /   95 8 w  goal","OK 75  /   19 2 w  packed","50.0 % Week  49 - 53","-","-","0","8","11","9","10","10","11","13","23","18","13","15","12","15","23","18","68","136","203","132","36","43","20","14","11","0","0","0","0","0","0","0","0","0","0","0","0","0","0","0","0","0","0","0","0","0","0","0","0","0","0","0","0","0","0","0","0","0","0","0","0"
"Blue Cheese Herb Mustard Individual ( RM-39-039-A )","Stonewall Kitchen","Englewood","5","78","59","-","24","-","-","SA-39-039-A 1.0","Gourmet Goods & Spa :  0.7 %","4 w","4 w","—","SA-39-039-A :   No","Core","OK 78  /   73 8 w  goal","OK 54  /   15 2 w  packed","50.0 % Week  49 - 53","-","-","0","6","8","7","7","7","8","10","18","14","10","11","9","11","18","14","52","105","155","101","28","33","15","11","9","0","0","0","0","0","0","0","0","0","0","0","0","0","0","0","0","0","0","0","0","0","0","0","0","0","0","0","0","0","0","0","0","0","0","0","0"
"Horseradish Mustard Individual ( RM-39-040-A )","Stonewall Kitchen","Englewood","10","88","74","-","24","-","-","SA-39-040-A 1.0","Gourmet Goods & Spa :  1.2 %","4 w","4 w","—","SA-39-040-A :   No","Core","Short 88  /   122 8 w  goal","OK 64  /   25 2 w  packed","50.0 % Week  49 - 53","-","-","33","10","14","12","12","12","14","17","29","24","17","19","16","19","30","23","88","175","260","169","46","55","26","18","14","0","0","0","0","0","0","0","0","0","0","0","0","0","0","0","0","0","0","0","0","0","0","0","0","0","0","0","0","0","0","0","0","0","0","0","0"
"Raspberry Honey Mustard Dip Individual ( RM-39-043-A )","Stonewall Kitchen","—","3","1","4","-","0","-","-","SA-39-043-A 1.0","-","4 w","4 w","—","SA-39-043-A :   Yes","Legacy","—","—","50.0 % Week  49 - 53","-","-","0","0","0","0","0","0","0","0","0","0","0","0","0","0","0","0","0","0","0","0","0","0","0","0","0","0","0","0","0","0","0","0","0","0","0","0","0","0","0","0","0","0","0","0","0","0","0","0","0","0","0","0","0","0","0","0","0","0","0","0","0"
"Dark Chocolate Sea Salt Caramel Individual ( RM-39-044-A )","Stonewall Kitchen","Englewood","5","78","35","-","48","-","-","SA-39-044-A 1.0","-","4 w","4 w","—","SA-39-044-A :   Yes","Core","OK no demand","OK no demand","50.0 % Week  49 - 53","-","-","0","0","0","0","0","0","0","0","0","0","0","0","0","0","0","0","0","0","0","0","0","0","0","0","0","0","0","0","0","0","0","0","0","0","0","0","0","0","0","0","0","0","0","0","0","0","0","0","0","0","0","0","0","0","0","0","0","0","0","0","0"
"Sea Salt Caramel Individual ( RM-39-045-A )","Stonewall Kitchen","Englewood","11","109","0","-","0","120","P02152 8/4/26","FG-48-018-A 1.0 SA-39-045-A 1.0 SA-48-074-A 1.0","Gourmet Goods & Spa :  1.0 %","4 w","4 w","—","3  Active","Core","OK 109  /   65 6 w  goal","Short 0  /   21 2 w  packed","50.0 % Week  49 - 53","-","-","0","9","12","10","11","11","12","14","25","20","14","16","13","16","25","20","74","149","221","144","39","47","22","15","12","0","0","0","0","0","0","0","0","0","0","0","0","0","0","0","0","0","0","0","0","0","0","0","0","0","0","0","0","0","0","0","0","0","0","0","0"
"Bittersweet Chocolate Individual ( RM-39-046-A )","Stonewall Kitchen","—","5","0","1","-","0","-","-","SA-39-046-A 1.0","-","4 w","4 w","—","SA-39-046-A :   Yes","Legacy","—","—","50.0 % Week  49 - 53","-","-","0","0","0","0","0","0","0","0","0","0","0","0","0","0","0","0","0","0","0","0","0","0","0","0","0","0","0","0","0","0","0","0","0","0","0","0","0","0","0","0","0","0","0","0","0","0","0","0","0","0","0","0","0","0","0","0","0","0","0","0","0"
"Bourbon Pecan Caramel Individual ( RM-39-047-A )","Stonewall Kitchen","Englewood","5","47","28","-","0","24","P02152 8/4/26","SA-39-047-A 1.0","Gourmet Goods & Spa :  0.6 %","4 w","4 w","—","SA-39-047-A :   No","Core","OK 47  /   41 6 w  goal","OK 23  /   14 2 w  packed","50.0 % Week  49 - 53","-","-","19","6","8","6","7","7","8","9","16","13","9","10","8","10","16","13","48","95","141","92","25","30","14","10","8","0","0","0","0","0","0","0","0","0","0","0","0","0","0","0","0","0","0","0","0","0","0","0","0","0","0","0","0","0","0","0","0","0","0","0","0"
"Dulce de Leche Individual ( RM-39-048-A )","Stonewall Kitchen","Englewood","5","87","68","-","24","-","-","SA-39-048-A 1.0","Gourmet Goods & Spa :  1.0 %","4 w","4 w","—","SA-39-048-A :   No","Core","Short 87  /   107 8 w  goal","OK 63  /   22 2 w  packed","50.0 % Week  49 - 53","-","-","20","9","12","11","11","11","12","15","26","21","15","17","14","17","26","21","77","154","229","149","41","49","23","16","13","0","0","0","0","0","0","0","0","0","0","0","0","0","0","0","0","0","0","0","0","0","0","0","0","0","0","0","0","0","0","0","0","0","0","0","0"
"Coffee Caramel Individual ( RM-39-049-A )","Stonewall Kitchen","Englewood","1","103","31","3","49","24","P02152 8/4/26","SA-39-049-A 1.0","Gourmet Goods & Spa :  0.2 %","4 w","4 w","—","SA-39-049-A :   No","Core","OK 103  /   15 6 w  goal","OK 30  /   5 2 w  packed","50.0 % Week  49 - 53","-","-","0","2","3","2","2","2","3","3","6","5","3","4","3","4","6","5","17","34","51","33","9","11","5","4","3","0","0","0","0","0","0","0","0","0","0","0","0","0","0","0","0","0","0","0","0","0","0","0","0","0","0","0","0","0","0","0","0","0","0","0","0"
"Wild Maine Blueberry Jam Individual ( RM-39-050-A )","Stonewall Kitchen","Englewood","5","112","-3","50","120","-","-","SA-39-050-A 1.0","Gourmet Goods & Spa :  1.7 %","4 w","4 w","—","SA-39-050-A :   No","Core","Short 112  /   182 8 w  goal","Short 0  /   37 2 w  packed","50.0 % Week  49 - 53","-","-","69","15","21","18","19","19","21","25","44","35","25","28","23","28","45","35","131","262","389","253","69","83","39","27","21","0","0","0","0","0","0","0","0","0","0","0","0","0","0","0","0","0","0","0","0","0","0","0","0","0","0","0","0","0","0","0","0","0","0","0","0"
"Strawberry Jam Individual ( RM-39-067-A )","Stonewall Kitchen","Englewood","4","13","3","-","14","-","-","","-","4 w","4 w","—","1  Disc 4  Active","Legacy","—","—","50.0 % Week  49 - 53","-","-","0","0","0","0","0","0","0","0","0","0","0","0","0","0","0","0","0","0","0","0","0","0","0","0","0","0","0","0","0","0","0","0","0","0","0","0","0","0","0","0","0","0","0","0","0","0","0","0","0","0","0","0","0","0","0","0","0","0","0","0","0"
"Balsamic Onion Jam Individual ( RM-39-002-A )","Terrapin Ridge","Englewood","10","128","30","-","108","-","-","SA-39-002-A 1.0","Gourmet Goods & Spa :  1.5 %","4 w","4 w","—","SA-39-002-A :   No","Core","Short 128  /   162 8 w  goal","Short 20  /   33 2 w  packed","50.0 % Week  49 - 53","-","-","33","14","19","16","17","17","19","22","39","31","22","25","21","25","40","31","117","233","346","225","62","74","34","24","19","0","0","0","0","0","0","0","0","0","0","0","0","0","0","0","0","0","0","0","0","0","0","0","0","0","0","0","0","0","0","0","0","0","0","0","0"
"Blueberry Bourbon Pecan Jam Individual ( RM-39-005-A )","Terrapin Ridge","Englewood","5","99","68","-","36","-","-","SA-39-005-A 1.0","Gourmet Goods & Spa :  1.3 %","4 w","4 w","—","SA-39-005-A :   No","Core","Short 99  /   138 8 w  goal","OK 63  /   28 2 w  packed","50.0 % Week  49 - 53","-","-","38","12","16","14","14","14","16","19","33","27","19","21","18","21","34","26","99","198","295","192","53","63","29","20","16","0","0","0","0","0","0","0","0","0","0","0","0","0","0","0","0","0","0","0","0","0","0","0","0","0","0","0","0","0","0","0","0","0","0","0","0"
"Stawberry & Fig Jam Individual ( RM-39-006-A )","Terrapin Ridge","—","5","2","7","-","0","-","-","SA-39-006-A 1.0","-","4 w","4 w","—","SA-39-006-A :   Yes","Legacy","—","—","50.0 % Week  49 - 53","-","-","0","0","0","0","0","0","0","0","0","0","0","0","0","0","0","0","0","0","0","0","0","0","0","0","0","0","0","0","0","0","0","0","0","0","0","0","0","0","0","0","0","0","0","0","0","0","0","0","0","0","0","0","0","0","0","0","0","0","0","0","0"
"Raspberry Honey Mustard Dip Individual ( RM-39-010-A )","Terrapin Ridge","—","5","3","8","-","0","-","-","SA-39-010-A 1.0","-","4 w","4 w","—","SA-39-010-A :   Yes","Legacy","—","—","50.0 % Week  49 - 53","-","-","0","0","0","0","0","0","0","0","0","0","0","0","0","0","0","0","0","0","0","0","0","0","0","0","0","0","0","0","0","0","0","0","0","0","0","0","0","0","0","0","0","0","0","0","0","0","0","0","0","0","0","0","0","0","0","0","0","0","0","0","0"
"Pineapple & Habanero Dip Individual ( RM-39-013-A )","Terrapin Ridge","Englewood","5","0","5","-","0","-","-","SA-39-013-A 1.0","-","4 w","4 w","—","SA-39-013-A :   Yes","Legacy","—","—","50.0 % Week  49 - 53","-","-","0","0","0","0","0","0","0","0","0","0","0","0","0","0","0","0","0","0","0","0","0","0","0","0","0","0","0","0","0","0","0","0","0","0","0","0","0","0","0","0","0","0","0","0","0","0","0","0","0","0","0","0","0","0","0","0","0","0","0","0","0"
"Hoppin Jalapeno Dip Individual ( RM-39-016-A )","Terrapin Ridge","—","5","1","6","-","0","-","-","SA-39-016-A 1.0","-","4 w","4 w","—","SA-39-016-A :   Yes","Legacy","—","—","50.0 % Week  49 - 53","-","-","0","0","0","0","0","0","0","0","0","0","0","0","0","0","0","0","0","0","0","0","0","0","0","0","0","0","0","0","0","0","0","0","0","0","0","0","0","0","0","0","0","0","0","0","0","0","0","0","0","0","0","0","0","0","0","0","0","0","0","0","0"
"Creamy Garlic Mustard Individual ( RM-39-023-A )","Terrapin Ridge","Englewood","5","159","-2","15","166","-","-","SA-39-023-A 1.0","Gourmet Goods & Spa :  0.9 %","4 w","4 w","—","SA-39-023-A :   No","Core","OK 159  /   97 8 w  goal","Short 0  /   20 2 w  packed","50.0 % Week  49 - 53","-","-","0","8","11","9","10","10","11","13","23","19","13","15","12","15","24","18","70","139","207","135","37","44","21","14","11","0","0","0","0","0","0","0","0","0","0","0","0","0","0","0","0","0","0","0","0","0","0","0","0","0","0","0","0","0","0","0","0","0","0","0","0"
"Champagne Poppy Tiny Terracotta Individual ( RM-15-045-A )","Modern Sprout","—","0","0","0","-","0","-","-","SA-15-045-A","-","1 w","4 w","—","-","Legacy","—","—","50.0 % Week  49 - 53","-","-","0","0","0","0","0","0","0","0","0","0","0","0","0","0","0","0","0","0","0","0","0","0","0","0","0","0","0","0","0","0","0","0","0","0","0","0","0","0","0","0","0","0","0","0","0","0","0","0","0","0","0","0","0","0","0","0","0","0","0","0","0"
"Live Well Lavender Tiny Terracotta Individual ( RM-15-046-A )","Modern Sprout","—","0","0","0","-","0","-","-","SA-15-046-A","-","1 w","4 w","—","-","Legacy","—","—","50.0 % Week  49 - 53","-","-","0","0","0","0","0","0","0","0","0","0","0","0","0","0","0","0","0","0","0","0","0","0","0","0","0","0","0","0","0","0","0","0","0","0","0","0","0","0","0","0","0","0","0","0","0","0","0","0","0","0","0","0","0","0","0","0","0","0","0","0","0"
"Curious Catnip Tiny Terracotta Individual ( RM-15-048-A )","Modern Sprout","—","0","0","0","-","0","-","-","SA-15-048-A","-","1 w","4 w","—","-","Legacy","—","—","50.0 % Week  49 - 53","-","-","0","0","0","0","0","0","0","0","0","0","0","0","0","0","0","0","0","0","0","0","0","0","0","0","0","0","0","0","0","0","0","0","0","0","0","0","0","0","0","0","0","0","0","0","0","0","0","0","0","0","0","0","0","0","0","0","0","0","0","0","0"
"Primrose Tiny Terracotta Individual ( RM-15-049-A )","Modern Sprout","—","0","0","0","-","0","-","-","SA-15-049-A","-","1 w","4 w","—","-","Legacy","—","—","50.0 % Week  49 - 53","-","-","0","0","0","0","0","0","0","0","0","0","0","0","0","0","0","0","0","0","0","0","0","0","0","0","0","0","0","0","0","0","0","0","0","0","0","0","0","0","0","0","0","0","0","0","0","0","0","0","0","0","0","0","0","0","0","0","0","0","0","0","0"
"Benjamin Soap Sleep Spray Individual ( RM-16-104-A )","Benjamin Soap","Englewood","10","11","5","-","16","-","-","","Gourmet Goods & Spa :  2.3 %","5 w","4 w","—","5  Active","Legacy","—","—","50.0 % Week  49 - 53","-","-","279","21","28","24","25","25","28","33","59","47","34","38","31","38","60","47","176","351","522","340","93","111","52","36","29","0","0","0","0","0","0","0","0","0","0","0","0","0","0","0","0","0","0","0","0","0","0","0","0","0","0","0","0","0","0","0","0","0","0","0","0"
"Ocean Room Spray (4 oz) Individual ( RM-16-106-A )","Benjamin Soap","Englewood","12","0","5","-","-8","-","-","","Gourmet Goods & Spa :  1.5 %","5 w","4 w","—","5  Active","Legacy","—","—","50.0 % Week  49 - 53","-","-","203","13","18","15","16","16","18","22","38","31","22","25","20","24","39","30","114","227","338","220","60","72","34","23","19","0","0","0","0","0","0","0","0","0","0","0","0","0","0","0","0","0","0","0","0","0","0","0","0","0","0","0","0","0","0","0","0","0","0","0","0"
"Eucalyptus Shower Spray Individual ( RM-16-107-A )","Benjamin Soap","Englewood","10","58","9","-","59","-","-","SA-48-064-A 1.0 SA-51-110-E 1.0","Gourmet Goods & Spa :  1.8 %","5 w","4 w","—","SA-48-064-A :   No SA-51-110-E :   No","Legacy","—","—","50.0 % Week  49 - 53","-","-","169","16","22","19","19","20","22","26","46","37","26","30","25","29","47","36","137","274","407","265","73","87","41","28","22","0","0","0","0","0","0","0","0","0","0","0","0","0","0","0","0","0","0","0","0","0","0","0","0","0","0","0","0","0","0","0","0","0","0","0","0"
"Lavender Bath Salts Individual ( RM-40-019-A )","Benjamin Soap","Englewood","15","8","46","-","-23","-","-","","-","5 w","4 w","—","5  Active","Legacy","—","—","50.0 % Week  49 - 53","C-C40-REG-23-019-XXX","437","0","0","0","0","0","0","0","0","0","0","0","0","0","0","0","0","0","0","0","0","0","0","0","0","0","0","0","0","0","0","0","0","0","0","0","0","0","0","0","0","0","0","0","0","0","0","0","0","0","0","0","0","0","0","0","0","0","0","0","0","0"
"Rosemary Mint Bath Salts Individual ( RM-40-020-A )","Benjamin Soap","Englewood","20","0","7","-","-12","-","-","SA-40-020-A 1.0","-","5 w","4 w","—","SA-40-020-A :   No","Legacy","—","—","50.0 % Week  49 - 53","C-C40-REG-23-020-XXX","-","0","0","0","0","0","0","0","0","0","0","0","0","0","0","0","0","0","0","0","0","0","0","0","0","0","0","0","0","0","0","0","0","0","0","0","0","0","0","0","0","0","0","0","0","0","0","0","0","0","0","0","0","0","0","0","0","0","0","0","0","0"
"Perk Up Eye Patch Individual ( RM-40-025-A )","Rare Beauty Brands","Englewood","10","984","324","-","670","-","-","SA-40-025-A 0.5","-","3 w","4 w","—","SA-40-025-A :   No SA-51-115-E :   No","Legacy","—","—","50.0 % Week  49 - 53","C-C40-REG-23-025-XXX","2,660","0","0","0","0","0","0","0","0","0","0","0","0","0","0","0","0","0","0","0","0","0","0","0","0","0","0","0","0","0","0","0","0","0","0","0","0","0","0","0","0","0","0","0","0","0","0","0","0","0","0","0","0","0","0","0","0","0","0","0","0","0"
"Winter Spice Swirled Soap Individual ( RM-40-056-A )","Rock Creek Soap","Englewood","150","21","171","-","0","-","-","SA-40-056-A 1.0","-","5 w","4 w","—","SA-40-056-A :   Yes","Legacy","—","—","50.0 % Week  49 - 53","C-CXX-REG-22-XXX-SPA","1,405","0","0","0","0","0","0","0","0","0","0","0","0","0","0","0","0","0","0","0","0","0","0","0","0","0","0","0","0","0","0","0","0","0","0","0","0","0","0","0","0","0","0","0","0","0","0","0","0","0","0","0","0","0","0","0","0","0","0","0","0","0"
"Clarity salt soak Individual ( RM-40-071-A )","Rock Creek Soap","Englewood","7","374","216","-","165","-","-","","Gourmet Goods & Spa :  0.9 %","5 w","4 w","—","5  Active","Core","—","—","50.0 % Week  49 - 53","-","-","0","8","11","9","9","9","11","12","22","18","13","14","12","14","22","17","66","131","194","127","35","41","19","13","11","0","0","0","0","0","0","0","0","0","0","0","0","0","0","0","0","0","0","0","0","0","0","0","0","0","0","0","0","0","0","0","0","0","0","0","0"
"Rock Creek Big Sky Poured soap Individual ( RM-40-073-A )","Rock Creek Soap","—","7","39","0","-","46","-","-","FG-48-022-A 1.0 FG-48-023-A 1.0 FG-48-024-A 1.0 SA-48-079-A 1.0","-","5 w","4 w","—","4  Active","Legacy","—","—","50.0 % Week  49 - 53","-","-","0","0","0","0","0","0","0","0","0","0","0","0","0","0","0","0","0","0","0","0","0","0","0","0","0","0","0","0","0","0","0","0","0","0","0","0","0","0","0","0","0","0","0","0","0","0","0","0","0","0","0","0","0","0","0","0","0","0","0","0","0"
"Brown Sugar Sugar Scrub Cubes ( RM-40-099-A )","Rock Creek Soap","Englewood","5","68","-2","50","75","-","-","SA-51-037-E 1.0","Gourmet Goods & Spa :  1.1 %","5 w","4 w","—","SA-51-037-E :   No","Core","—","—","50.0 % Week  49 - 53","-","-","71","10","14","11","12","12","14","16","28","23","16","18","15","18","29","22","84","168","250","163","45","53","25","17","14","0","0","0","0","0","0","0","0","0","0","0","0","0","0","0","0","0","0","0","0","0","0","0","0","0","0","0","0","0","0","0","0","0","0","0","0"
"Espresso and Sugar Scrub Cubes ( RM-40-100-A )","Rock Creek Soap","Englewood","10","189","110","-","89","-","-","SA-51-038-E 1.0","Gourmet Goods & Spa :  0.9 %","5 w","4 w","—","SA-51-038-E :   No","Core","—","—","50.0 % Week  49 - 53","-","-","0","8","10","9","9","9","10","12","22","17","12","14","12","14","22","17","65","130","192","125","34","41","19","13","11","0","0","0","0","0","0","0","0","0","0","0","0","0","0","0","0","0","0","0","0","0","0","0","0","0","0","0","0","0","0","0","0","0","0","0","0"
"Sweet Sunshine Sugar Scrub Cubes ( RM-40-101-A )","Rock Creek Soap","Englewood","5","109","56","-","58","-","-","SA-51-039-E 1.0","Gourmet Goods & Spa :  1.3 %","5 w","4 w","—","SA-51-039-E :   No","Core","—","—","50.0 % Week  49 - 53","-","-","55","12","16","14","14","14","16","19","33","27","19","21","18","21","34","26","99","198","295","192","53","63","29","20","16","0","0","0","0","0","0","0","0","0","0","0","0","0","0","0","0","0","0","0","0","0","0","0","0","0","0","0","0","0","0","0","0","0","0","0","0"
"Wild Nectar Sugar Scrub Cubes ( RM-40-102-A )","Rock Creek Soap","Englewood","5","120","25","-","100","-","-","SA-51-040-E 1.0","Gourmet Goods & Spa :  1.1 %","5 w","4 w","—","SA-51-040-E :   No","Core","—","—","50.0 % Week  49 - 53","-","-","12","9","13","11","11","11","13","15","27","21","15","17","14","17","27","21","80","160","237","155","42","51","24","16","13","0","0","0","0","0","0","0","0","0","0","0","0","0","0","0","0","0","0","0","0","0","0","0","0","0","0","0","0","0","0","0","0","0","0","0","0"
"Soothing Salt Soak ( RM-40-103-A )","Rock Creek Soap","Englewood","8","78","-39","76","125","-","-","SA-51-041-E 1.0","Gourmet Goods & Spa :  1.1 %","5 w","4 w","—","SA-51-041-E :   No","Core","—","—","50.0 % Week  49 - 53","-","-","66","10","14","12","12","12","14","16","29","23","17","19","16","19","30","23","87","174","258","168","46","55","26","18","14","0","0","0","0","0","0","0","0","0","0","0","0","0","0","0","0","0","0","0","0","0","0","0","0","0","0","0","0","0","0","0","0","0","0","0","0"
"Balance Salt Soak ( RM-40-104-A )","Rock Creek Soap","Englewood","5","71","-52","66","128","-","-","SA-51-043-E 1.0","Gourmet Goods & Spa :  1.2 %","5 w","4 w","—","SA-51-043-E :   No","Core","—","—","50.0 % Week  49 - 53","-","-","84","11","15","13","13","13","15","18","31","25","18","20","17","20","32","25","94","187","278","181","50","59","28","19","15","0","0","0","0","0","0","0","0","0","0","0","0","0","0","0","0","0","0","0","0","0","0","0","0","0","0","0","0","0","0","0","0","0","0","0","0"
"Warm Amber Lavender Salt Soak ( RM-40-105-A )","Rock Creek Soap","Englewood","5","118","43","-","80","-","-","SA-51-044-E 1.0","Gourmet Goods & Spa :  1.3 %","5 w","4 w","—","SA-51-044-E :   No","Core","—","—","50.0 % Week  49 - 53","-","-","40","11","15","13","14","14","15","18","32","26","18","21","17","21","33","25","96","192","284","185","51","61","28","20","16","0","0","0","0","0","0","0","0","0","0","0","0","0","0","0","0","0","0","0","0","0","0","0","0","0","0","0","0","0","0","0","0","0","0","0","0"
"Night Blooming Jasmine Soap 4oz Individual ( RM-40-058-A )","Soap Cauldron","Englewood","10","403","41","2","372","-","-","","Gourmet Goods & Spa :  1.8 %","5 w","4 w","—","6  Active","Core","—","—","50.0 % Week  49 - 53","-","-","0","16","22","19","20","20","22","26","47","37","27","30","25","30","48","37","139","278","413","269","74","88","41","29","23","0","0","0","0","0","0","0","0","0","0","0","0","0","0","0","0","0","0","0","0","0","0","0","0","0","0","0","0","0","0","0","0","0","0","0","0"
"Sweet Orange Coconut Body Butter 4 oz Individual ( RM-40-061-A )","Soap Cauldron","Englewood","13","199","-3","-","215","-","-","","Gourmet Goods & Spa :  1.8 %","5 w","4 w","—","5  Active","Legacy","—","—","50.0 % Week  49 - 53","-","-","29","16","22","19","20","20","22","26","46","37","27","30","25","30","47","37","138","276","409","267","73","87","41","28","22","0","0","0","0","0","0","0","0","0","0","0","0","0","0","0","0","0","0","0","0","0","0","0","0","0","0","0","0","0","0","0","0","0","0","0","0"
"Meyer Lemon Agave Soap 4 oz Individual ( RM-40-062-A )","Soap Cauldron","Englewood","8","109","39","-","78","-","-","","Gourmet Goods & Spa :  1.3 %","5 w","4 w","—","6  Active","Core","—","—","50.0 % Week  49 - 53","-","-","54","12","16","13","14","14","16","19","33","26","19","21","18","21","34","26","99","197","293","191","52","62","29","20","16","0","0","0","0","0","0","0","0","0","0","0","0","0","0","0","0","0","0","0","0","0","0","0","0","0","0","0","0","0","0","0","0","0","0","0","0"
"Coastal Cedar Arnica Muscle Rub 4 oz Individual ( RM-40-068-A )","Soap Cauldron","Englewood","5","745","16","-","734","-","-","","Gourmet Goods & Spa :  2.2 %","5 w","4 w","—","6  Active","Core","—","—","50.0 % Week  49 - 53","-","-","0","20","27","23","24","24","27","32","56","45","33","37","30","36","58","45","169","338","501","327","89","107","50","35","27","0","0","0","0","0","0","0","0","0","0","0","0","0","0","0","0","0","0","0","0","0","0","0","0","0","0","0","0","0","0","0","0","0","0","0","0"
"Eucalyptus Salt Scrub 6 oz Individual ( RM-40-069-A )","Soap Cauldron","Englewood","9","162","2","-","169","-","-","","Gourmet Goods & Spa :  2.8 %","5 w","4 w","—","6  Active","Legacy","—","—","50.0 % Week  49 - 53","-","-","190","25","34","29","30","30","34","40","71","57","41","46","38","46","73","57","213","426","632","412","113","135","63","44","35","0","0","0","0","0","0","0","0","0","0","0","0","0","0","0","0","0","0","0","0","0","0","0","0","0","0","0","0","0","0","0","0","0","0","0","0"
"Coastal Cedar therapeutic soap 4 oz Individual ( RM-40-074-A )","Soap Cauldron","Englewood","5","893","-13","51","911","-","-","","Gourmet Goods & Spa :  1.2 %","5 w","4 w","—","6  Active","Core","—","—","50.0 % Week  49 - 53","-","-","0","10","14","12","12","12","14","17","29","24","17","19","16","19","30","23","88","175","260","169","46","55","26","18","14","0","0","0","0","0","0","0","0","0","0","0","0","0","0","0","0","0","0","0","0","0","0","0","0","0","0","0","0","0","0","0","0","0","0","0","0"
"Night Blooming Jasmine Body Butter 2.5 oz Individual ( RM-40-077-A )","Soap Cauldron","Englewood","10","114","44","2","80","-","-","SA-40-077-A 1.0 SA-51-029-E 1.0","Gourmet Goods & Spa :  1.8 %","5 w","4 w","—","SA-40-077-A :   No SA-51-029-E :   No","Core","Short 114  /   231 9 w  goal","Short 34  /   39 2 w  packed","50.0 % Week  49 - 53","C-C40-REG-23-077-XXX","610","116","16","22","19","20","20","22","26","47","37","27","30","25","30","48","37","139","278","413","269","74","88","41","29","23","0","0","0","0","0","0","0","0","0","0","0","0","0","0","0","0","0","0","0","0","0","0","0","0","0","0","0","0","0","0","0","0","0","0","0","0"
"French Lavender Body Butter 2.5 oz Individual ( RM-40-078-A )","Soap Cauldron","Englewood","15","133","-6","36","154","-","-","SA-40-078-A 1.0 SA-51-030-E 1.0","Gourmet Goods & Spa :  1.8 %","5 w","4 w","—","SA-40-078-A :   No SA-51-030-E :   No","Core","Short 133  /   231 9 w  goal","Short 0  /   39 2 w  packed","50.0 % Week  49 - 53","C-C40-REG-23-078-XXX","1,400","97","16","22","19","20","20","22","26","47","37","27","30","25","30","48","37","139","278","413","269","74","88","41","29","23","0","0","0","0","0","0","0","0","0","0","0","0","0","0","0","0","0","0","0","0","0","0","0","0","0","0","0","0","0","0","0","0","0","0","0","0"
"Meyer Lemon and Agave Body Butter 2.5 oz Individual ( RM-40-080-A )","Soap Cauldron","Englewood","15","117","50","-","82","-","-","SA-40-080-A 1.0 SA-51-032-E 1.0","Gourmet Goods & Spa :  1.3 %","5 w","4 w","—","SA-40-080-A :   No SA-51-032-E :   No","Core","Short 117  /   163 9 w  goal","OK 35  /   28 2 w  packed","50.0 % Week  49 - 53","C-C40-REG-23-080-XXX","455","46","12","16","13","14","14","16","19","33","26","19","21","18","21","34","26","99","197","293","191","52","62","29","20","16","0","0","0","0","0","0","0","0","0","0","0","0","0","0","0","0","0","0","0","0","0","0","0","0","0","0","0","0","0","0","0","0","0","0","0","0"
"Rose Coconut Body Butter 2.5 oz Individual ( RM-40-081-A )","Soap Cauldron","Englewood","15","153","18","20","150","-","-","SA-40-081-A 1.0 SA-51-031-E 1.0","Gourmet Goods & Spa :  1.8 %","5 w","4 w","—","SA-40-081-A :   No SA-51-031-E :   No","Core","Short 153  /   231 9 w  goal","Short 3  /   39 2 w  packed","50.0 % Week  49 - 53","C-C40-REG-23-081-XXX","750","77","16","22","19","20","20","22","26","47","37","27","30","25","30","48","37","139","278","413","269","74","88","41","29","23","0","0","0","0","0","0","0","0","0","0","0","0","0","0","0","0","0","0","0","0","0","0","0","0","0","0","0","0","0","0","0","0","0","0","0","0"
"Santa Rosa Plum and Nutmeg Body Butter 2.5 oz Individual ( RM-40-082-A )","Soap Cauldron","Englewood","15","77","44","-","48","-","-","SA-40-082-A 1.0 SA-51-033-E 1.0","Gourmet Goods & Spa :  0.8 %","5 w","4 w","—","SA-40-082-A :   No SA-51-033-E :   No","Core","Short 77  /   98 9 w  goal","OK 29  /   17 2 w  packed","50.0 % Week  49 - 53","C-C40-REG-23-082-XXX","1,100","21","7","10","8","8","8","10","11","20","16","11","13","11","13","20","16","59","119","176","115","31","38","18","12","10","0","0","0","0","0","0","0","0","0","0","0","0","0","0","0","0","0","0","0","0","0","0","0","0","0","0","0","0","0","0","0","0","0","0","0","0"
"Juniper Salve Body Butter 2.5 oz Individual ( RM-40-083-A )","Soap Cauldron","Englewood","12","106","2","51","116","-","-","SA-40-083-A 1.0 SA-51-035-E 1.0","Gourmet Goods & Spa :  1.2 %","5 w","4 w","—","SA-40-083-A :   No SA-51-035-E :   No","Core","Short 106  /   145 9 w  goal","Short 0  /   25 2 w  packed","50.0 % Week  49 - 53","C-C40-REG-23-083-XXX","770","39","10","14","12","12","12","14","17","29","24","17","19","16","19","30","23","88","175","260","169","46","55","26","18","14","0","0","0","0","0","0","0","0","0","0","0","0","0","0","0","0","0","0","0","0","0","0","0","0","0","0","0","0","0","0","0","0","0","0","0","0"
"Ylang Ylang and Cedar Body Butter 2.5 oz Individual ( RM-40-084-A )","Soap Cauldron","Englewood","13","109","-4","36","126","-","-","SA-40-084-A 1.0 SA-51-034-E 1.0","Gourmet Goods & Spa :  1.1 %","5 w","4 w","—","SA-40-084-A :   No SA-51-034-E :   No","Core","Short 109  /   133 9 w  goal","Short 0  /   23 2 w  packed","50.0 % Week  49 - 53","C-C40-REG-23-084-XXX","1,400","23","9","13","11","11","11","13","15","27","21","15","17","14","17","27","21","80","160","237","155","42","51","24","16","13","0","0","0","0","0","0","0","0","0","0","0","0","0","0","0","0","0","0","0","0","0","0","0","0","0","0","0","0","0","0","0","0","0","0","0","0"
"Chocolate Mint 4 oz Body Butter ( RM-40-091-A )","Soap Cauldron","Englewood","15","0","5","-","-142","-","-","FG-48-032-A 1.0 FG-48-033-A 1.0 SA-48-087-A 1.0 SA-51-107-E 1.0","-","5 w","4 w","—","2  Disc 2  Active","Legacy","—","—","50.0 % Week  49 - 53","-","-","0","0","0","0","0","0","0","0","0","0","0","0","0","0","0","0","0","0","0","0","0","0","0","0","0","0","0","0","0","0","0","0","0","0","0","0","0","0","0","0","0","0","0","0","0","0","0","0","0","0","0","0","0","0","0","0","0","0","0","0","0"
"Chocolate Mint Lip Soother ( RM-40-092-A )","Soap Cauldron","Englewood","15","0","5","-","-142","-","-","FG-48-032-A 1.0 FG-48-033-A 1.0 SA-48-087-A 1.0 SA-51-107-E 1.0","-","5 w","4 w","—","2  Disc 2  Active","Legacy","—","—","50.0 % Week  49 - 53","-","-","0","0","0","0","0","0","0","0","0","0","0","0","0","0","0","0","0","0","0","0","0","0","0","0","0","0","0","0","0","0","0","0","0","0","0","0","0","0","0","0","0","0","0","0","0","0","0","0","0","0","0","0","0","0","0","0","0","0","0","0","0"
"French Lavender Soap ( RM-40-095-A )","Soap Cauldron","Englewood","5","121","-25","36","151","-","-","SA-51-030-E 1.0","Gourmet Goods & Spa :  1.8 %","5 w","4 w","—","SA-51-030-E :   No","Core","—","—","50.0 % Week  49 - 53","-","-","109","16","22","19","20","20","22","26","47","37","27","30","25","30","48","37","139","278","413","269","74","88","41","29","23","0","0","0","0","0","0","0","0","0","0","0","0","0","0","0","0","0","0","0","0","0","0","0","0","0","0","0","0","0","0","0","0","0","0","0","0"
"Rose Coconut Soap ( RM-40-096-A )","Soap Cauldron","Englewood","5","153","8","20","150","-","-","SA-51-031-E 1.0","Gourmet Goods & Spa :  1.8 %","5 w","4 w","—","SA-51-031-E :   No","Core","—","—","50.0 % Week  49 - 53","-","-","77","16","22","19","20","20","22","26","47","37","27","30","25","30","48","37","139","278","413","269","74","88","41","29","23","0","0","0","0","0","0","0","0","0","0","0","0","0","0","0","0","0","0","0","0","0","0","0","0","0","0","0","0","0","0","0","0","0","0","0","0"
"Santa Rosa Plum & Nutmeg Soap ( RM-40-097-A )","Soap Cauldron","Englewood","5","66","31","-","40","-","-","SA-51-033-E 1.0","Gourmet Goods & Spa :  0.8 %","5 w","4 w","—","SA-51-033-E :   No","Core","—","—","50.0 % Week  49 - 53","-","-","32","7","10","8","8","8","10","11","20","16","11","13","11","13","20","16","59","119","176","115","31","38","18","12","10","0","0","0","0","0","0","0","0","0","0","0","0","0","0","0","0","0","0","0","0","0","0","0","0","0","0","0","0","0","0","0","0","0","0","0","0"
"Ylang Ylang & Himalyan Cedar Soap ( RM-40-098-A )","Soap Cauldron","Englewood","3","99","-16","36","118","-","-","SA-51-034-E 1.0","Gourmet Goods & Spa :  1.1 %","5 w","4 w","—","SA-51-034-E :   No","Core","—","—","50.0 % Week  49 - 53","-","-","33","9","13","11","11","11","13","15","27","21","15","17","14","17","27","21","80","160","237","155","42","51","24","16","13","0","0","0","0","0","0","0","0","0","0","0","0","0","0","0","0","0","0","0","0","0","0","0","0","0","0","0","0","0","0","0","0","0","0","0","0"
"Scheid Pinot Noir Bulk ( RM-10-167-A )","Scheid Family Wines","WCC","0","2,730","2,730","-","0","-","-","SA-10-167-A 1.0","Wine Tastings :  0.5 %","1 w","13 w","—","1  Disc 14  Active","Legacy","—","—","50.0 % Week  49 - 53","L-W10-REG-24-167","-","0","1","1","1","1","1","1","2","3","2","2","2","2","2","3","2","9","19","37","25","7","9","4","3","2","0","0","0","0","0","0","0","0","0","0","0","0","0","0","0","0","0","0","0","0","0","0","0","0","0","0","0","0","0","0","0","0","0","0","0","0"
"Scheid Red Blend Bulk ( RM-14-166-A )","Scheid Family Wines","WCC","0","127","127","-","0","-","-","SA-10-166-A 1.0","-","1 w","13 w","—","1  Disc 2  Active","Legacy","—","—","50.0 % Week  49 - 53","L-W10-REG-24-166","-","0","0","0","0","0","0","0","0","0","0","0","0","0","0","0","0","0","0","0","0","0","0","0","0","0","0","0","0","0","0","0","0","0","0","0","0","0","0","0","0","0","0","0","0","0","0","0","0","0","0","0","0","0","0","0","0","0","0","0","0","0"
"Spreader   ( RM-39-025-A )","Vicky","—","0","755","755","-","0","-","-","SA-39-025-A 1.0","-","5 w","12 w","—","SA-39-025-A :   No","Legacy","—","—","50.0 % Week  49 - 53","C-C40-REG-23-049-XXX","-","0","0","0","0","0","0","0","0","0","0","0","0","0","0","0","0","0","0","0","0","0","0","0","0","0","0","0","0","0","0","0","0","0","0","0","0","0","0","0","0","0","0","0","0","0","0","0","0","0","0","0","0","0","0","0","0","0","0","0","0","0"
"Spoon  ( RM-39-026-A )","Vicky","—","0","770","755","-","15","-","-","SA-39-025-A 1.0","-","5 w","12 w","—","SA-39-025-A :   No","Legacy","—","—","50.0 % Week  49 - 53","C-C40-REG-23-049-XXX","-","0","0","0","0","0","0","0","0","0","0","0","0","0","0","0","0","0","0","0","0","0","0","0","0","0","0","0","0","0","0","0","0","0","0","0","0","0","0","0","0","0","0","0","0","0","0","0","0","0","0","0","0","0","0","0","0","0","0","0","0","0"
"BAMBOO SOAP DISH  Individual ( RM-40-049-A )","Vicky","Englewood","14","21","35","-","0","-","-","","Gourmet Goods & Spa :  2.2 %","5 w","12 w","—","10  Active","Core","—","—","50.0 % Week  49 - 53","C-C40-REG-23-049-XXX","-","1003","40","54","46","48","48","54","64","112","90","66","74","60","72","116","90","338","676","1002","654","178","214","100","70","54","0","0","0","0","0","0","0","0","0","0","0","0","0","0","0","0","0","0","0","0","0","0","0","0","0","0","0","0","0","0","0","0","0","0","0","0"
"Wooden spoon Individual ( RM-39-070-A )","Amazon","Englewood","39","356","97","48","298","-","-","","Gourmet Goods & Spa :  6.2 %","4 w","6 w","—","23  Active","Core","—","—","50.0 % Week  49 - 53","-","-","515","55","76","64","67","67","76","90","158","127","91","102","84","101","161","125","472","944","1401","913","250","299","140","97","77","0","0","0","0","0","0","0","0","0","0","0","0","0","0","0","0","0","0","0","0","0","0","0","0","0","0","0","0","0","0","0","0","0","0","0","0"
"Pinch Bowl ( RM-39-080-A )","Amazon","Englewood","27","322","97","48","156","96","P02123 7/20/26","","Gourmet Goods & Spa :  6.2 %","4 w","6 w","—","7  Active","Core","—","—","50.0 % Week  49 - 53","-","-","549","55","76","64","67","67","76","90","158","127","91","102","84","101","161","125","472","944","1401","913","250","299","140","97","77","0","0","0","0","0","0","0","0","0","0","0","0","0","0","0","0","0","0","0","0","0","0","0","0","0","0","0","0","0","0","0","0","0","0","0","0"
"metal spreader ( RM-39-096-A )","Amazon","Englewood","50","1,050","392","15","640","68","P02123 7/20/26","","Gourmet Goods & Spa :  10.8 %","4 w","6 w","—","9  Active","Core","—","—","50.0 % Week  49 - 53","-","-","451","95","131","111","116","116","131","154","272","218","157","176","145","174","278","216","814","1626","2414","1573","431","515","241","167","132","0","0","0","0","0","0","0","0","0","0","0","0","0","0","0","0","0","0","0","0","0","0","0","0","0","0","0","0","0","0","0","0","0","0","0","0"
"wood handler spreader ( RM-39-097-A )","Amazon","Englewood","40","346","216","50","170","-","-","","Gourmet Goods & Spa :  7.2 %","4 w","6 w","—","2  Disc 6  Active","Core","—","—","50.0 % Week  49 - 53","-","-","659","64","87","74","77","78","88","103","182","146","105","118","97","117","186","145","545","1089","1616","1053","289","345","161","112","89","0","0","0","0","0","0","0","0","0","0","0","0","0","0","0","0","0","0","0","0","0","0","0","0","0","0","0","0","0","0","0","0","0","0","0","0"
"Exfoliating Loofah Pad ( RM-40-107-A )","Amazon","Englewood","48","711","357","192","402","-","-","","Gourmet Goods & Spa :  8.9 %","4 w","6 w","—","8  Active","Core","—","—","50.0 % Week  49 - 53","-","-","525","79","108","91","95","95","108","127","224","180","129","145","120","144","229","178","670","1340","1988","1296","355","424","198","138","109","0","0","0","0","0","0","0","0","0","0","0","0","0","0","0","0","0","0","0","0","0","0","0","0","0","0","0","0","0","0","0","0","0","0","0","0"
"YellowFlowerCharm Individual  ( RM-06-103-A )","DoreenBeads","Englewood","3","0","3","-","0","-","-","SA-06-103-A 1.0","-","4 w","14 w","—","SA-06-103-A :   Yes","Legacy","—","—","50.0 % Week  49 - 53","-","-","0","0","0","0","0","0","0","0","0","0","0","0","0","0","0","0","0","0","0","0","0","0","0","0","0","0","0","0","0","0","0","0","0","0","0","0","0","0","0","0","0","0","0","0","0","0","0","0","0","0","0","0","0","0","0","0","0","0","0","0","0"
"Vinebox Sauvignon Blanc Bulk ( RM-14-287-A )","Estate Crush","WCC","1","352","353","-","0","-","-","SA-14-287-A 1.0","Large Wine :  9.4 %","4 w","14 w","—","SA-14-287-A :   No","Legacy","—","—","50.0 % Week  49 - 53","-","-","0","2","2","3","2","2","3","3","6","5","3","3","3","5","6","5","37","67","157","121","33","33","17","9","8","0","0","0","0","0","0","0","0","0","0","0","0","0","0","0","0","0","0","0","0","0","0","0","0","0","0","0","0","0","0","0","0","0","0","0","0"
"Salt Cellar Individual ( RM-39-076-A )","Faire","—","7","0","0","-","-55","-","-","FG-48-016-A 1.0 FG-48-017-A 1.0 FG-48-018-A 1.0 SA-48-071-A 1.0","-","4 w","8 w","—","4  Active","Legacy","—","—","0 % Week  49 - 53","-","-","0","0","0","0","0","0","0","0","0","0","0","0","0","0","0","0","0","0","0","0","0","0","0","0","0","0","0","0","0","0","0","0","0","0","0","0","0","0","0","0","0","0","0","0","0","0","0","0","0","0","0","0","0","0","0","0","0","0","0","0","0"
"Cookies and Cream Wondermade Marshmallows ( RM-39-094-A )","Faire","—","15","0","0","-","12","-","-","","-","4 w","8 w","—","5  Active","Legacy","—","—","0 % Week  49 - 53","-","-","0","0","0","0","0","0","0","0","0","0","0","0","0","0","0","0","0","0","0","0","0","0","0","0","0","0","0","0","0","0","0","0","0","0","0","0","0","0","0","0","0","0","0","0","0","0","0","0","0","0","0","0","0","0","0","0","0","0","0","0","0"
"Wondermade Mint Chocolate Chip Marshmallows ( RM-39-095-A )","Faire","—","7","39","0","-","46","-","-","","-","4 w","8 w","—","5  Active","Legacy","—","—","0 % Week  49 - 53","-","-","0","0","0","0","0","0","0","0","0","0","0","0","0","0","0","0","0","0","0","0","0","0","0","0","0","0","0","0","0","0","0","0","0","0","0","0","0","0","0","0","0","0","0","0","0","0","0","0","0","0","0","0","0","0","0","0","0","0","0","0","0"
"Martini Soap Sponge Individual ( RM-40-059-A )","Faire","Englewood","38","12","3","-","47","-","-","","Gourmet Goods & Spa :  4.2 %","4 w","8 w","—","18  Active","Legacy","—","—","0 % Week  49 - 53","-","-","707","38","52","44","46","46","52","61","107","86","62","69","57","69","110","85","214","428","635","414","170","203","95","66","52","0","0","0","0","0","0","0","0","0","0","0","0","0","0","0","0","0","0","0","0","0","0","0","0","0","0","0","0","0","0","0","0","0","0","0","0"
"Purple Crochet Heart Individual ( RM-40-060-A )","Faire","Englewood","10","665","5","-","670","-","-","","Gourmet Goods & Spa :  2.3 %","4 w","8 w","—","5  Active","Legacy","—","—","0 % Week  49 - 53","-","-","0","21","28","24","25","25","28","33","59","47","34","38","31","38","60","47","117","234","348","227","93","111","52","36","29","0","0","0","0","0","0","0","0","0","0","0","0","0","0","0","0","0","0","0","0","0","0","0","0","0","0","0","0","0","0","0","0","0","0","0","0"
"Yellow Crochet Heart Individual ( RM-40-063-A )","Faire","Englewood","8","50","31","-","27","-","-","","Gourmet Goods & Spa :  0.8 %","4 w","8 w","—","5  Active","Core","—","—","0 % Week  49 - 53","-","-","83","7","10","8","8","8","10","11","20","16","11","13","11","13","20","16","40","79","117","76","31","38","18","12","10","0","0","0","0","0","0","0","0","0","0","0","0","0","0","0","0","0","0","0","0","0","0","0","0","0","0","0","0","0","0","0","0","0","0","0","0"
"Blue Crochet Heart Individual ( RM-40-064-A )","Faire","Englewood","12","203","5","-","210","-","-","","Gourmet Goods & Spa :  1.5 %","4 w","8 w","—","5  Active","Legacy","—","—","0 % Week  49 - 53","-","-","52","13","18","15","16","16","18","22","38","31","22","25","20","24","39","30","76","152","225","147","60","72","34","23","19","0","0","0","0","0","0","0","0","0","0","0","0","0","0","0","0","0","0","0","0","0","0","0","0","0","0","0","0","0","0","0","0","0","0","0","0"
"Formulary 55 Ocean and Oakmoss 6 oz soap Individual ( RM-40-066-A )","Faire","Englewood","11","7","5","-","13","-","-","FG-48-008-A 1.0 FG-48-009-A 1.0 SA-48-061-A 1.0 SA-51-105-E 1.0","Gourmet Goods & Spa :  1.2 %","4 w","8 w","—","4  Active","Legacy","—","—","0 % Week  49 - 53","-","-","200","11","15","13","13","13","15","18","31","25","18","20","17","20","32","25","62","123","183","119","49","58","27","19","15","0","0","0","0","0","0","0","0","0","0","0","0","0","0","0","0","0","0","0","0","0","0","0","0","0","0","0","0","0","0","0","0","0","0","0","0"
"Sea Sponge Individual ( RM-40-067-A )","Faire","—","1","0","0","-","-240","-","-","","-","4 w","8 w","—","6  Active","Legacy","—","—","0 % Week  49 - 53","-","-","0","0","0","0","0","0","0","0","0","0","0","0","0","0","0","0","0","0","0","0","0","0","0","0","0","0","0","0","0","0","0","0","0","0","0","0","0","0","0","0","0","0","0","0","0","0","0","0","0","0","0","0","0","0","0","0","0","0","0","0","0"
"Formulary 55 Apiary 6 oz soap Individual ( RM-40-072-A )","Faire","Englewood","5","0","1","-","-118","-","-","","Gourmet Goods & Spa :  1.2 %","4 w","8 w","—","5  Active","Legacy","—","—","0 % Week  49 - 53","-","-","326","11","15","12","13","13","15","17","30","24","18","20","16","20","31","24","61","121","180","117","48","58","27","19","15","0","0","0","0","0","0","0","0","0","0","0","0","0","0","0","0","0","0","0","0","0","0","0","0","0","0","0","0","0","0","0","0","0","0","0","0"
"Green Crochet Heart Individual ( RM-40-075-A )","Faire","Englewood","38","65","43","145","60","-","-","","Gourmet Goods & Spa :  10.9 %","4 w","8 w","—","14  Active","Core","—","—","0 % Week  49 - 53","-","-","1774","96","132","112","117","117","132","156","274","220","158","178","147","176","280","218","548","1094","1624","1059","435","519","243","169","134","0","0","0","0","0","0","0","0","0","0","0","0","0","0","0","0","0","0","0","0","0","0","0","0","0","0","0","0","0","0","0","0","0","0","0","0"
"Red Crochet Heart Individual ( RM-40-076-A )","Faire","—","10","133","-1","-","144","-","-","","-","4 w","8 w","—","1  Disc 7  Active","Legacy","—","—","0 % Week  49 - 53","-","-","0","0","0","0","0","0","0","0","0","0","0","0","0","0","0","0","0","0","0","0","0","0","0","0","0","0","0","0","0","0","0","0","0","0","0","0","0","0","0","0","0","0","0","0","0","0","0","0","0","0","0","0","0","0","0","0","0","0","0","0","0"
"Teal Felt Heart ( RM-40-093-A )","Faire","—","10","0","0","-","-24","-","-","FG-48-032-A 1.0 FG-48-033-A 1.0 SA-48-087-A 1.0","-","4 w","8 w","—","1  Disc 2  Active","Legacy","—","—","0 % Week  49 - 53","-","-","0","0","0","0","0","0","0","0","0","0","0","0","0","0","0","0","0","0","0","0","0","0","0","0","0","0","0","0","0","0","0","0","0","0","0","0","0","0","0","0","0","0","0","0","0","0","0","0","0","0","0","0","0","0","0","0","0","0","0","0","0"
"Fuzzy Socks ( RM-40-094-A )","Faire","Englewood","8","0","2","-","-32","-","-","FG-48-035-A 1.0 FG-48-036-A 1.0 SA-48-092-A 1.0 SA-51-119-E 1.0","Gourmet Goods & Spa :  2.8 %","4 w","8 w","—","4  Active","Legacy","—","—","0 % Week  49 - 53","-","-","515","25","34","29","30","30","34","40","71","57","41","46","38","46","73","57","142","284","421","275","113","135","63","44","35","0","0","0","0","0","0","0","0","0","0","0","0","0","0","0","0","0","0","0","0","0","0","0","0","0","0","0","0","0","0","0","0","0","0","0","0"
"Annies Caramel Sticks ( RM-48-200-A )","Faire","—","16","4,288","-16","-","4,320","-","-","FG-48-015-A 0.1 SA-39-075-A 0.1","-","4 w","8 w","—","3  Active","Legacy","—","—","0 % Week  49 - 53","-","-","0","0","0","0","0","0","0","0","0","0","0","0","0","0","0","0","0","0","0","0","0","0","0","0","0","0","0","0","0","0","0","0","0","0","0","0","0","0","0","0","0","0","0","0","0","0","0","0","0","0","0","0","0","0","0","0","0","0","0","0","0"
"Vinebox Petit Sirah Bulk ( RM-14-286-A )","Hobo Wines","WCC","1","329","330","-","0","-","-","SA-14-286-A 1.0","Large Wine :  7.1 %","4 w","14 w","—","SA-14-286-A :   No","Legacy","—","—","50.0 % Week  49 - 53","-","-","0","2","2","2","2","2","2","2","4","4","2","2","3","4","4","4","28","51","120","93","25","25","13","7","6","0","0","0","0","0","0","0","0","0","0","0","0","0","0","0","0","0","0","0","0","0","0","0","0","0","0","0","0","0","0","0","0","0","0","0","0"
"Holiday Tree Marshmallow Topper Individual  ( RM-21-079-A )","Melville","—","0","0","0","-","0","-","-","SA-21-079-A","-","1 w","6 w","—","-","Legacy","—","—","50.0 % Week  49 - 53","-","-","0","0","0","0","0","0","0","0","0","0","0","0","0","0","0","0","0","0","0","0","0","0","0","0","0","0","0","0","0","0","0","0","0","0","0","0","0","0","0","0","0","0","0","0","0","0","0","0","0","0","0","0","0","0","0","0","0","0","0","0","0"
"Snowflake Marshmallow Topper Individual ( RM-21-081-A )","Melville Candy","—","0","0","0","-","0","-","-","SA-21-081-A","-","4 w","14 w","—","-","Legacy","—","—","50.0 % Week  49 - 53","-","-","0","0","0","0","0","0","0","0","0","0","0","0","0","0","0","0","0","0","0","0","0","0","0","0","0","0","0","0","0","0","0","0","0","0","0","0","0","0","0","0","0","0","0","0","0","0","0","0","0","0","0","0","0","0","0","0","0","0","0","0","0"
"Cola Pacifier Individual ( RM-01-151-A )","Nordic Bangers","Englewood","8 lb","93 lb","8","-","93 lb","-","-","SA-01-151-A 4.0","-","4 w","14 w","—","SA-01-151-A :   Yes","Legacy","—","—","50.0 % Week  49 - 53","L-A01-REG-25-151-XXX","2,001","0","0","0","0","0","0","0","0","0","0","0","0","0","0","0","0","0","0","0","0","0","0","0","0","0","0","0","0","0","0","0","0","0","0","0","0","0","0","0","0","0","0","0","0","0","0","0","0","0","0","0","0","0","0","0","0","0","0","0","0","0"
"Foam Mushrooms Individual ( RM-01-152-A )","Nordic Bangers","Englewood","7 lb","8 lb","7","-","8 lb","-","-","SA-01-152-A 7.7","-","4 w","14 w","—","SA-01-152-A :   Yes","Legacy","—","—","50.0 % Week  49 - 53","L-A01-REG-25-152-XXX","1,002","0","0","0","0","0","0","0","0","0","0","0","0","0","0","0","0","0","0","0","0","0","0","0","0","0","0","0","0","0","0","0","0","0","0","0","0","0","0","0","0","0","0","0","0","0","0","0","0","0","0","0","0","0","0","0","0","0","0","0","0","0"
"Astra Sour Watermelons Individual ( RM-01-156-A )","Nordic Bangers","Englewood","12 lb","322 lb","13","-","321 lb","-","-","SA-01-156-A 3.3","-","4 w","14 w","—","SA-01-156-A :   Yes","Legacy","—","—","50.0 % Week  49 - 53","L-A01-REG-25-156-XXX","1,803","0","0","0","0","0","0","0","0","0","0","0","0","0","0","0","0","0","0","0","0","0","0","0","0","0","0","0","0","0","0","0","0","0","0","0","0","0","0","0","0","0","0","0","0","0","0","0","0","0","0","0","0","0","0","0","0","0","0","0","0","0"
"Bubs Raspberry Sour Skulls Individual ( RM-01-157-A )","Nordic Bangers","—","0","0","0","-","0","-","-","SA-01-157-A","-","4 w","14 w","—","-","Legacy","—","—","50.0 % Week  49 - 53","-","-","0","0","0","0","0","0","0","0","0","0","0","0","0","0","0","0","0","0","0","0","0","0","0","0","0","0","0","0","0","0","0","0","0","0","0","0","0","0","0","0","0","0","0","0","0","0","0","0","0","0","0","0","0","0","0","0","0","0","0","0","0"
"Gummy Flowers Individual ( RM-01-163-A )","Nordic Bangers","Englewood","10 lb","180 lb","10","-","180 lb","-","-","SA-01-163-A 3.4","-","4 w","14 w","—","SA-01-163-A :   Yes","Legacy","—","—","50.0 % Week  49 - 53","L-A01-REG-24-163-XXX","735","0","0","0","0","0","0","0","0","0","0","0","0","0","0","0","0","0","0","0","0","0","0","0","0","0","0","0","0","0","0","0","0","0","0","0","0","0","0","0","0","0","0","0","0","0","0","0","0","0","0","0","0","0","0","0","0","0","0","0","0","0"
"Pastel Sour Gummy Bears Individual ( RM-01-164-A )","Nordic Bangers","Englewood","10 lb","183 lb","10","-","183 lb","-","-","SA-01-164-A 3.4","-","4 w","14 w","—","SA-01-164-A :   Yes","Legacy","—","—","50.0 % Week  49 - 53","L-A01-REG-24-164-XXX","658","0","0","0","0","0","0","0","0","0","0","0","0","0","0","0","0","0","0","0","0","0","0","0","0","0","0","0","0","0","0","0","0","0","0","0","0","0","0","0","0","0","0","0","0","0","0","0","0","0","0","0","0","0","0","0","0","0","0","0","0","0"
"Foam Strawberry Skulls ( RM-01-166-A )","Nordic Bangers","Englewood","1 lb","235 lb","2","-","234 lb","-","-","SA-01-166-A 3.4","-","4 w","14 w","—","SA-01-166-A :   Yes","Legacy","—","—","50.0 % Week  49 - 53","L-A01-REG-25-166-XXX","1,494","0","0","0","0","0","0","0","0","0","0","0","0","0","0","0","0","0","0","0","0","0","0","0","0","0","0","0","0","0","0","0","0","0","0","0","0","0","0","0","0","0","0","0","0","0","0","0","0","0","0","0","0","0","0","0","0","0","0","0","0","0"
"Banana Caramel Bubs ( RM-01-168-A )","Nordic Bangers","Englewood","2 lb","375 lb","110","-","267 lb","-","-","SA-01-168-A 1.0","-","4 w","14 w","—","SA-01-168-A :   Yes","Legacy","—","—","50.0 % Week  49 - 53","L-A01-REG-24-168-XXX","1,044","0","0","0","0","0","0","0","0","0","0","0","0","0","0","0","0","0","0","0","0","0","0","0","0","0","0","0","0","0","0","0","0","0","0","0","0","0","0","0","0","0","0","0","0","0","0","0","0","0","0","0","0","0","0","0","0","0","0","0","0","0"
"Mini Sour Pear Bubs ( RM-01-169-A )","Nordic Bangers","Englewood","32 lb","386 lb","51","-","367 lb","-","-","SA-01-169-A 1.0","-","4 w","14 w","—","SA-01-169-A :   Yes","Legacy","—","—","50.0 % Week  49 - 53","L-A01-REG-24-169-XXX","1,260","0","0","0","0","0","0","0","0","0","0","0","0","0","0","0","0","0","0","0","0","0","0","0","0","0","0","0","0","0","0","0","0","0","0","0","0","0","0","0","0","0","0","0","0","0","0","0","0","0","0","0","0","0","0","0","0","0","0","0","0","0"
"Shannon Ridge Chardonnay Bulk ( RM-14-156-A )","Shannon Family of Wines","WCC","0","15","15","-","0","-","-","SA-10-156-A 1.0","-","1 w","2 w","—","1  Disc 4  Active","Legacy","—","—","50.0 % Week  49 - 53","L-W10-REG-24-156","-","0","0","0","0","0","0","0","0","0","0","0","0","0","0","0","0","0","0","0","0","0","0","0","0","0","0","0","0","0","0","0","0","0","0","0","0","0","0","0","0","0","0","0","0","0","0","0","0","0","0","0","0","0","0","0","0","0","0","0","0","0"
"Shannon Ridge Pinot Gris Bulk ( RM-14-157-A )","Shannon Family of Wines","WCC","0","481","481","-","0","-","-","SA-10-157-A 1.0","Wine Tastings :  1.2 %","1 w","2 w","—","SA-10-157-A :   No SA-14-157-A :   No","Legacy","—","—","50.0 % Week  49 - 53","L-W10-REG-24-157","-","0","2","3","3","3","3","3","4","7","6","4","4","4","4","7","5","21","43","84","57","15","20","8","6","6","0","0","0","0","0","0","0","0","0","0","0","0","0","0","0","0","0","0","0","0","0","0","0","0","0","0","0","0","0","0","0","0","0","0","0","0"
"Horacio Simoes Castelao Bulk ( RM-10-153-A )","Tubes","—","0","17","17","-","0","-","-","SA-10-153-A 1.0","-","4 w","14 w","—","4  Active","Legacy","—","—","50.0 % Week  49 - 53","-","-","0","0","0","0","0","0","0","0","0","0","0","0","0","0","0","0","0","0","0","0","0","0","0","0","0","0","0","0","0","0","0","0","0","0","0","0","0","0","0","0","0","0","0","0","0","0","0","0","0","0","0","0","0","0","0","0","0","0","0","0","0"
"Bojador Red Blend Bulk ( RM-10-154-A )","Tubes","WCC","0","10","10","-","0","-","-","SA-10-154-A 1.0","Wine Tastings :  2.6 %","4 w","14 w","—","4  Active","Legacy","—","—","50.0 % Week  49 - 53","-","-","437","5","7","6","6","6","7","8","15","12","8","9","8","9","14","11","45","92","178","121","32","43","18","13","12","0","0","0","0","0","0","0","0","0","0","0","0","0","0","0","0","0","0","0","0","0","0","0","0","0","0","0","0","0","0","0","0","0","0","0","0"
"Quinta Do Monte Travesslo Bulk ( RM-10-155-A )","Tubes","—","0","31","31","-","0","-","-","SA-10-155-A 1.0","-","4 w","14 w","—","3  Active","Legacy","—","—","50.0 % Week  49 - 53","-","-","0","0","0","0","0","0","0","0","0","0","0","0","0","0","0","0","0","0","0","0","0","0","0","0","0","0","0","0","0","0","0","0","0","0","0","0","0","0","0","0","0","0","0","0","0","0","0","0","0","0","0","0","0","0","0","0","0","0","0","0","0"
"Pumpkin and Cranberry Tiny Bones Bulk ( RM-06-011-A )","disc-The Pound Bakery","Englewood","1 lb","0 lb","0","-","-10 lb","-","-","SA-06-011-A 6.7","-","0 w","0 w","—","SA-06-011-A :   Yes","Legacy","—","—","50.0 % Week  49 - 53","L-A06-REG-24-011-XXX","701","0","0","0","0","0","0","0","0","0","0","0","0","0","0","0","0","0","0","0","0","0","0","0","0","0","0","0","0","0","0","0","0","0","0","0","0","0","0","0","0","0","0","0","0","0","0","0","0","0","0","0","0","0","0","0","0","0","0","0","0","0"
"Bubs Raspberry Blueberry Sour Ovals Individual ( RM-01-158-A )","Not set","—","0","0","0","-","0","-","-","SA-01-158-A","-","0 w","0 w","—","-","Legacy","—","—","50.0 % Week  49 - 53","-","-","0","0","0","0","0","0","0","0","0","0","0","0","0","0","0","0","0","0","0","0","0","0","0","0","0","0","0","0","0","0","0","0","0","0","0","0","0","0","0","0","0","0","0","0","0","0","0","0","0","0","0","0","0","0","0","0","0","0","0","0","0"
"Bubs Banana Sweet Ovals Individual ( RM-01-159-A )","Not set","—","0","0","0","-","0","-","-","SA-01-159-A","-","0 w","0 w","—","-","Legacy","—","—","50.0 % Week  49 - 53","-","-","0","0","0","0","0","0","0","0","0","0","0","0","0","0","0","0","0","0","0","0","0","0","0","0","0","0","0","0","0","0","0","0","0","0","0","0","0","0","0","0","0","0","0","0","0","0","0","0","0","0","0","0","0","0","0","0","0","0","0","0","0"
"Snow Day Gummies Bulk ( RM-01-183-A )","Not set","—","0","1,000","0","-","0","1,000","P02030 5/21/26","SA-01-183-A","-","0 w","0 w","—","-","Legacy","—","—","50.0 % Week  49 - 53","-","-","0","0","0","0","0","0","0","0","0","0","0","0","0","0","0","0","0","0","0","0","0","0","0","0","0","0","0","0","0","0","0","0","0","0","0","0","0","0","0","0","0","0","0","0","0","0","0","0","0","0","0","0","0","0","0","0","0","0","0","0","0"
"Sconza Cookie Bites – Peppermint Bulk ( RM-01-184-A )","Not set","—","0","460","0","-","0","460","P02027 5/20/26","SA-01-184-A","-","0 w","0 w","—","-","Legacy","—","—","50.0 % Week  49 - 53","-","-","0","0","0","0","0","0","0","0","0","0","0","0","0","0","0","0","0","0","0","0","0","0","0","0","0","0","0","0","0","0","0","0","0","0","0","0","0","0","0","0","0","0","0","0","0","0","0","0","0","0","0","0","0","0","0","0","0","0","0","0","0"
"Sconza Cookie Bites – Sugar Cookie Bulk ( RM-01-185-A )","Not set","—","0","460","0","-","0","460","P02027 5/20/26","SA-01-185-A","-","0 w","0 w","—","-","Legacy","—","—","50.0 % Week  49 - 53","-","-","0","0","0","0","0","0","0","0","0","0","0","0","0","0","0","0","0","0","0","0","0","0","0","0","0","0","0","0","0","0","0","0","0","0","0","0","0","0","0","0","0","0","0","0","0","0","0","0","0","0","0","0","0","0","0","0","0","0","0","0","0"
"Taffy Town Holiday Mix Bulk ( RM-01-186-A )","Not set","—","0","405","0","-","0","405","P02027 5/20/26","SA-01-186-A","-","0 w","0 w","—","-","Legacy","—","—","50.0 % Week  49 - 53","-","-","0","0","0","0","0","0","0","0","0","0","0","0","0","0","0","0","0","0","0","0","0","0","0","0","0","0","0","0","0","0","0","0","0","0","0","0","0","0","0","0","0","0","0","0","0","0","0","0","0","0","0","0","0","0","0","0","0","0","0","0","0"
"Oatmeal Cranberry Pecan GFV Individual ( RM-03-002-A )","Not set","—","0","0","0","-","0","-","-","SA-03-002-A","-","0 w","0 w","—","-","Legacy","—","—","50.0 % Week  49 - 53","-","-","0","0","0","0","0","0","0","0","0","0","0","0","0","0","0","0","0","0","0","0","0","0","0","0","0","0","0","0","0","0","0","0","0","0","0","0","0","0","0","0","0","0","0","0","0","0","0","0","0","0","0","0","0","0","0","0","0","0","0","0","0"
"Oatmeal Raisin Individual ( RM-03-029-A )","Not set","—","0","0","0","-","0","-","-","SA-03-029-A","-","0 w","0 w","—","-","Legacy","—","—","50.0 % Week  49 - 53","-","-","0","0","0","0","0","0","0","0","0","0","0","0","0","0","0","0","0","0","0","0","0","0","0","0","0","0","0","0","0","0","0","0","0","0","0","0","0","0","0","0","0","0","0","0","0","0","0","0","0","0","0","0","0","0","0","0","0","0","0","0","0"
"Chocolate Chip GFV Individual ( RM-03-059-A )","Not set","—","0","0","0","-","0","-","-","SA-03-059-A","-","0 w","0 w","—","-","Legacy","—","—","50.0 % Week  49 - 53","-","-","0","0","0","0","0","0","0","0","0","0","0","0","0","0","0","0","0","0","0","0","0","0","0","0","0","0","0","0","0","0","0","0","0","0","0","0","0","0","0","0","0","0","0","0","0","0","0","0","0","0","0","0","0","0","0","0","0","0","0","0","0"
"Stuffed Peanut Butter Chocolate Individual ( RM-03-094-A )","Not set","—","0","0","0","-","0","-","-","SA-03-094-A","-","0 w","0 w","—","-","Legacy","—","—","50.0 % Week  49 - 53","-","-","0","0","0","0","0","0","0","0","0","0","0","0","0","0","0","0","0","0","0","0","0","0","0","0","0","0","0","0","0","0","0","0","0","0","0","0","0","0","0","0","0","0","0","0","0","0","0","0","0","0","0","0","0","0","0","0","0","0","0","0","0"
"Milk Chocolate Peanuts Bulk ( RM-05-068-A )","Not set","—","0","0","0","-","0","-","-","SA-05-068-A","-","0 w","0 w","—","-","Legacy","—","—","50.0 % Week  49 - 53","-","-","0","0","0","0","0","0","0","0","0","0","0","0","0","0","0","0","0","0","0","0","0","0","0","0","0","0","0","0","0","0","0","0","0","0","0","0","0","0","0","0","0","0","0","0","0","0","0","0","0","0","0","0","0","0","0","0","0","0","0","0","0"
"Chicken Paw Biscuits Bulk (do not use) ( RM-06-024-A )","Not set","—","0","0","0","-","0","-","-","SA-06-024-A","-","0 w","0 w","—","-","Legacy","—","—","50.0 % Week  49 - 53","-","-","0","0","0","0","0","0","0","0","0","0","0","0","0","0","0","0","0","0","0","0","0","0","0","0","0","0","0","0","0","0","0","0","0","0","0","0","0","0","0","0","0","0","0","0","0","0","0","0","0","0","0","0","0","0","0","0","0","0","0","0","0"
"Honey Oat Bears Bulk (do not use) ( RM-06-025-A )","Not set","—","0","0","0","-","0","-","-","SA-06-025-A","-","0 w","0 w","—","-","Legacy","—","—","50.0 % Week  49 - 53","-","-","0","0","0","0","0","0","0","0","0","0","0","0","0","0","0","0","0","0","0","0","0","0","0","0","0","0","0","0","0","0","0","0","0","0","0","0","0","0","0","0","0","0","0","0","0","0","0","0","0","0","0","0","0","0","0","0","0","0","0","0","0"
"Liver Lover Jumbo Hearts Bulk ( RM-06-030-A )","Not set","—","0","0","0","-","0","-","-","SA-06-030-A","-","0 w","0 w","—","-","Legacy","—","—","50.0 % Week  49 - 53","-","-","0","0","0","0","0","0","0","0","0","0","0","0","0","0","0","0","0","0","0","0","0","0","0","0","0","0","0","0","0","0","0","0","0","0","0","0","0","0","0","0","0","0","0","0","0","0","0","0","0","0","0","0","0","0","0","0","0","0","0","0","0"
"Happy Birthday Bandana ( RM-06-086-A )","Not set","—","0","0","0","-","0","-","-","SA-06-086-A","-","0 w","0 w","—","-","Legacy","—","—","50.0 % Week  49 - 53","-","-","0","0","0","0","0","0","0","0","0","0","0","0","0","0","0","0","0","0","0","0","0","0","0","0","0","0","0","0","0","0","0","0","0","0","0","0","0","0","0","0","0","0","0","0","0","0","0","0","0","0","0","0","0","0","0","0","0","0","0","0","0"
"Red Mitten Charm Individual ( RM-06-097-A )","Not set","—","0","0","0","-","0","-","-","SA-06-097-A","-","0 w","0 w","—","-","Legacy","—","—","50.0 % Week  49 - 53","-","-","0","0","0","0","0","0","0","0","0","0","0","0","0","0","0","0","0","0","0","0","0","0","0","0","0","0","0","0","0","0","0","0","0","0","0","0","0","0","0","0","0","0","0","0","0","0","0","0","0","0","0","0","0","0","0","0","0","0","0","0","0"
"RainbowCharm Individual  ( RM-06-104-A )","Not set","Englewood","18","0","18","-","0","-","-","SA-06-104-A 1.0","Dog S-Wag :  1.3 %","0 w","0 w","—","SA-06-104-A :   No","Legacy","—","—","50.0 % Week  49 - 53","-","-","5","5","8","6","7","6","7","9","16","12","9","10","8","10","14","12","36","71","102","70","18","22","11","8","7","0","0","0","0","0","0","0","0","0","0","0","0","0","0","0","0","0","0","0","0","0","0","0","0","0","0","0","0","0","0","0","0","0","0","0","0"
"Chicken Bandana Individual ( RM-06-120-A )","Not set","Englewood","1","69","70","-","0","-","-","SA-06-120-A 1.0","Dog S-Wag :  3.7 %","0 w","0 w","—","SA-06-120-A :   No","Legacy","—","—","50.0 % Week  49 - 53","-","-","0","14","21","17","19","18","21","25","44","33","25","28","23","27","40","32","100","198","286","196","52","62","30","22","21","0","0","0","0","0","0","0","0","0","0","0","0","0","0","0","0","0","0","0","0","0","0","0","0","0","0","0","0","0","0","0","0","0","0","0","0"
"Chicken Bowtie Individual ( RM-06-121-A )","Not set","Englewood","3","19","22","-","0","-","-","SA-06-121-A 1.0","Dog S-Wag :  3.4 %","0 w","0 w","—","SA-06-121-A :   No","Legacy","—","—","50.0 % Week  49 - 53","-","-","0","13","20","16","17","17","19","23","41","31","23","26","22","25","38","30","94","186","268","183","48","58","28","20","19","0","0","0","0","0","0","0","0","0","0","0","0","0","0","0","0","0","0","0","0","0","0","0","0","0","0","0","0","0","0","0","0","0","0","0","0"
"Shannon Ridge Chardonnay Bulk ( RM-10-156-A )","Not set","WCC","0","15","15","-","0","-","-","SA-10-156-A","-","0 w","0 w","—","-","Legacy","—","—","50.0 % Week  49 - 53","-","-","0","0","0","0","0","0","0","0","0","0","0","0","0","0","0","0","0","0","0","0","0","0","0","0","0","0","0","0","0","0","0","0","0","0","0","0","0","0","0","0","0","0","0","0","0","0","0","0","0","0","0","0","0","0","0","0","0","0","0","0","0"
"Juan Ramon Lozano Verdejo Sauvignon Blanc Individual ( RM-10-170-A )","Not set","WCC","0","3","3","-","0","-","-","SA-10-170-A 1.0","Wine Tastings :  1.9 %","0 w","0 w","—","SA-10-170-A :   No","Legacy","—","—","50.0 % Week  49 - 53","-","-","1","4","5","4","5","4","5","6","11","9","6","7","6","7","10","8","33","67","130","88","24","32","13","9","9","0","0","0","0","0","0","0","0","0","0","0","0","0","0","0","0","0","0","0","0","0","0","0","0","0","0","0","0","0","0","0","0","0","0","0","0"
"Botter Pecorino Individual ( RM-10-171-A )","Not set","—","0","18","18","-","0","-","-","SA-10-171-A 1.0","-","0 w","0 w","—","SA-10-171-A :   No","Legacy","—","—","50.0 % Week  49 - 53","-","-","0","0","0","0","0","0","0","0","0","0","0","0","0","0","0","0","0","0","0","0","0","0","0","0","0","0","0","0","0","0","0","0","0","0","0","0","0","0","0","0","0","0","0","0","0","0","0","0","0","0","0","0","0","0","0","0","0","0","0","0","0"
"Botter Primitivo Individual ( RM-10-172-A )","Not set","WCC","0","70","70","-","0","-","-","SA-10-172-A 1.0","Wine Tastings :  2.1 %","0 w","0 w","—","SA-10-172-A :   No","Legacy","—","—","50.0 % Week  49 - 53","-","-","0","4","6","5","5","5","5","6","12","9","7","7","6","8","11","9","37","74","144","98","26","35","15","10","10","0","0","0","0","0","0","0","0","0","0","0","0","0","0","0","0","0","0","0","0","0","0","0","0","0","0","0","0","0","0","0","0","0","0","0","0"
"Tenute Rossetti Chianti Individual ( RM-10-173-A )","Not set","WCC","0","23","23","-","0","-","-","SA-10-173-A 1.0","Wine Tastings :  2.2 %","0 w","0 w","—","SA-10-173-A :   No","Legacy","—","—","50.0 % Week  49 - 53","-","-","0","4","6","5","5","5","6","7","12","10","7","8","7","8","12","10","38","77","148","100","27","36","15","11","10","0","0","0","0","0","0","0","0","0","0","0","0","0","0","0","0","0","0","0","0","0","0","0","0","0","0","0","0","0","0","0","0","0","0","0","0"
"Henri Gaillard Rosé Cotes de Provence Individual ( RM-10-175-A )","Not set","WCC","0","181","181","-","0","-","-","SA-10-175-A 1.0","Wine Tastings :  2.8 %","0 w","0 w","—","SA-10-175-A :   No","Legacy","—","—","50.0 % Week  49 - 53","-","-","0","5","8","6","7","6","7","8","16","12","9","10","8","10","15","12","48","98","189","128","34","46","19","14","13","0","0","0","0","0","0","0","0","0","0","0","0","0","0","0","0","0","0","0","0","0","0","0","0","0","0","0","0","0","0","0","0","0","0","0","0"
"Calvet Reserve Bordeaux Individual ( RM-10-176-A )","Not set","WCC","0","74","74","-","0","-","-","SA-10-176-A 1.0","Wine Tastings :  3.4 %","0 w","0 w","—","SA-10-176-A :   No","Legacy","—","—","50.0 % Week  49 - 53","-","-","0","6","9","8","8","8","9","10","19","15","11","12","10","12","18","15","59","120","233","158","42","57","23","17","16","0","0","0","0","0","0","0","0","0","0","0","0","0","0","0","0","0","0","0","0","0","0","0","0","0","0","0","0","0","0","0","0","0","0","0","0"
"Mainz Spatburgunder Individual ( RM-10-177-A )","Not set","WCC","0","146","146","-","0","-","-","SA-10-177-A 1.0","Wine Tastings :  0.9 %","0 w","0 w","—","SA-10-177-A :   No","Legacy","—","—","50.0 % Week  49 - 53","-","-","0","2","2","2","2","2","2","3","5","4","3","3","3","3","5","4","15","30","59","40","11","14","6","4","4","0","0","0","0","0","0","0","0","0","0","0","0","0","0","0","0","0","0","0","0","0","0","0","0","0","0","0","0","0","0","0","0","0","0","0","0"
"Hechtshem Weissburgunder Individual ( RM-10-178-A )","Not set","—","0","108","108","-","0","-","-","SA-10-178-A 1.0","-","0 w","0 w","—","SA-10-178-A :   No","Legacy","—","—","50.0 % Week  49 - 53","-","-","0","0","0","0","0","0","0","0","0","0","0","0","0","0","0","0","0","0","0","0","0","0","0","0","0","0","0","0","0","0","0","0","0","0","0","0","0","0","0","0","0","0","0","0","0","0","0","0","0","0","0","0","0","0","0","0","0","0","0","0","0"
"Dark Rock Red Blend Individual ( RM-10-180-A )","Not set","WCC","0","12","12","-","0","-","-","SA-10-180-A 1.0","Wine Tastings :  2.4 %","0 w","0 w","—","SA-10-180-A :   No","Legacy","—","—","50.0 % Week  49 - 53","-","-","0","5","7","5","6","6","6","7","13","11","8","8","7","9","13","11","41","84","163","111","30","40","16","12","11","0","0","0","0","0","0","0","0","0","0","0","0","0","0","0","0","0","0","0","0","0","0","0","0","0","0","0","0","0","0","0","0","0","0","0","0"
"Folk Machine Valdigué Individual ( RM-10-181-A )","Not set","WCC","0","167","167","-","0","-","-","SA-10-181-A 1.0","Wine Tastings :  1.1 %","0 w","0 w","—","SA-10-181-A :   No","Legacy","—","—","50.0 % Week  49 - 53","-","-","0","2","3","2","3","2","3","3","6","5","3","4","3","4","6","5","18","37","72","49","13","17","7","5","5","0","0","0","0","0","0","0","0","0","0","0","0","0","0","0","0","0","0","0","0","0","0","0","0","0","0","0","0","0","0","0","0","0","0","0","0"
"Vinebox Petite Sirah Individual ( RM-10-182-A )","Not set","WCC","0","14","14","-","0","-","-","SA-10-182-A 1.0","Wine Tastings :  2.5 %","0 w","0 w","—","SA-10-182-A :   No","Legacy","—","—","50.0 % Week  49 - 53","-","-","0","5","7","6","6","6","6","7","14","11","8","9","7","9","13","11","43","87","168","114","30","41","17","12","11","0","0","0","0","0","0","0","0","0","0","0","0","0","0","0","0","0","0","0","0","0","0","0","0","0","0","0","0","0","0","0","0","0","0","0","0"
"Hobo Zinfandel Individual ( RM-10-183-A )","Not set","WCC","0","50","50","-","0","-","-","SA-10-183-A 1.0","Wine Tastings :  1.4 %","0 w","0 w","—","SA-10-183-A :   No","Legacy","—","—","50.0 % Week  49 - 53","-","-","0","3","4","3","3","3","4","4","8","6","4","5","4","5","7","6","24","49","94","64","17","23","9","7","6","0","0","0","0","0","0","0","0","0","0","0","0","0","0","0","0","0","0","0","0","0","0","0","0","0","0","0","0","0","0","0","0","0","0","0","0"
"Westmount Pinot Noir Individual ( RM-10-185-A )","Not set","WCC","0","79","79","-","0","-","-","SA-10-185-A 1.0","Wine Tastings :  2.6 %","0 w","0 w","—","SA-10-185-A :   No","Legacy","—","—","50.0 % Week  49 - 53","-","-","0","5","7","6","6","6","7","8","14","11","8","9","8","9","14","11","44","89","173","117","31","42","17","12","12","0","0","0","0","0","0","0","0","0","0","0","0","0","0","0","0","0","0","0","0","0","0","0","0","0","0","0","0","0","0","0","0","0","0","0","0"
"Westmount Riesling Individual ( RM-10-186-A )","Not set","WCC","0","79","79","-","0","-","-","SA-10-186-A 1.0","Wine Tastings :  1.8 %","0 w","0 w","—","SA-10-186-A :   No","Legacy","—","—","50.0 % Week  49 - 53","-","-","0","3","5","4","4","4","5","5","10","8","6","6","5","6","9","8","30","62","120","81","22","29","12","9","8","0","0","0","0","0","0","0","0","0","0","0","0","0","0","0","0","0","0","0","0","0","0","0","0","0","0","0","0","0","0","0","0","0","0","0","0"
"Wish Street 19 Laurel Ave Chardonnay Individual ( RM-10-187-A )","Not set","WCC","0","275","275","-","0","-","-","SA-10-187-A 1.0","Wine Tastings :  1.0 %","0 w","0 w","—","SA-10-187-A :   No","Legacy","—","—","50.0 % Week  49 - 53","-","-","0","2","3","2","2","2","3","3","5","4","3","3","3","4","5","4","17","34","67","45","12","16","7","5","5","0","0","0","0","0","0","0","0","0","0","0","0","0","0","0","0","0","0","0","0","0","0","0","0","0","0","0","0","0","0","0","0","0","0","0","0"
"Wish Street 18 Willow Street Aligote Individual ( RM-10-188-A )","Not set","WCC","0","487","487","-","0","-","-","SA-10-188-A 1.0","Wine Tastings :  1.5 %","0 w","0 w","—","SA-10-188-A :   No","Legacy","—","—","50.0 % Week  49 - 53","-","-","0","3","4","3","4","3","4","4","8","7","5","5","5","5","8","7","26","52","101","69","18","25","10","7","7","0","0","0","0","0","0","0","0","0","0","0","0","0","0","0","0","0","0","0","0","0","0","0","0","0","0","0","0","0","0","0","0","0","0","0","0"
"Camp White Blend Individual ( RM-10-189-A )","Not set","WCC","0","777","777","-","0","-","-","SA-10-189-A 1.0","Wine Tastings :  0.4 %","0 w","0 w","—","SA-10-189-A :   No","Legacy","—","—","50.0 % Week  49 - 53","-","-","0","1","1","1","1","1","1","1","2","2","1","2","1","2","2","2","7","15","29","20","5","7","3","2","2","0","0","0","0","0","0","0","0","0","0","0","0","0","0","0","0","0","0","0","0","0","0","0","0","0","0","0","0","0","0","0","0","0","0","0","0"
"Hue Savignon Blanc Individual ( RM-10-190-A )","Not set","WCC","0","104","104","-","0","-","-","SA-10-190-A 1.0","Wine Tastings :  3.2 %","0 w","0 w","—","SA-10-190-A :   No","Legacy","—","—","50.0 % Week  49 - 53","-","-","0","6","9","7","8","7","8","10","18","14","10","11","10","11","17","14","55","111","214","145","39","52","22","15","15","0","0","0","0","0","0","0","0","0","0","0","0","0","0","0","0","0","0","0","0","0","0","0","0","0","0","0","0","0","0","0","0","0","0","0","0"
"Hue Rosè Individual ( RM-10-191-A )","Not set","WCC","0","10","10","-","0","-","-","SA-10-191-A 1.0","Wine Tastings :  3.8 %","0 w","0 w","—","SA-10-191-A :   No","Legacy","—","—","50.0 % Week  49 - 53","-","-","0","7","11","9","9","9","10","12","21","17","12","13","12","14","21","17","66","134","260","176","47","63","26","19","18","0","0","0","0","0","0","0","0","0","0","0","0","0","0","0","0","0","0","0","0","0","0","0","0","0","0","0","0","0","0","0","0","0","0","0","0"
"Last Press Epilogue Merlot Bulk ( RM-10-192-A )","Not set","WCC","0","3,404","3,404","-","0","-","-","SA-10-192-A 1.0","Wine Tastings :  1.3 %","0 w","0 w","—","SA-10-192-A :   No","Legacy","—","—","50.0 % Week  49 - 53","-","-","0","2","4","3","3","3","3","4","7","6","4","5","4","5","7","6","22","46","88","60","16","21","9","6","6","0","0","0","0","0","0","0","0","0","0","0","0","0","0","0","0","0","0","0","0","0","0","0","0","0","0","0","0","0","0","0","0","0","0","0","0"
"Last Press Story Red Blend Bulk ( RM-10-193-A )","Not set","WCC","0","4,066","4,066","-","0","-","-","SA-10-193-A 1.0","Wine Tastings :  1.6 %","0 w","0 w","—","SA-10-193-A :   No","Legacy","—","—","50.0 % Week  49 - 53","-","-","0","3","5","4","4","4","4","5","9","7","5","6","5","6","9","7","28","57","111","75","20","27","11","8","8","0","0","0","0","0","0","0","0","0","0","0","0","0","0","0","0","0","0","0","0","0","0","0","0","0","0","0","0","0","0","0","0","0","0","0","0"
"Vintist Grenache Bulk ( RM-10-196-A )","Not set","WCC","0","3,334","3,334","-","0","-","-","SA-10-196-A 1.0","Wine Tastings :  1.7 %","0 w","0 w","—","SA-10-196-A :   No","Legacy","—","—","50.0 % Week  49 - 53","-","-","0","3","5","4","4","4","4","5","9","7","5","6","5","6","9","7","29","58","112","76","20","27","11","8","8","0","0","0","0","0","0","0","0","0","0","0","0","0","0","0","0","0","0","0","0","0","0","0","0","0","0","0","0","0","0","0","0","0","0","0","0"
"Vintist Orange Muscat Bulk ( RM-10-199-A )","Not set","WCC","0","2,735","2,735","-","0","-","-","SA-10-199-A 1.0","Wine Tastings :  2.6 %","0 w","0 w","—","SA-10-199-A :   No","Legacy","—","—","50.0 % Week  49 - 53","-","-","0","5","7","6","6","6","7","8","14","11","8","9","8","9","14","11","44","90","174","118","31","42","18","12","12","0","0","0","0","0","0","0","0","0","0","0","0","0","0","0","0","0","0","0","0","0","0","0","0","0","0","0","0","0","0","0","0","0","0","0","0"
"Vinebox Sauvignong Blanc Bulk ( RM-10-200-A )","Not set","WCC","0","3,040","3,040","-","0","-","-","SA-10-200-A 1.0","Wine Tastings :  3.2 %","0 w","0 w","—","SA-10-200-A :   No","Legacy","—","—","50.0 % Week  49 - 53","-","-","0","6","9","7","8","7","8","10","18","14","10","11","10","11","17","14","55","112","217","147","39","53","22","16","15","0","0","0","0","0","0","0","0","0","0","0","0","0","0","0","0","0","0","0","0","0","0","0","0","0","0","0","0","0","0","0","0","0","0","0","0"
"Opolo Reserve Petite Sirah Bulk ( RM-10-201-A )","Not set","WCC","0","3,836","3,726","-","110","-","-","SA-10-201-A 1.0","Wine Tastings :  3.2 %","0 w","0 w","—","SA-10-201-A :   No","Legacy","—","—","50.0 % Week  49 - 53","-","-","0","6","9","7","7","7","8","9","18","14","10","11","10","11","17","14","54","110","214","145","39","52","22","15","15","0","0","0","0","0","0","0","0","0","0","0","0","0","0","0","0","0","0","0","0","0","0","0","0","0","0","0","0","0","0","0","0","0","0","0","0"
"Opolo Cabernet Sauvignon Bulk ( RM-10-202-A )","Not set","WCC","0","3,766","3,656","-","110","-","-","SA-10-202-A 1.0","Wine Tastings :  4.7 %","0 w","0 w","—","SA-10-202-A :   No","Legacy","—","—","50.0 % Week  49 - 53","-","-","0","9","13","10","11","11","12","14","26","21","15","16","14","17","25","20","80","163","315","214","57","77","32","23","21","0","0","0","0","0","0","0","0","0","0","0","0","0","0","0","0","0","0","0","0","0","0","0","0","0","0","0","0","0","0","0","0","0","0","0","0"
"Vinebox Sangiovese Bulk ( RM-10-203-A )","Not set","WCC","0","3,360","3,265","-","95","-","-","SA-10-203-A 1.0","Wine Tastings :  1.6 %","0 w","0 w","—","SA-10-203-A :   No","Legacy","—","—","50.0 % Week  49 - 53","-","-","0","3","4","4","4","4","4","5","9","7","5","5","5","6","8","7","27","55","107","73","19","26","11","8","7","0","0","0","0","0","0","0","0","0","0","0","0","0","0","0","0","0","0","0","0","0","0","0","0","0","0","0","0","0","0","0","0","0","0","0","0"
"Thank you Daisy Tiny Terracotta Individual ( RM-15-044-A )","Not set","—","0","0","0","-","0","-","-","SA-15-044-A","-","0 w","0 w","—","-","Legacy","—","—","50.0 % Week  49 - 53","-","-","0","0","0","0","0","0","0","0","0","0","0","0","0","0","0","0","0","0","0","0","0","0","0","0","0","0","0","0","0","0","0","0","0","0","0","0","0","0","0","0","0","0","0","0","0","0","0","0","0","0","0","0","0","0","0","0","0","0","0","0","0"
"Good Luck Clover Tiny Terracotta Individual ( RM-15-047-A )","Not set","—","0","0","0","-","0","-","-","SA-15-047-A","-","0 w","0 w","—","-","Legacy","—","—","50.0 % Week  49 - 53","-","-","0","0","0","0","0","0","0","0","0","0","0","0","0","0","0","0","0","0","0","0","0","0","0","0","0","0","0","0","0","0","0","0","0","0","0","0","0","0","0","0","0","0","0","0","0","0","0","0","0","0","0","0","0","0","0","0","0","0","0","0","0"
"Zinnia Tiny Terracotta Individual ( RM-15-050-A )","Not set","—","0","0","0","-","0","-","-","SA-15-050-A","-","0 w","0 w","—","-","Legacy","—","—","50.0 % Week  49 - 53","-","-","0","0","0","0","0","0","0","0","0","0","0","0","0","0","0","0","0","0","0","0","0","0","0","0","0","0","0","0","0","0","0","0","0","0","0","0","0","0","0","0","0","0","0","0","0","0","0","0","0","0","0","0","0","0","0","0","0","0","0","0","0"
"Rosemary Tiny Terracotta Individual ( RM-15-051-A )","Not set","—","0","0","0","-","0","-","-","SA-15-051-A","-","0 w","0 w","—","-","Legacy","—","—","50.0 % Week  49 - 53","-","-","0","0","0","0","0","0","0","0","0","0","0","0","0","0","0","0","0","0","0","0","0","0","0","0","0","0","0","0","0","0","0","0","0","0","0","0","0","0","0","0","0","0","0","0","0","0","0","0","0","0","0","0","0","0","0","0","0","0","0","0","0"
"Apples & Maple Bourbon (Holiday) Individual ( RM-16-014-A )","Not set","—","0","0","0","-","0","-","-","SA-16-014-A","-","0 w","0 w","—","-","Legacy","—","—","50.0 % Week  49 - 53","-","-","0","0","0","0","0","0","0","0","0","0","0","0","0","0","0","0","0","0","0","0","0","0","0","0","0","0","0","0","0","0","0","0","0","0","0","0","0","0","0","0","0","0","0","0","0","0","0","0","0","0","0","0","0","0","0","0","0","0","0","0","0"
"Candle Coaster ( RM-16-110-A )","Not set","—","0","0","0","-","0","-","-","SA-16-110-A","-","0 w","0 w","—","-","Legacy","—","—","50.0 % Week  49 - 53","-","-","0","0","0","0","0","0","0","0","0","0","0","0","0","0","0","0","0","0","0","0","0","0","0","0","0","0","0","0","0","0","0","0","0","0","0","0","0","0","0","0","0","0","0","0","0","0","0","0","0","0","0","0","0","0","0","0","0","0","0","0","0"
"Copper Cow Mocha Creamer ( RM-19-088-A )","Not set","—","0","9,800","0","-","0","9,800","P02061 6/8/26","SA-19-088-A","-","0 w","0 w","—","-","Legacy","—","—","50.0 % Week  49 - 53","-","-","0","0","0","0","0","0","0","0","0","0","0","0","0","0","0","0","0","0","0","0","0","0","0","0","0","0","0","0","0","0","0","0","0","0","0","0","0","0","0","0","0","0","0","0","0","0","0","0","0","0","0","0","0","0","0","0","0","0","0","0","0"
"Cusa English Breakfast Tea Individual  ( RM-20-058-A )","Not set","—","0","0","0","-","0","-","-","SA-20-058-A","-","0 w","0 w","—","-","Legacy","—","—","50.0 % Week  49 - 53","-","-","0","0","0","0","0","0","0","0","0","0","0","0","0","0","0","0","0","0","0","0","0","0","0","0","0","0","0","0","0","0","0","0","0","0","0","0","0","0","0","0","0","0","0","0","0","0","0","0","0","0","0","0","0","0","0","0","0","0","0","0","0"
"Champagne Garlic Honey Mustard Individual ( RM-39-022-A )","Not set","—","0","0","0","-","0","-","-","SA-39-022-A","-","0 w","0 w","—","-","Legacy","—","—","50.0 % Week  49 - 53","-","-","0","0","0","0","0","0","0","0","0","0","0","0","0","0","0","0","0","0","0","0","0","0","0","0","0","0","0","0","0","0","0","0","0","0","0","0","0","0","0","0","0","0","0","0","0","0","0","0","0","0","0","0","0","0","0","0","0","0","0","0","0"
"Vida Ceramic Mug Individual ( RM-39-072-A )","Not set","—","0","0","0","-","0","-","-","SA-39-072-A","-","0 w","0 w","—","-","Legacy","—","—","50.0 % Week  49 - 53","-","-","0","0","0","0","0","0","0","0","0","0","0","0","0","0","0","0","0","0","0","0","0","0","0","0","0","0","0","0","0","0","0","0","0","0","0","0","0","0","0","0","0","0","0","0","0","0","0","0","0","0","0","0","0","0","0","0","0","0","0","0","0"
"English Breakfast Tea Cube - 12 sachets Individual ( RM-39-081-A )","Not set","—","0","0","0","-","0","-","-","SA-39-081-A","-","0 w","0 w","—","-","Legacy","—","—","50.0 % Week  49 - 53","-","-","0","0","0","0","0","0","0","0","0","0","0","0","0","0","0","0","0","0","0","0","0","0","0","0","0","0","0","0","0","0","0","0","0","0","0","0","0","0","0","0","0","0","0","0","0","0","0","0","0","0","0","0","0","0","0","0","0","0","0","0","0"
"Masala Chai Tea Cube - 12 sachets Individual ( RM-39-082-A )","Not set","—","0","0","0","-","0","-","-","SA-39-082-A","-","0 w","0 w","—","-","Legacy","—","—","50.0 % Week  49 - 53","-","-","0","0","0","0","0","0","0","0","0","0","0","0","0","0","0","0","0","0","0","0","0","0","0","0","0","0","0","0","0","0","0","0","0","0","0","0","0","0","0","0","0","0","0","0","0","0","0","0","0","0","0","0","0","0","0","0","0","0","0","0","0"
"Jasmine Reserve Tea Cube - 12 sachets Individual ( RM-39-083-A )","Not set","—","0","0","0","-","0","-","-","SA-39-083-A","-","0 w","0 w","—","-","Legacy","—","—","50.0 % Week  49 - 53","-","-","0","0","0","0","0","0","0","0","0","0","0","0","0","0","0","0","0","0","0","0","0","0","0","0","0","0","0","0","0","0","0","0","0","0","0","0","0","0","0","0","0","0","0","0","0","0","0","0","0","0","0","0","0","0","0","0","0","0","0","0","0"
"Earl Grey Creme Tea Cube - 12 sachets Individual ( RM-39-084-A )","Not set","—","0","0","0","-","0","-","-","SA-39-084-A","-","0 w","0 w","—","-","Legacy","—","—","50.0 % Week  49 - 53","-","-","0","0","0","0","0","0","0","0","0","0","0","0","0","0","0","0","0","0","0","0","0","0","0","0","0","0","0","0","0","0","0","0","0","0","0","0","0","0","0","0","0","0","0","0","0","0","0","0","0","0","0","0","0","0","0","0","0","0","0","0","0"
"Egyptian Chamomile Tea Cube - 12 sachets Individual ( RM-39-085-A )","Not set","—","0","0","0","-","0","-","-","SA-39-085-A","-","0 w","0 w","—","-","Legacy","—","—","50.0 % Week  49 - 53","-","-","0","0","0","0","0","0","0","0","0","0","0","0","0","0","0","0","0","0","0","0","0","0","0","0","0","0","0","0","0","0","0","0","0","0","0","0","0","0","0","0","0","0","0","0","0","0","0","0","0","0","0","0","0","0","0","0","0","0","0","0","0"
"French Lemon Ginger Tea Cube - 12 sachets Individual ( RM-39-086-A )","Not set","—","0","0","0","-","0","-","-","SA-39-086-A","-","0 w","0 w","—","-","Legacy","—","—","50.0 % Week  49 - 53","-","-","0","0","0","0","0","0","0","0","0","0","0","0","0","0","0","0","0","0","0","0","0","0","0","0","0","0","0","0","0","0","0","0","0","0","0","0","0","0","0","0","0","0","0","0","0","0","0","0","0","0","0","0","0","0","0","0","0","0","0","0","0"
"White Coconut Creme Tea Cube - 12 sachets Individual ( RM-39-087-A )","Not set","—","0","0","0","-","0","-","-","SA-39-087-A","-","0 w","0 w","—","-","Legacy","—","—","50.0 % Week  49 - 53","-","-","0","0","0","0","0","0","0","0","0","0","0","0","0","0","0","0","0","0","0","0","0","0","0","0","0","0","0","0","0","0","0","0","0","0","0","0","0","0","0","0","0","0","0","0","0","0","0","0","0","0","0","0","0","0","0","0","0","0","0","0","0"
"Apricot Escape Tea Cube - 12 sachets Individual ( RM-39-088-A )","Not set","—","0","0","0","-","0","-","-","SA-39-088-A","-","0 w","0 w","—","-","Legacy","—","—","50.0 % Week  49 - 53","-","-","0","0","0","0","0","0","0","0","0","0","0","0","0","0","0","0","0","0","0","0","0","0","0","0","0","0","0","0","0","0","0","0","0","0","0","0","0","0","0","0","0","0","0","0","0","0","0","0","0","0","0","0","0","0","0","0","0","0","0","0","0"
"Warm Amber Lavender Salt Soak ( RM-40-106-A )","Not set","—","0","0","0","-","0","-","-","SA-40-106-A","-","0 w","0 w","—","-","Legacy","—","—","50.0 % Week  49 - 53","-","-","0","0","0","0","0","0","0","0","0","0","0","0","0","0","0","0","0","0","0","0","0","0","0","0","0","0","0","0","0","0","0","0","0","0","0","0","0","0","0","0","0","0","0","0","0","0","0","0","0","0","0","0","0","0","0","0","0","0","0","0","0"
"Chocolate Caramel Candy Bag ( RM-48-203-A )","Not set","—","0","0","0","-","0","-","-","SA-48-203-A","-","0 w","0 w","—","-","Legacy","—","—","50.0 % Week  49 - 53","-","-","0","0","0","0","0","0","0","0","0","0","0","0","0","0","0","0","0","0","0","0","0","0","0","0","0","0","0","0","0","0","0","0","0","0","0","0","0","0","0","0","0","0","0","0","0","0","0","0","0","0","0","0","0","0","0","0","0","0","0","0","0"
"Peppermint Almond Candy Bag ( RM-48-204-A )","Not set","—","0","0","0","-","0","-","-","SA-48-204-A","-","0 w","0 w","—","-","Legacy","—","—","50.0 % Week  49 - 53","-","-","0","0","0","0","0","0","0","0","0","0","0","0","0","0","0","0","0","0","0","0","0","0","0","0","0","0","0","0","0","0","0","0","0","0","0","0","0","0","0","0","0","0","0","0","0","0","0","0","0","0","0","0","0","0","0","0","0","0","0","0","0"
"Chappellet Signature Cabernet Sauvignon, Pritchard Hill ( SA-14-341-A )","Not set","WCC","2","38","20","-","20","-","-","SA-14-341-A 1.0","Grand Wine :  39.0 %","0 w","0 w","—","SA-14-341-A :   No","Legacy","—","—","50.0 % Week  49 - 53","-","-","0","1","1","2","2","1","2","2","1","4","2","2","4","4","4","4","17","33","129","129","28","35","14","10","6","0","0","0","0","0","0","0","0","0","0","0","0","0","0","0","0","0","0","0","0","0","0","0","0","0","0","0","0","0","0","0","0","0","0","0","0"
"Armida Maple Vineyards Zinfandel, Dry Creek Valley ( SA-14-342-A )","Not set","WCC","4","110","57","-","57","-","-","SA-14-342-A 1.0","X-Large Wine :  14.2 %","0 w","0 w","—","SA-14-342-A :   No","Legacy","—","—","50.0 % Week  49 - 53","-","-","0","1","2","1","2","2","2","4","3","3","2","2","2","4","4","3","26","52","125","84","23","26","10","7","6","0","0","0","0","0","0","0","0","0","0","0","0","0","0","0","0","0","0","0","0","0","0","0","0","0","0","0","0","0","0","0","0","0","0","0","0"
"Ogden Chardonnay, Muir-Hanna Vineyard, Napa ( SA-14-343-A )","Not set","WCC","3","69","36","-","36","-","-","SA-14-343-A 1.0","-","0 w","0 w","—","SA-14-343-A :   No","Legacy","—","—","50.0 % Week  49 - 53","-","-","0","0","0","0","0","0","0","0","0","0","0","0","0","0","0","0","0","0","0","0","0","0","0","0","0","0","0","0","0","0","0","0","0","0","0","0","0","0","0","0","0","0","0","0","0","0","0","0","0","0","0","0","0","0","0","0","0","0","0","0","0"
"The Vice ""The House"" Sauvignon Blanc, Napa ( SA-14-344-A )","Not set","WCC","3","181","92","-","92","-","-","SA-14-344-A 1.0","Large Wine :  7.9 %","0 w","0 w","—","SA-14-344-A :   No","Legacy","—","—","50.0 % Week  49 - 53","-","-","0","2","2","2","2","2","3","3","5","4","2","3","3","4","5","4","31","57","133","102","28","28","14","8","7","0","0","0","0","0","0","0","0","0","0","0","0","0","0","0","0","0","0","0","0","0","0","0","0","0","0","0","0","0","0","0","0","0","0","0","0"
"No Love Lost Chillable Red ( SA-14-345-A )","Not set","WCC","3","123","63","-","63","-","-","SA-14-345-A 1.0","Large Wine :  7.0 %","0 w","0 w","—","SA-14-345-A :   No","Legacy","—","—","50.0 % Week  49 - 53","-","-","0","2","2","2","2","2","2","2","4","3","2","2","3","4","4","4","27","50","117","91","24","25","13","7","6","0","0","0","0","0","0","0","0","0","0","0","0","0","0","0","0","0","0","0","0","0","0","0","0","0","0","0","0","0","0","0","0","0","0","0","0"
"No Love Lost Orange Picpoul ( SA-14-346-A )","Not set","WCC","3","117","60","-","60","-","-","SA-14-346-A 1.0","Large Wine :  10.6 %","0 w","0 w","—","SA-14-346-A :   No","Legacy","—","—","50.0 % Week  49 - 53","-","-","0","2","2","3","2","2","3","4","7","5","3","4","4","6","7","5","42","76","178","137","37","38","19","11","9","0","0","0","0","0","0","0","0","0","0","0","0","0","0","0","0","0","0","0","0","0","0","0","0","0","0","0","0","0","0","0","0","0","0","0","0"
"2023 Tooth & Nail Cabernet Sauvignon (Squad Series) ( SA-14-347-A )","Not set","WCC","3","59","31","-","31","-","-","SA-14-347-A 1.0","Medium Wine :  18.5 %","0 w","0 w","—","SA-14-347-A :   No","Legacy","—","—","50.0 % Week  49 - 53","-","-","0","5","12","7","8","7","6","7","22","12","10","8","8","9","10","11","59","138","348","295","68","81","32","25","19","0","0","0","0","0","0","0","0","0","0","0","0","0","0","0","0","0","0","0","0","0","0","0","0","0","0","0","0","0","0","0","0","0","0","0","0"
"2023 Sojourn Sonoma Coast Rosé ( SA-14-348-A )","Not set","WCC","3","153","0","-","0","156","P02082 6/17/26","SA-14-348-A 1.0","-","0 w","0 w","—","SA-14-348-A :   No","Legacy","—","—","50.0 % Week  49 - 53","-","-","0","0","0","0","0","0","0","0","0","0","0","0","0","0","0","0","0","0","0","0","0","0","0","0","0","0","0","0","0","0","0","0","0","0","0","0","0","0","0","0","0","0","0","0","0","0","0","0","0","0","0","0","0","0","0","0","0","0","0","0","0"
"2019 Broken Earth Limited Release Tempranillo ( SA-14-349-A )","Not set","WCC","3","109","56","-","56","-","-","SA-14-349-A 1.0","Medium Wine :  11.6 %","0 w","0 w","—","SA-14-349-A :   No","Legacy","—","—","50.0 % Week  49 - 53","-","-","0","3","7","4","5","5","4","4","14","8","6","5","5","6","6","7","37","87","218","185","43","51","20","16","12","0","0","0","0","0","0","0","0","0","0","0","0","0","0","0","0","0","0","0","0","0","0","0","0","0","0","0","0","0","0","0","0","0","0","0","0"
"Wish Street Zinfandel Bulk ( RM-14-167-A )","Wine","WCC","12","1,279","1,291","-","0","-","-","SA-14-167-A 1.0","Medium Wine :  5.0 %","4 w","4 w","—","SA-14-167-A :   No","Legacy","—","—","30.0 % Week  49 - 53","L-W14-EG-24-167","-","0","1","3","2","2","2","2","2","6","3","3","2","2","2","3","3","14","32","82","69","18","22","9","7","5","0","0","0","0","0","0","0","0","0","0","0","0","0","0","0","0","0","0","0","0","0","0","0","0","0","0","0","0","0","0","0","0","0","0","0","0"
"Wish Street Pinot Gris Bulk ( RM-14-168-A )","Wine","WCC","12","1,260","1,272","-","0","-","-","SA-14-168-A 1.0","Medium Wine :  7.2 %","4 w","4 w","—","SA-14-168-A :   No","Legacy","—","—","30.0 % Week  49 - 53","L-W14-REG-24-168","-","0","2","5","3","3","3","2","3","8","5","4","3","3","3","4","4","20","47","117","99","26","32","12","10","7","0","0","0","0","0","0","0","0","0","0","0","0","0","0","0","0","0","0","0","0","0","0","0","0","0","0","0","0","0","0","0","0","0","0","0","0"
"Wish Street Pinot Blanc Bulk ( RM-14-169-A )","Wine","WCC","12","1,798","1,810","-","0","-","-","SA-14-169-A 1.0","Large Wine :  5.2 %","4 w","4 w","—","SA-14-169-A :   No","Legacy","—","—","30.0 % Week  49 - 53","L-W14-REG-24-169","-","0","1","1","2","1","1","2","2","3","3","2","2","2","3","3","3","18","32","76","59","18","19","10","5","5","0","0","0","0","0","0","0","0","0","0","0","0","0","0","0","0","0","0","0","0","0","0","0","0","0","0","0","0","0","0","0","0","0","0","0","0"
"Wish Street Cab Bulk ( RM-14-170-A )","Wine","WCC","12","0","1","-","0","-","-","SA-14-170-A 1.0","-","4 w","4 w","—","SA-14-170-A :   No","Legacy","—","—","30.0 % Week  49 - 53","L-W14-REG-24-170","-","0","0","0","0","0","0","0","0","0","0","0","0","0","0","0","0","0","0","0","0","0","0","0","0","0","0","0","0","0","0","0","0","0","0","0","0","0","0","0","0","0","0","0","0","0","0","0","0","0","0","0","0","0","0","0","0","0","0","0","0","0"
"Inspiration Grenache Bulk ( RM-14-337-A )","Wine","WCC","3","39","42","-","0","-","-","SA-14-337-A 1.0","Medium Wine :  4.3 %","4 w","4 w","—","SA-14-337-A :   No","Legacy","—","—","30.0 % Week  49 - 53","-","-","0","1","3","2","2","2","1","2","5","3","2","2","2","2","2","3","12","28","69","59","16","19","7","6","4","0","0","0","0","0","0","0","0","0","0","0","0","0","0","0","0","0","0","0","0","0","0","0","0","0","0","0","0","0","0","0","0","0","0","0","0"
"Little X Little Angels Vineyard Chenin Blanc Bulk ( RM-14-338-A )","Wine","WCC","20","0","13","-","0","-","-","SA-14-338-A 1.0","Medium Wine :  8.4 %","4 w","4 w","—","SA-14-338-A :   No","Legacy","—","—","30.0 % Week  49 - 53","-","-","40","2","5","3","4","3","3","3","10","6","5","4","4","4","5","5","23","54","137","116","31","37","15","11","9","0","0","0","0","0","0","0","0","0","0","0","0","0","0","0","0","0","0","0","0","0","0","0","0","0","0","0","0","0","0","0","0","0","0","0","0"
"Smoking Loon Pinot Grigio ( SA-14-042-A )","Wine","WCC","4","0","1","-","1","-","-","SA-14-042-A 1.0","-","4 w","4 w","—","SA-14-042-A :   No","Legacy","—","—","30.0 % Week  49 - 53","-","-","0","0","0","0","0","0","0","0","0","0","0","0","0","0","0","0","0","0","0","0","0","0","0","0","0","0","0","0","0","0","0","0","0","0","0","0","0","0","0","0","0","0","0","0","0","0","0","0","0","0","0","0","0","0","0","0","0","0","0","0","0"
"Custard Califonia Chardonnay ( SA-14-044-A )","Wine","WCC","2","2","2","-","2","-","-","SA-14-044-A 1.0","-","4 w","4 w","—","SA-14-044-A :   No","Legacy","—","—","30.0 % Week  49 - 53","-","-","0","0","0","0","0","0","0","0","0","0","0","0","0","0","0","0","0","0","0","0","0","0","0","0","0","0","0","0","0","0","0","0","0","0","0","0","0","0","0","0","0","0","0","0","0","0","0","0","0","0","0","0","0","0","0","0","0","0","0","0","0"
"The Path Moscato ( SA-14-045-A )","Wine","WCC","2","2","2","-","2","-","-","SA-14-045-A 1.0","Medium Wine :  0.6 %","4 w","4 w","—","SA-14-045-A :   No","Legacy","—","—","30.0 % Week  49 - 53","-","-","0","0","0","0","0","0","0","0","1","0","0","0","0","0","0","0","2","4","9","8","2","3","1","1","1","0","0","0","0","0","0","0","0","0","0","0","0","0","0","0","0","0","0","0","0","0","0","0","0","0","0","0","0","0","0","0","0","0","0","0","0"
"Simple Life 2021 Rosé ( SA-14-046-A )","Wine","WCC","4","0","0","-","0","-","-","SA-14-046-A 1.0","-","4 w","4 w","—","SA-14-046-A :   No","Legacy","—","—","30.0 % Week  49 - 53","-","-","0","0","0","0","0","0","0","0","0","0","0","0","0","0","0","0","0","0","0","0","0","0","0","0","0","0","0","0","0","0","0","0","0","0","0","0","0","0","0","0","0","0","0","0","0","0","0","0","0","0","0","0","0","0","0","0","0","0","0","0","0"
"The Path Pink Moscato ( SA-14-047-A )","Wine","WCC","4","0","1","-","1","-","-","SA-14-047-A 1.0","-","4 w","4 w","—","SA-14-047-A :   No","Legacy","—","—","30.0 % Week  49 - 53","-","-","0","0","0","0","0","0","0","0","0","0","0","0","0","0","0","0","0","0","0","0","0","0","0","0","0","0","0","0","0","0","0","0","0","0","0","0","0","0","0","0","0","0","0","0","0","0","0","0","0","0","0","0","0","0","0","0","0","0","0","0","0"
"Momentus Chardonnay 2019 ( SA-14-048-A )","Wine","WCC","2","2","2","-","2","-","-","SA-14-048-A 1.0","-","4 w","4 w","—","SA-14-048-A :   No","Legacy","—","—","30.0 % Week  49 - 53","-","-","0","0","0","0","0","0","0","0","0","0","0","0","0","0","0","0","0","0","0","0","0","0","0","0","0","0","0","0","0","0","0","0","0","0","0","0","0","0","0","0","0","0","0","0","0","0","0","0","0","0","0","0","0","0","0","0","0","0","0","0","0"
"Izzie Isadora North Coast Pinot ( SA-14-052-A )","Wine","WCC","4","0","0","-","0","-","-","SA-14-052-A 1.0","-","4 w","4 w","—","SA-14-052-A :   No","Legacy","—","—","30.0 % Week  49 - 53","-","-","0","0","0","0","0","0","0","0","0","0","0","0","0","0","0","0","0","0","0","0","0","0","0","0","0","0","0","0","0","0","0","0","0","0","0","0","0","0","0","0","0","0","0","0","0","0","0","0","0","0","0","0","0","0","0","0","0","0","0","0","0"
"Sphinx 2018 Red Blend ( SA-14-054-A )","Wine","WCC","3","3","3","-","3","-","-","SA-14-054-A 1.0","-","4 w","4 w","—","SA-14-054-A :   No","Legacy","—","—","30.0 % Week  49 - 53","-","-","0","0","0","0","0","0","0","0","0","0","0","0","0","0","0","0","0","0","0","0","0","0","0","0","0","0","0","0","0","0","0","0","0","0","0","0","0","0","0","0","0","0","0","0","0","0","0","0","0","0","0","0","0","0","0","0","0","0","0","0","0"
"The Path Merlot ( SA-14-057-A )","Wine","WCC","2","2","2","-","2","-","-","SA-14-057-A 1.0","-","4 w","4 w","—","SA-14-057-A :   No","Legacy","—","—","30.0 % Week  49 - 53","-","-","0","0","0","0","0","0","0","0","0","0","0","0","0","0","0","0","0","0","0","0","0","0","0","0","0","0","0","0","0","0","0","0","0","0","0","0","0","0","0","0","0","0","0","0","0","0","0","0","0","0","0","0","0","0","0","0","0","0","0","0","0"
"The Crusher Petite Sirah ( SA-14-059-A )","Wine","WCC","2","0","0","-","0","-","-","SA-14-059-A 1.0","-","4 w","4 w","—","SA-14-059-A :   No","Legacy","—","—","30.0 % Week  49 - 53","-","-","0","0","0","0","0","0","0","0","0","0","0","0","0","0","0","0","0","0","0","0","0","0","0","0","0","0","0","0","0","0","0","0","0","0","0","0","0","0","0","0","0","0","0","0","0","0","0","0","0","0","0","0","0","0","0","0","0","0","0","0","0"
"Leese Fitch Zinfandel ( SA-14-060-A )","Wine","WCC","2","0","0","-","0","-","-","SA-14-060-A 1.0","-","4 w","4 w","—","SA-14-060-A :   No","Legacy","—","—","30.0 % Week  49 - 53","-","-","0","0","0","0","0","0","0","0","0","0","0","0","0","0","0","0","0","0","0","0","0","0","0","0","0","0","0","0","0","0","0","0","0","0","0","0","0","0","0","0","0","0","0","0","0","0","0","0","0","0","0","0","0","0","0","0","0","0","0","0","0"
"Big Smooth Old-Vine Zinfandel ( SA-14-061-A )","Wine","WCC","4","4","4","-","4","-","-","SA-14-061-A 1.0","-","4 w","4 w","—","SA-14-061-A :   No","Legacy","—","—","30.0 % Week  49 - 53","-","-","0","0","0","0","0","0","0","0","0","0","0","0","0","0","0","0","0","0","0","0","0","0","0","0","0","0","0","0","0","0","0","0","0","0","0","0","0","0","0","0","0","0","0","0","0","0","0","0","0","0","0","0","0","0","0","0","0","0","0","0","0"
"SA-14-063 ( SA-14-063 )","Wine","WCC","0","0","0","-","0","-","-","SA-14-063","-","4 w","4 w","—","SA-14-063 :   No","Legacy","—","—","30.0 % Week  49 - 53","-","-","0","0","0","0","0","0","0","0","0","0","0","0","0","0","0","0","0","0","0","0","0","0","0","0","0","0","0","0","0","0","0","0","0","0","0","0","0","0","0","0","0","0","0","0","0","0","0","0","0","0","0","0","0","0","0","0","0","0","0","0","0"
"Califortune Brut Cuvee  ( SA-14-063-A )","Wine","—","0","4","2","-","2","-","-","SA-14-063-A 1.0","-","4 w","4 w","—","SA-14-063-A :   Yes","Legacy","—","—","30.0 % Week  49 - 53","-","-","0","0","0","0","0","0","0","0","0","0","0","0","0","0","0","0","0","0","0","0","0","0","0","0","0","0","0","0","0","0","0","0","0","0","0","0","0","0","0","0","0","0","0","0","0","0","0","0","0","0","0","0","0","0","0","0","0","0","0","0","0"
"Elder Rock Pino Grigo  ( SA-14-067-A )","Wine","WCC","4","0","0","-","0","-","-","SA-14-067-A 1.0","-","4 w","4 w","—","SA-14-067-A :   No","Legacy","—","—","30.0 % Week  49 - 53","-","-","0","0","0","0","0","0","0","0","0","0","0","0","0","0","0","0","0","0","0","0","0","0","0","0","0","0","0","0","0","0","0","0","0","0","0","0","0","0","0","0","0","0","0","0","0","0","0","0","0","0","0","0","0","0","0","0","0","0","0","0","0"
"Lab Rosé ( SA-14-075-A )","Wine","WCC","4","4","4","-","4","-","-","SA-14-075-A 1.0","-","4 w","4 w","—","SA-14-075-A :   Yes","Legacy","—","—","30.0 % Week  49 - 53","-","-","0","0","0","0","0","0","0","0","0","0","0","0","0","0","0","0","0","0","0","0","0","0","0","0","0","0","0","0","0","0","0","0","0","0","0","0","0","0","0","0","0","0","0","0","0","0","0","0","0","0","0","0","0","0","0","0","0","0","0","0","0"
"Ryder Estate Pinot Noir Rosé ( SA-14-076-A )","Wine","WCC","12","0","0","-","0","-","-","SA-14-076-A 1.0","-","4 w","4 w","—","SA-14-076-A :   No","Legacy","—","—","30.0 % Week  49 - 53","-","-","0","0","0","0","0","0","0","0","0","0","0","0","0","0","0","0","0","0","0","0","0","0","0","0","0","0","0","0","0","0","0","0","0","0","0","0","0","0","0","0","0","0","0","0","0","0","0","0","0","0","0","0","0","0","0","0","0","0","0","0","0"
"The Promise Rosé ( SA-14-077-A )","Wine","WCC","12","0","0","-","0","-","-","SA-14-077-A 1.0","-","4 w","4 w","—","SA-14-077-A :   No","Legacy","—","—","30.0 % Week  49 - 53","-","-","0","0","0","0","0","0","0","0","0","0","0","0","0","0","0","0","0","0","0","0","0","0","0","0","0","0","0","0","0","0","0","0","0","0","0","0","0","0","0","0","0","0","0","0","0","0","0","0","0","0","0","0","0","0","0","0","0","0","0","0","0"
"Calyptra Vivendo Reserva Sauvignon Blanc ( SA-14-081-A )","Wine","WCC","12","0","0","-","0","-","-","SA-14-081-A 1.0","-","4 w","4 w","—","SA-14-081-A :   No","Legacy","—","—","30.0 % Week  49 - 53","-","-","0","0","0","0","0","0","0","0","0","0","0","0","0","0","0","0","0","0","0","0","0","0","0","0","0","0","0","0","0","0","0","0","0","0","0","0","0","0","0","0","0","0","0","0","0","0","0","0","0","0","0","0","0","0","0","0","0","0","0","0","0"
"Cruzat Brut ( SA-14-084-A )","Wine","WCC","2","0","0","-","0","-","-","SA-14-084-A 1.0","-","4 w","4 w","—","SA-14-084-A :   Yes","Legacy","—","—","30.0 % Week  49 - 53","-","-","0","0","0","0","0","0","0","0","0","0","0","0","0","0","0","0","0","0","0","0","0","0","0","0","0","0","0","0","0","0","0","0","0","0","0","0","0","0","0","0","0","0","0","0","0","0","0","0","0","0","0","0","0","0","0","0","0","0","0","0","0"
"Avivo Vermentino ( SA-14-086-A )","Wine","WCC","4","0","1","-","1","-","-","SA-14-086-A 1.0","-","4 w","4 w","—","SA-14-086-A :   No","Legacy","—","—","30.0 % Week  49 - 53","-","-","0","0","0","0","0","0","0","0","0","0","0","0","0","0","0","0","0","0","0","0","0","0","0","0","0","0","0","0","0","0","0","0","0","0","0","0","0","0","0","0","0","0","0","0","0","0","0","0","0","0","0","0","0","0","0","0","0","0","0","0","0"
"Fossil Point Grenache RosÃ© ( SA-14-089-A )","Wine","WCC","4","8","6","-","6","-","-","SA-14-089-A 1.0","-","4 w","4 w","—","SA-14-089-A :   No","Legacy","—","—","30.0 % Week  49 - 53","-","-","0","0","0","0","0","0","0","0","0","0","0","0","0","0","0","0","0","0","0","0","0","0","0","0","0","0","0","0","0","0","0","0","0","0","0","0","0","0","0","0","0","0","0","0","0","0","0","0","0","0","0","0","0","0","0","0","0","0","0","0","0"
"Badenhorst Curator Red ( SA-14-090-A )","Wine","WCC","12","0","0","-","0","-","-","SA-14-090-A 1.0","-","4 w","4 w","—","SA-14-090-A :   No","Legacy","—","—","30.0 % Week  49 - 53","-","-","0","0","0","0","0","0","0","0","0","0","0","0","0","0","0","0","0","0","0","0","0","0","0","0","0","0","0","0","0","0","0","0","0","0","0","0","0","0","0","0","0","0","0","0","0","0","0","0","0","0","0","0","0","0","0","0","0","0","0","0","0"
"Badenhorst Curator White ( SA-14-091-A )","Wine","WCC","2","0","1","-","1","-","-","SA-14-091-A 1.0","-","4 w","4 w","—","SA-14-091-A :   No","Legacy","—","—","30.0 % Week  49 - 53","-","-","0","0","0","0","0","0","0","0","0","0","0","0","0","0","0","0","0","0","0","0","0","0","0","0","0","0","0","0","0","0","0","0","0","0","0","0","0","0","0","0","0","0","0","0","0","0","0","0","0","0","0","0","0","0","0","0","0","0","0","0","0"
"Raia Chardonnay ( SA-14-092-A )","Wine","WCC","2","2","2","-","2","-","-","SA-14-092-A 1.0","Medium Wine :  0.6 %","4 w","4 w","—","SA-14-092-A :   No","Legacy","—","—","30.0 % Week  49 - 53","-","-","0","0","0","0","0","0","0","0","1","0","0","0","0","0","0","0","2","4","9","8","2","3","1","1","1","0","0","0","0","0","0","0","0","0","0","0","0","0","0","0","0","0","0","0","0","0","0","0","0","0","0","0","0","0","0","0","0","0","0","0","0"
"Shannon Ridge High Elevation Sauvignon Blanc ( SA-14-095-A )","Wine","WCC","2","0","0","-","0","-","-","SA-14-095-A 1.0","-","4 w","4 w","—","SA-14-095-A :   Yes","Legacy","—","—","30.0 % Week  49 - 53","-","-","0","0","0","0","0","0","0","0","0","0","0","0","0","0","0","0","0","0","0","0","0","0","0","0","0","0","0","0","0","0","0","0","0","0","0","0","0","0","0","0","0","0","0","0","0","0","0","0","0","0","0","0","0","0","0","0","0","0","0","0","0"
"Shannon Ridge High Elevation Chardonnay ( SA-14-096-A )","Wine","WCC","3","5","4","-","4","-","-","SA-14-096-A 1.0","-","4 w","4 w","—","SA-14-096-A :   No","Legacy","—","—","30.0 % Week  49 - 53","-","-","0","0","0","0","0","0","0","0","0","0","0","0","0","0","0","0","0","0","0","0","0","0","0","0","0","0","0","0","0","0","0","0","0","0","0","0","0","0","0","0","0","0","0","0","0","0","0","0","0","0","0","0","0","0","0","0","0","0","0","0","0"
"DeMartino Carmenere ( SA-14-098-A )","Wine","WCC","1","1","1","-","1","-","-","SA-14-098-A 1.0","-","4 w","4 w","—","SA-14-098-A :   Yes","Legacy","—","—","30.0 % Week  49 - 53","-","-","0","0","0","0","0","0","0","0","0","0","0","0","0","0","0","0","0","0","0","0","0","0","0","0","0","0","0","0","0","0","0","0","0","0","0","0","0","0","0","0","0","0","0","0","0","0","0","0","0","0","0","0","0","0","0","0","0","0","0","0","0"
"Urgency Pinot Noir ( SA-14-100-A )","Wine","WCC","2","0","0","-","0","-","-","SA-14-100-A 1.0","-","4 w","4 w","—","SA-14-100-A :   No","Legacy","—","—","30.0 % Week  49 - 53","-","-","0","0","0","0","0","0","0","0","0","0","0","0","0","0","0","0","0","0","0","0","0","0","0","0","0","0","0","0","0","0","0","0","0","0","0","0","0","0","0","0","0","0","0","0","0","0","0","0","0","0","0","0","0","0","0","0","0","0","0","0","0"
"Urgency Red Blend ( SA-14-101-A )","Wine","WCC","2","0","0","-","0","-","-","SA-14-101-A 1.0","-","4 w","4 w","—","SA-14-101-A :   No","Legacy","—","—","30.0 % Week  49 - 53","-","-","0","0","0","0","0","0","0","0","0","0","0","0","0","0","0","0","0","0","0","0","0","0","0","0","0","0","0","0","0","0","0","0","0","0","0","0","0","0","0","0","0","0","0","0","0","0","0","0","0","0","0","0","0","0","0","0","0","0","0","0","0"
"Scotto Family Cellars Sangiovese Rose ( SA-14-102-A )","Wine","WCC","2","0","0","-","0","-","-","SA-14-102-A 1.0","-","4 w","4 w","—","SA-14-102-A :   No","Legacy","—","—","30.0 % Week  49 - 53","-","-","0","0","0","0","0","0","0","0","0","0","0","0","0","0","0","0","0","0","0","0","0","0","0","0","0","0","0","0","0","0","0","0","0","0","0","0","0","0","0","0","0","0","0","0","0","0","0","0","0","0","0","0","0","0","0","0","0","0","0","0","0"
"Villa Loosen Rose ( SA-14-103-A )","Wine","WCC","12","0","0","-","0","-","-","SA-14-103-A 1.0","-","4 w","4 w","—","SA-14-103-A :   No","Legacy","—","—","30.0 % Week  49 - 53","-","-","0","0","0","0","0","0","0","0","0","0","0","0","0","0","0","0","0","0","0","0","0","0","0","0","0","0","0","0","0","0","0","0","0","0","0","0","0","0","0","0","0","0","0","0","0","0","0","0","0","0","0","0","0","0","0","0","0","0","0","0","0"
"Scotto Cellars Old Vine Zin 2017 ( SA-14-104-A )","Wine","WCC","4","0","0","-","0","-","-","SA-14-104-A 1.0","-","4 w","4 w","—","SA-14-104-A :   Yes","Legacy","—","—","30.0 % Week  49 - 53","-","-","0","0","0","0","0","0","0","0","0","0","0","0","0","0","0","0","0","0","0","0","0","0","0","0","0","0","0","0","0","0","0","0","0","0","0","0","0","0","0","0","0","0","0","0","0","0","0","0","0","0","0","0","0","0","0","0","0","0","0","0","0"
"Stolen Identity Red ( SA-14-106-A )","Wine","WCC","4","0","0","-","0","-","-","SA-14-106-A 1.0","-","4 w","4 w","—","SA-14-106-A :   No","Legacy","—","—","30.0 % Week  49 - 53","-","-","0","0","0","0","0","0","0","0","0","0","0","0","0","0","0","0","0","0","0","0","0","0","0","0","0","0","0","0","0","0","0","0","0","0","0","0","0","0","0","0","0","0","0","0","0","0","0","0","0","0","0","0","0","0","0","0","0","0","0","0","0"
"Rascal Rose ( SA-14-107-A )","Wine","WCC","4","0","0","-","0","-","-","SA-14-107-A 1.0","-","4 w","4 w","—","SA-14-107-A :   No","Legacy","—","—","30.0 % Week  49 - 53","-","-","0","0","0","0","0","0","0","0","0","0","0","0","0","0","0","0","0","0","0","0","0","0","0","0","0","0","0","0","0","0","0","0","0","0","0","0","0","0","0","0","0","0","0","0","0","0","0","0","0","0","0","0","0","0","0","0","0","0","0","0","0"
"Replica Label Envy Pinot Noir ( SA-14-108-A )","Wine","WCC","4","0","0","-","0","-","-","SA-14-108-A 1.0","-","4 w","4 w","—","SA-14-108-A :   No","Legacy","—","—","30.0 % Week  49 - 53","-","-","0","0","0","0","0","0","0","0","0","0","0","0","0","0","0","0","0","0","0","0","0","0","0","0","0","0","0","0","0","0","0","0","0","0","0","0","0","0","0","0","0","0","0","0","0","0","0","0","0","0","0","0","0","0","0","0","0","0","0","0","0"
"Stolen Identity Pinot Noir ( SA-14-109-A )","Wine","WCC","4","0","0","-","0","-","-","SA-14-109-A 1.0","-","4 w","4 w","—","SA-14-109-A :   No","Legacy","—","—","30.0 % Week  49 - 53","-","-","0","0","0","0","0","0","0","0","0","0","0","0","0","0","0","0","0","0","0","0","0","0","0","0","0","0","0","0","0","0","0","0","0","0","0","0","0","0","0","0","0","0","0","0","0","0","0","0","0","0","0","0","0","0","0","0","0","0","0","0","0"
"Son of a Butcher Rose ( SA-14-113-A )","Wine","WCC","4","0","0","-","0","-","-","SA-14-113-A 1.0","-","4 w","4 w","—","SA-14-113-A :   Yes","Legacy","—","—","30.0 % Week  49 - 53","-","-","0","0","0","0","0","0","0","0","0","0","0","0","0","0","0","0","0","0","0","0","0","0","0","0","0","0","0","0","0","0","0","0","0","0","0","0","0","0","0","0","0","0","0","0","0","0","0","0","0","0","0","0","0","0","0","0","0","0","0","0","0"
"Son of a Butcher White ( SA-14-114-A )","Wine","WCC","4","4","4","-","4","-","-","SA-14-114-A 1.0","-","4 w","4 w","—","SA-14-114-A :   Yes","Legacy","—","—","30.0 % Week  49 - 53","-","-","0","0","0","0","0","0","0","0","0","0","0","0","0","0","0","0","0","0","0","0","0","0","0","0","0","0","0","0","0","0","0","0","0","0","0","0","0","0","0","0","0","0","0","0","0","0","0","0","0","0","0","0","0","0","0","0","0","0","0","0","0"
"Lost Chapters Napa Merlot ( SA-14-118-A )","Wine","WCC","2","0","0","-","0","-","-","SA-14-118-A 1.0","-","4 w","4 w","—","SA-14-118-A :   Yes","Legacy","—","—","30.0 % Week  49 - 53","-","-","0","0","0","0","0","0","0","0","0","0","0","0","0","0","0","0","0","0","0","0","0","0","0","0","0","0","0","0","0","0","0","0","0","0","0","0","0","0","0","0","0","0","0","0","0","0","0","0","0","0","0","0","0","0","0","0","0","0","0","0","0"
"Napa by NAPA Napa White Blend ( SA-14-120-A )","Wine","WCC","3","3","3","-","3","-","-","SA-14-120-A 1.0","Medium Wine :  0.3 %","4 w","4 w","—","SA-14-120-A :   No","Legacy","—","—","30.0 % Week  49 - 53","-","-","0","0","0","0","0","0","0","0","0","0","0","0","0","0","0","0","1","2","5","4","1","1","1","0","0","0","0","0","0","0","0","0","0","0","0","0","0","0","0","0","0","0","0","0","0","0","0","0","0","0","0","0","0","0","0","0","0","0","0","0","0"
"Pure Sparkling Rose ( SA-14-121-A )","Wine","WCC","2","0","0","-","0","-","-","SA-14-121-A 1.0","-","4 w","4 w","—","SA-14-121-A :   Yes","Legacy","—","—","30.0 % Week  49 - 53","-","-","0","0","0","0","0","0","0","0","0","0","0","0","0","0","0","0","0","0","0","0","0","0","0","0","0","0","0","0","0","0","0","0","0","0","0","0","0","0","0","0","0","0","0","0","0","0","0","0","0","0","0","0","0","0","0","0","0","0","0","0","0"
"Une Femme ""The Betty"" Sparkling Brut ( SA-14-122-A )","Wine","WCC","2","2","2","-","2","-","-","SA-14-122-A 1.0","-","4 w","4 w","—","SA-14-122-A :   Yes","Legacy","—","—","30.0 % Week  49 - 53","-","-","0","0","0","0","0","0","0","0","0","0","0","0","0","0","0","0","0","0","0","0","0","0","0","0","0","0","0","0","0","0","0","0","0","0","0","0","0","0","0","0","0","0","0","0","0","0","0","0","0","0","0","0","0","0","0","0","0","0","0","0","0"
"Two Shepherds Rose of Cinsault ( SA-14-123-A )","Wine","WCC","2","2","2","-","2","-","-","SA-14-123-A 1.0","-","4 w","4 w","—","SA-14-123-A :   Yes","Legacy","—","—","30.0 % Week  49 - 53","-","-","0","0","0","0","0","0","0","0","0","0","0","0","0","0","0","0","0","0","0","0","0","0","0","0","0","0","0","0","0","0","0","0","0","0","0","0","0","0","0","0","0","0","0","0","0","0","0","0","0","0","0","0","0","0","0","0","0","0","0","0","0"
"Une Femme ""The Callie"" Sparkling Brut Rose ( SA-14-124-A )","Wine","WCC","2","2","2","-","2","-","-","SA-14-124-A 1.0","-","4 w","4 w","—","SA-14-124-A :   No","Legacy","—","—","30.0 % Week  49 - 53","-","-","0","0","0","0","0","0","0","0","0","0","0","0","0","0","0","0","0","0","0","0","0","0","0","0","0","0","0","0","0","0","0","0","0","0","0","0","0","0","0","0","0","0","0","0","0","0","0","0","0","0","0","0","0","0","0","0","0","0","0","0","0"
"Stedt Wines ""Embody"" Pinot Gris Eola ( SA-14-125-A )","Wine","WCC","4","0","0","-","0","-","-","SA-14-125-A 1.0","-","4 w","4 w","—","SA-14-125-A :   No","Legacy","—","—","30.0 % Week  49 - 53","-","-","0","0","0","0","0","0","0","0","0","0","0","0","0","0","0","0","0","0","0","0","0","0","0","0","0","0","0","0","0","0","0","0","0","0","0","0","0","0","0","0","0","0","0","0","0","0","0","0","0","0","0","0","0","0","0","0","0","0","0","0","0"
"Cloudview Chardonnay ( SA-14-127-A )","Wine","WCC","2","0","0","-","0","-","-","SA-14-127-A 1.0","-","4 w","4 w","—","SA-14-127-A :   Yes","Legacy","—","—","30.0 % Week  49 - 53","-","-","0","0","0","0","0","0","0","0","0","0","0","0","0","0","0","0","0","0","0","0","0","0","0","0","0","0","0","0","0","0","0","0","0","0","0","0","0","0","0","0","0","0","0","0","0","0","0","0","0","0","0","0","0","0","0","0","0","0","0","0","0"
"La Bete Red Blend/Tannat ( SA-14-129-A )","Wine","WCC","4","4","4","-","4","-","-","SA-14-129-A 1.0","-","4 w","4 w","—","SA-14-129-A :   No","Legacy","—","—","30.0 % Week  49 - 53","-","-","0","0","0","0","0","0","0","0","0","0","0","0","0","0","0","0","0","0","0","0","0","0","0","0","0","0","0","0","0","0","0","0","0","0","0","0","0","0","0","0","0","0","0","0","0","0","0","0","0","0","0","0","0","0","0","0","0","0","0","0","0"
"Limited Release Syrah Viognier ( SA-14-130-A )","Wine","WCC","2","194","98","-","98","-","-","SA-14-130-A 1.0","-","4 w","4 w","—","SA-14-130-A :   Yes","Legacy","—","—","30.0 % Week  49 - 53","-","-","0","0","0","0","0","0","0","0","0","0","0","0","0","0","0","0","0","0","0","0","0","0","0","0","0","0","0","0","0","0","0","0","0","0","0","0","0","0","0","0","0","0","0","0","0","0","0","0","0","0","0","0","0","0","0","0","0","0","0","0","0"
"Limited Release Grenache Rose ( SA-14-131-A )","Wine","WCC","2","2","2","-","2","-","-","SA-14-131-A 1.0","-","4 w","4 w","—","SA-14-131-A :   Yes","Legacy","—","—","30.0 % Week  49 - 53","-","-","0","0","0","0","0","0","0","0","0","0","0","0","0","0","0","0","0","0","0","0","0","0","0","0","0","0","0","0","0","0","0","0","0","0","0","0","0","0","0","0","0","0","0","0","0","0","0","0","0","0","0","0","0","0","0","0","0","0","0","0","0"
"Sun Goddess Merlot ( SA-14-133-A )","Wine","WCC","4","4","4","-","4","-","-","SA-14-133-A 1.0","-","4 w","4 w","—","SA-14-133-A :   No","Legacy","—","—","30.0 % Week  49 - 53","-","-","0","0","0","0","0","0","0","0","0","0","0","0","0","0","0","0","0","0","0","0","0","0","0","0","0","0","0","0","0","0","0","0","0","0","0","0","0","0","0","0","0","0","0","0","0","0","0","0","0","0","0","0","0","0","0","0","0","0","0","0","0"
"Izzie Isadora Cabernet ( SA-14-134-A )","Wine","WCC","3","0","0","-","0","-","-","SA-14-134-A 1.0","-","4 w","4 w","—","SA-14-134-A :   Yes","Legacy","—","—","30.0 % Week  49 - 53","-","-","0","0","0","0","0","0","0","0","0","0","0","0","0","0","0","0","0","0","0","0","0","0","0","0","0","0","0","0","0","0","0","0","0","0","0","0","0","0","0","0","0","0","0","0","0","0","0","0","0","0","0","0","0","0","0","0","0","0","0","0","0"
"Obvious Wines Light & Lively Pinot Noir ( SA-14-135-A )","Wine","WCC","3","1","2","-","2","-","-","SA-14-135-A 1.0","Medium Wine :  1.5 %","4 w","4 w","—","SA-14-135-A :   No","Legacy","—","—","30.0 % Week  49 - 53","-","-","5","0","1","1","1","1","0","1","2","1","1","1","1","1","1","1","4","10","24","20","5","7","3","2","2","0","0","0","0","0","0","0","0","0","0","0","0","0","0","0","0","0","0","0","0","0","0","0","0","0","0","0","0","0","0","0","0","0","0","0","0"
"Ranch 32 Cabernet Sauvignon ( SA-14-137-A )","Wine","WCC","8","0","0","-","0","-","-","SA-14-137-A 1.0","-","4 w","4 w","—","SA-14-137-A :   No","Legacy","—","—","30.0 % Week  49 - 53","-","-","0","0","0","0","0","0","0","0","0","0","0","0","0","0","0","0","0","0","0","0","0","0","0","0","0","0","0","0","0","0","0","0","0","0","0","0","0","0","0","0","0","0","0","0","0","0","0","0","0","0","0","0","0","0","0","0","0","0","0","0","0"
"Ranch 32 Chardonnay ( SA-14-138-A )","Wine","WCC","3","1","2","-","2","-","-","SA-14-138-A 1.0","-","4 w","4 w","—","SA-14-138-A :   Yes","Legacy","—","—","30.0 % Week  49 - 53","-","-","0","0","0","0","0","0","0","0","0","0","0","0","0","0","0","0","0","0","0","0","0","0","0","0","0","0","0","0","0","0","0","0","0","0","0","0","0","0","0","0","0","0","0","0","0","0","0","0","0","0","0","0","0","0","0","0","0","0","0","0","0"
"Mundaka Rose ( SA-14-140-A )","Wine","WCC","2","2","2","-","2","-","-","SA-14-140-A 1.0","-","4 w","4 w","—","SA-14-140-A :   Yes","Legacy","—","—","30.0 % Week  49 - 53","-","-","0","0","0","0","0","0","0","0","0","0","0","0","0","0","0","0","0","0","0","0","0","0","0","0","0","0","0","0","0","0","0","0","0","0","0","0","0","0","0","0","0","0","0","0","0","0","0","0","0","0","0","0","0","0","0","0","0","0","0","0","0"
"Mundaka Sauvignon Blanc ( SA-14-141-A )","Wine","WCC","1","0","0","-","0","-","-","SA-14-141-A 1.0","-","4 w","4 w","—","SA-14-141-A :   No","Legacy","—","—","30.0 % Week  49 - 53","-","-","0","0","0","0","0","0","0","0","0","0","0","0","0","0","0","0","0","0","0","0","0","0","0","0","0","0","0","0","0","0","0","0","0","0","0","0","0","0","0","0","0","0","0","0","0","0","0","0","0","0","0","0","0","0","0","0","0","0","0","0","0"
"Ryder Estate Pinot Noir ( SA-14-142-A )","Wine","WCC","2","0","1","-","1","-","-","SA-14-142-A 1.0","-","4 w","4 w","—","SA-14-142-A :   No","Legacy","—","—","30.0 % Week  49 - 53","-","-","0","0","0","0","0","0","0","0","0","0","0","0","0","0","0","0","0","0","0","0","0","0","0","0","0","0","0","0","0","0","0","0","0","0","0","0","0","0","0","0","0","0","0","0","0","0","0","0","0","0","0","0","0","0","0","0","0","0","0","0","0"
"Witness Mark Sauvignon Blanc ( SA-14-143-A )","Wine","WCC","6","0","0","-","0","-","-","SA-14-143-A 1.0","-","4 w","4 w","—","SA-14-143-A :   No","Legacy","—","—","30.0 % Week  49 - 53","-","-","0","0","0","0","0","0","0","0","0","0","0","0","0","0","0","0","0","0","0","0","0","0","0","0","0","0","0","0","0","0","0","0","0","0","0","0","0","0","0","0","0","0","0","0","0","0","0","0","0","0","0","0","0","0","0","0","0","0","0","0","0"
"InAnnat Rosato ( SA-14-145-A )","Wine","WCC","2","2","2","-","2","-","-","SA-14-145-A 1.0","-","4 w","4 w","—","SA-14-145-A :   Yes","Legacy","—","—","30.0 % Week  49 - 53","-","-","0","0","0","0","0","0","0","0","0","0","0","0","0","0","0","0","0","0","0","0","0","0","0","0","0","0","0","0","0","0","0","0","0","0","0","0","0","0","0","0","0","0","0","0","0","0","0","0","0","0","0","0","0","0","0","0","0","0","0","0","0"
"Lofos Siatista Xinomavro Rose ( SA-14-148-A )","Wine","WCC","2","2","2","-","2","-","-","SA-14-148-A 1.0","-","4 w","4 w","—","SA-14-148-A :   No","Legacy","—","—","30.0 % Week  49 - 53","-","-","0","0","0","0","0","0","0","0","0","0","0","0","0","0","0","0","0","0","0","0","0","0","0","0","0","0","0","0","0","0","0","0","0","0","0","0","0","0","0","0","0","0","0","0","0","0","0","0","0","0","0","0","0","0","0","0","0","0","0","0","0"
"Clos Troteligotte K NOM ( SA-14-149-A )","Wine","WCC","2","2","2","-","2","-","-","SA-14-149-A 1.0","-","4 w","4 w","—","SA-14-149-A :   Yes","Legacy","—","—","30.0 % Week  49 - 53","-","-","0","0","0","0","0","0","0","0","0","0","0","0","0","0","0","0","0","0","0","0","0","0","0","0","0","0","0","0","0","0","0","0","0","0","0","0","0","0","0","0","0","0","0","0","0","0","0","0","0","0","0","0","0","0","0","0","0","0","0","0","0"
"Dorina Lindemann Touriga ( SA-14-151-A )","Wine","WCC","2","0","0","-","0","-","-","SA-14-151-A 1.0","-","4 w","4 w","—","SA-14-151-A :   Yes","Legacy","—","—","30.0 % Week  49 - 53","-","-","0","0","0","0","0","0","0","0","0","0","0","0","0","0","0","0","0","0","0","0","0","0","0","0","0","0","0","0","0","0","0","0","0","0","0","0","0","0","0","0","0","0","0","0","0","0","0","0","0","0","0","0","0","0","0","0","0","0","0","0","0"
"King Estate Riesling ( SA-14-153-A )","Wine","WCC","2","2","2","-","2","-","-","SA-14-153-A 1.0","Medium Wine :  2.0 %","4 w","4 w","—","SA-14-153-A :   No","Legacy","—","—","30.0 % Week  49 - 53","-","-","6","1","1","1","1","1","1","1","2","1","1","1","1","1","1","1","5","13","32","27","7","9","3","3","2","0","0","0","0","0","0","0","0","0","0","0","0","0","0","0","0","0","0","0","0","0","0","0","0","0","0","0","0","0","0","0","0","0","0","0","0"
"King Estate Four Nobles Cuvee Blanc ( SA-14-154-A )","Wine","WCC","2","2","2","-","2","-","-","SA-14-154-A 1.0","-","4 w","4 w","—","SA-14-154-A :   Yes","Legacy","—","—","30.0 % Week  49 - 53","-","-","0","0","0","0","0","0","0","0","0","0","0","0","0","0","0","0","0","0","0","0","0","0","0","0","0","0","0","0","0","0","0","0","0","0","0","0","0","0","0","0","0","0","0","0","0","0","0","0","0","0","0","0","0","0","0","0","0","0","0","0","0"
"Grandeur Rose ( SA-14-155-A )","Wine","WCC","2","2","2","-","2","-","-","SA-14-155-A 1.0","-","4 w","4 w","—","SA-14-155-A :   Yes","Legacy","—","—","30.0 % Week  49 - 53","-","-","0","0","0","0","0","0","0","0","0","0","0","0","0","0","0","0","0","0","0","0","0","0","0","0","0","0","0","0","0","0","0","0","0","0","0","0","0","0","0","0","0","0","0","0","0","0","0","0","0","0","0","0","0","0","0","0","0","0","0","0","0"
"Costa Catterina Nebbiolo ( SA-14-158-A )","Wine","—","0","0","0","-","0","-","-","SA-14-158-A","-","4 w","4 w","—","SA-14-158-A :   No","Legacy","—","—","30.0 % Week  49 - 53","-","-","0","0","0","0","0","0","0","0","0","0","0","0","0","0","0","0","0","0","0","0","0","0","0","0","0","0","0","0","0","0","0","0","0","0","0","0","0","0","0","0","0","0","0","0","0","0","0","0","0","0","0","0","0","0","0","0","0","0","0","0","0"
"Cosy de Cause Malbec ( SA-14-159-A )","Wine","—","0","0","0","-","0","-","-","SA-14-159-A","-","4 w","4 w","—","SA-14-159-A :   No","Legacy","—","—","30.0 % Week  49 - 53","-","-","0","0","0","0","0","0","0","0","0","0","0","0","0","0","0","0","0","0","0","0","0","0","0","0","0","0","0","0","0","0","0","0","0","0","0","0","0","0","0","0","0","0","0","0","0","0","0","0","0","0","0","0","0","0","0","0","0","0","0","0","0"
"Château du Donjon Cuvée Prestige ( SA-14-160-A )","Wine","—","0","0","0","-","0","-","-","SA-14-160-A","-","4 w","4 w","—","SA-14-160-A :   No","Legacy","—","—","30.0 % Week  49 - 53","-","-","0","0","0","0","0","0","0","0","0","0","0","0","0","0","0","0","0","0","0","0","0","0","0","0","0","0","0","0","0","0","0","0","0","0","0","0","0","0","0","0","0","0","0","0","0","0","0","0","0","0","0","0","0","0","0","0","0","0","0","0","0"
"Pierre Andre Dumas Brouilly ( SA-14-161-A )","Wine","—","0","0","0","-","0","-","-","SA-14-161-A","-","4 w","4 w","—","SA-14-161-A :   No","Legacy","—","—","30.0 % Week  49 - 53","-","-","0","0","0","0","0","0","0","0","0","0","0","0","0","0","0","0","0","0","0","0","0","0","0","0","0","0","0","0","0","0","0","0","0","0","0","0","0","0","0","0","0","0","0","0","0","0","0","0","0","0","0","0","0","0","0","0","0","0","0","0","0"
"Château Laulerie Malbec ( SA-14-162-A )","Wine","—","0","0","0","-","0","-","-","SA-14-162-A","-","4 w","4 w","—","SA-14-162-A :   No","Legacy","—","—","30.0 % Week  49 - 53","-","-","0","0","0","0","0","0","0","0","0","0","0","0","0","0","0","0","0","0","0","0","0","0","0","0","0","0","0","0","0","0","0","0","0","0","0","0","0","0","0","0","0","0","0","0","0","0","0","0","0","0","0","0","0","0","0","0","0","0","0","0","0"
"Modernista Negre ( SA-14-163-A )","Wine","—","0","0","0","-","0","-","-","SA-14-163-A","-","4 w","4 w","—","SA-14-163-A :   No","Legacy","—","—","30.0 % Week  49 - 53","-","-","0","0","0","0","0","0","0","0","0","0","0","0","0","0","0","0","0","0","0","0","0","0","0","0","0","0","0","0","0","0","0","0","0","0","0","0","0","0","0","0","0","0","0","0","0","0","0","0","0","0","0","0","0","0","0","0","0","0","0","0","0"
"Montetoro Roble ( SA-14-164-A )","Wine","—","0","0","0","-","0","-","-","SA-14-164-A","-","4 w","4 w","—","SA-14-164-A :   No","Legacy","—","—","30.0 % Week  49 - 53","-","-","0","0","0","0","0","0","0","0","0","0","0","0","0","0","0","0","0","0","0","0","0","0","0","0","0","0","0","0","0","0","0","0","0","0","0","0","0","0","0","0","0","0","0","0","0","0","0","0","0","0","0","0","0","0","0","0","0","0","0","0","0"
"Pasos de San Martin Garnacha ( SA-14-165-A )","Wine","—","0","0","0","-","0","-","-","SA-14-165-A","-","4 w","4 w","—","SA-14-165-A :   No","Legacy","—","—","30.0 % Week  49 - 53","-","-","0","0","0","0","0","0","0","0","0","0","0","0","0","0","0","0","0","0","0","0","0","0","0","0","0","0","0","0","0","0","0","0","0","0","0","0","0","0","0","0","0","0","0","0","0","0","0","0","0","0","0","0","0","0","0","0","0","0","0","0","0"
"Reflection Ride Pinot Noir ( SA-14-171-A )","Wine","WCC","4","0","0","-","0","-","-","SA-14-171-A 1.0","-","4 w","4 w","—","SA-14-171-A :   Yes","Legacy","—","—","30.0 % Week  49 - 53","-","-","0","0","0","0","0","0","0","0","0","0","0","0","0","0","0","0","0","0","0","0","0","0","0","0","0","0","0","0","0","0","0","0","0","0","0","0","0","0","0","0","0","0","0","0","0","0","0","0","0","0","0","0","0","0","0","0","0","0","0","0","0"
"Stringer Cellars Holmes Ranch Oakville Cabernet Sauvignon ( SA-14-173-A )","Wine","WCC","2","2","2","-","2","-","-","SA-14-173-A 1.0","-","4 w","4 w","—","SA-14-173-A :   Yes","Legacy","—","—","30.0 % Week  49 - 53","-","-","0","0","0","0","0","0","0","0","0","0","0","0","0","0","0","0","0","0","0","0","0","0","0","0","0","0","0","0","0","0","0","0","0","0","0","0","0","0","0","0","0","0","0","0","0","0","0","0","0","0","0","0","0","0","0","0","0","0","0","0","0"
"Hoopes Oakville Cabernet Sauvignon ( SA-14-174-A )","Wine","WCC","1","13","7","-","7","-","-","SA-14-174-A 1.0","Grand Wine :  6.7 %","4 w","4 w","—","SA-14-174-A :   No","Legacy","—","—","30.0 % Week  49 - 53","-","-","0","0","0","0","0","0","0","0","0","1","0","0","1","1","1","1","3","5","19","19","5","6","2","2","1","0","0","0","0","0","0","0","0","0","0","0","0","0","0","0","0","0","0","0","0","0","0","0","0","0","0","0","0","0","0","0","0","0","0","0","0"
"Beau Vigne Romeo Cabernet Sauvignon ( SA-14-177-A )","Wine","WCC","1","49","25","-","25","-","-","SA-14-177-A 1.0","Deluxe Wine :  1.2 %","4 w","4 w","—","SA-14-177-A :   No","Legacy","—","—","30.0 % Week  49 - 53","-","-","0","0","0","0","0","0","0","0","0","0","0","0","0","0","0","0","1","2","6","5","2","2","1","0","0","0","0","0","0","0","0","0","0","0","0","0","0","0","0","0","0","0","0","0","0","0","0","0","0","0","0","0","0","0","0","0","0","0","0","0","0"
"Beau Vigne Juliet Cabernet Sauvignon ( SA-14-178-A )","Wine","WCC","1","75","38","-","38","-","-","SA-14-178-A 1.0","Deluxe Wine :  1.7 %","4 w","4 w","—","SA-14-178-A :   No","Legacy","—","—","30.0 % Week  49 - 53","-","-","0","0","0","0","0","0","0","0","0","0","0","0","0","0","0","0","1","3","9","7","2","3","1","1","0","0","0","0","0","0","0","0","0","0","0","0","0","0","0","0","0","0","0","0","0","0","0","0","0","0","0","0","0","0","0","0","0","0","0","0","0"
"Colle Nero Tra di Noi Brunello di Montalcino ( SA-14-179-A )","Wine","WCC","1","1","1","-","1","-","-","SA-14-179-A 1.0","-","4 w","4 w","—","SA-14-179-A :   No","Legacy","—","—","30.0 % Week  49 - 53","-","-","0","0","0","0","0","0","0","0","0","0","0","0","0","0","0","0","0","0","0","0","0","0","0","0","0","0","0","0","0","0","0","0","0","0","0","0","0","0","0","0","0","0","0","0","0","0","0","0","0","0","0","0","0","0","0","0","0","0","0","0","0"
"Luciano Arduini Simison Amarone della Valpolicella Classico ( SA-14-180-A )","Wine","WCC","1","1","1","-","1","-","-","SA-14-180-A 1.0","-","4 w","4 w","—","SA-14-180-A :   Yes","Legacy","—","—","30.0 % Week  49 - 53","-","-","0","0","0","0","0","0","0","0","0","0","0","0","0","0","0","0","0","0","0","0","0","0","0","0","0","0","0","0","0","0","0","0","0","0","0","0","0","0","0","0","0","0","0","0","0","0","0","0","0","0","0","0","0","0","0","0","0","0","0","0","0"
"Domaine Carneros Estate Brut Cuvee ( SA-14-181-A )","Wine","WCC","4","4","4","-","4","-","-","SA-14-181-A 1.0","-","4 w","4 w","—","SA-14-181-A :   No","Legacy","—","—","30.0 % Week  49 - 53","-","-","0","0","0","0","0","0","0","0","0","0","0","0","0","0","0","0","0","0","0","0","0","0","0","0","0","0","0","0","0","0","0","0","0","0","0","0","0","0","0","0","0","0","0","0","0","0","0","0","0","0","0","0","0","0","0","0","0","0","0","0","0"
"Muscardini Sangiovese ( SA-14-182-A )","Wine","WCC","1","1","1","-","1","-","-","SA-14-182-A 1.0","-","4 w","4 w","—","SA-14-182-A :   No","Legacy","—","—","30.0 % Week  49 - 53","-","-","0","0","0","0","0","0","0","0","0","0","0","0","0","0","0","0","0","0","0","0","0","0","0","0","0","0","0","0","0","0","0","0","0","0","0","0","0","0","0","0","0","0","0","0","0","0","0","0","0","0","0","0","0","0","0","0","0","0","0","0","0"
"Muscadini Rosato ( SA-14-183-A )","Wine","WCC","1","0","0","-","0","-","-","SA-14-183-A 1.0","-","4 w","4 w","—","SA-14-183-A :   No","Legacy","—","—","30.0 % Week  49 - 53","-","-","0","0","0","0","0","0","0","0","0","0","0","0","0","0","0","0","0","0","0","0","0","0","0","0","0","0","0","0","0","0","0","0","0","0","0","0","0","0","0","0","0","0","0","0","0","0","0","0","0","0","0","0","0","0","0","0","0","0","0","0","0"
"SA-14-184 ( SA-14-184 )","Wine","WCC","0","0","0","-","0","-","-","SA-14-184","-","4 w","4 w","—","SA-14-184 :   Yes","Legacy","—","—","30.0 % Week  49 - 53","-","-","0","0","0","0","0","0","0","0","0","0","0","0","0","0","0","0","0","0","0","0","0","0","0","0","0","0","0","0","0","0","0","0","0","0","0","0","0","0","0","0","0","0","0","0","0","0","0","0","0","0","0","0","0","0","0","0","0","0","0","0","0"
"Muscadini Pinot Grigio Hartz Vineyard ( SA-14-184-A )","Wine","—","0","0","0","-","0","-","-","SA-14-184-A 1.0","-","4 w","4 w","—","SA-14-184-A :   No","Legacy","—","—","30.0 % Week  49 - 53","-","-","0","0","0","0","0","0","0","0","0","0","0","0","0","0","0","0","0","0","0","0","0","0","0","0","0","0","0","0","0","0","0","0","0","0","0","0","0","0","0","0","0","0","0","0","0","0","0","0","0","0","0","0","0","0","0","0","0","0","0","0","0"
"Off the Press Pinot Noir Rogue Valley ( SA-14-185-A )","Wine","WCC","4","0","0","-","0","-","-","SA-14-185-A 1.0","-","4 w","4 w","—","SA-14-185-A :   Yes","Legacy","—","—","30.0 % Week  49 - 53","-","-","0","0","0","0","0","0","0","0","0","0","0","0","0","0","0","0","0","0","0","0","0","0","0","0","0","0","0","0","0","0","0","0","0","0","0","0","0","0","0","0","0","0","0","0","0","0","0","0","0","0","0","0","0","0","0","0","0","0","0","0","0"
"J Dusi Model M Red Blend ( SA-14-186-A )","Wine","WCC","3","189","96","-","96","-","-","SA-14-186-A 1.0","-","4 w","4 w","—","SA-14-186-A :   No","Legacy","—","—","30.0 % Week  49 - 53","-","-","0","0","0","0","0","0","0","0","0","0","0","0","0","0","0","0","0","0","0","0","0","0","0","0","0","0","0","0","0","0","0","0","0","0","0","0","0","0","0","0","0","0","0","0","0","0","0","0","0","0","0","0","0","0","0","0","0","0","0","0","0"
"Laurent Miquel Cabernet Sauvignon ( SA-14-187-A )","Wine","WCC","2","0","1","-","1","-","-","SA-14-187-A 1.0","-","4 w","4 w","—","SA-14-187-A :   Yes","Legacy","—","—","30.0 % Week  49 - 53","-","-","0","0","0","0","0","0","0","0","0","0","0","0","0","0","0","0","0","0","0","0","0","0","0","0","0","0","0","0","0","0","0","0","0","0","0","0","0","0","0","0","0","0","0","0","0","0","0","0","0","0","0","0","0","0","0","0","0","0","0","0","0"
"Cerro Napa Valley Red Blend ( SA-14-189-A )","Wine","WCC","2","0","0","-","0","-","-","SA-14-189-A 1.0","-","4 w","4 w","—","SA-14-189-A :   No","Legacy","—","—","30.0 % Week  49 - 53","-","-","0","0","0","0","0","0","0","0","0","0","0","0","0","0","0","0","0","0","0","0","0","0","0","0","0","0","0","0","0","0","0","0","0","0","0","0","0","0","0","0","0","0","0","0","0","0","0","0","0","0","0","0","0","0","0","0","0","0","0","0","0"
"Martellotto Cabernet Sauvignon La Bomba Paso Robles ( SA-14-190-A )","Wine","WCC","100","0","0","-","0","-","-","SA-14-190-A 1.0","-","4 w","4 w","—","SA-14-190-A :   Yes","Legacy","—","—","30.0 % Week  49 - 53","-","-","0","0","0","0","0","0","0","0","0","0","0","0","0","0","0","0","0","0","0","0","0","0","0","0","0","0","0","0","0","0","0","0","0","0","0","0","0","0","0","0","0","0","0","0","0","0","0","0","0","0","0","0","0","0","0","0","0","0","0","0","0"
"M by Martellotto Grenache Santa Barbara ( SA-14-191-A )","Wine","WCC","1","0","0","-","0","-","-","SA-14-191-A 1.0","-","4 w","4 w","—","SA-14-191-A :   No","Legacy","—","—","30.0 % Week  49 - 53","-","-","0","0","0","0","0","0","0","0","0","0","0","0","0","0","0","0","0","0","0","0","0","0","0","0","0","0","0","0","0","0","0","0","0","0","0","0","0","0","0","0","0","0","0","0","0","0","0","0","0","0","0","0","0","0","0","0","0","0","0","0","0"
"Chateau Haut Musset “La Cerisiers” Montage Saint-Emilion ( SA-14-192-A )","Wine","WCC","2","2","2","-","2","-","-","SA-14-192-A 1.0","-","4 w","4 w","—","SA-14-192-A :   No","Legacy","—","—","30.0 % Week  49 - 53","-","-","0","0","0","0","0","0","0","0","0","0","0","0","0","0","0","0","0","0","0","0","0","0","0","0","0","0","0","0","0","0","0","0","0","0","0","0","0","0","0","0","0","0","0","0","0","0","0","0","0","0","0","0","0","0","0","0","0","0","0","0","0"
"DAOU Pessimist ( SA-14-194-A )","Wine","WCC","2","0","0","-","0","-","-","SA-14-194-A 1.0","-","4 w","4 w","—","SA-14-194-A :   Yes","Legacy","—","—","30.0 % Week  49 - 53","-","-","0","0","0","0","0","0","0","0","0","0","0","0","0","0","0","0","0","0","0","0","0","0","0","0","0","0","0","0","0","0","0","0","0","0","0","0","0","0","0","0","0","0","0","0","0","0","0","0","0","0","0","0","0","0","0","0","0","0","0","0","0"
"Hoopes Napa Chardonnay ( SA-14-195-A )","Wine","WCC","2","0","0","-","0","-","-","SA-14-195-A 1.0","-","4 w","4 w","—","SA-14-195-A :   No","Legacy","—","—","30.0 % Week  49 - 53","-","-","0","0","0","0","0","0","0","0","0","0","0","0","0","0","0","0","0","0","0","0","0","0","0","0","0","0","0","0","0","0","0","0","0","0","0","0","0","0","0","0","0","0","0","0","0","0","0","0","0","0","0","0","0","0","0","0","0","0","0","0","0"
"Bouchaine Napa Valley Carneros Pinot gris ( SA-14-196-A )","Wine","WCC","12","120","66","-","66","-","-","SA-14-196-A 1.0","-","4 w","4 w","—","SA-14-196-A :   No","Legacy","—","—","30.0 % Week  49 - 53","-","-","0","0","0","0","0","0","0","0","0","0","0","0","0","0","0","0","0","0","0","0","0","0","0","0","0","0","0","0","0","0","0","0","0","0","0","0","0","0","0","0","0","0","0","0","0","0","0","0","0","0","0","0","0","0","0","0","0","0","0","0","0"
"Vollereaux Blanc de Blancs Brut Champagne NV ( SA-14-197-A )","Wine","WCC","1","0","0","-","0","-","-","SA-14-197-A 1.0","-","4 w","4 w","—","SA-14-197-A :   No","Legacy","—","—","30.0 % Week  49 - 53","-","-","0","0","0","0","0","0","0","0","0","0","0","0","0","0","0","0","0","0","0","0","0","0","0","0","0","0","0","0","0","0","0","0","0","0","0","0","0","0","0","0","0","0","0","0","0","0","0","0","0","0","0","0","0","0","0","0","0","0","0","0","0"
"Mazzarosa Vere novo Montepulciano d’Abruzzo DOC ( SA-14-198-A )","Wine","WCC","1","0","0","-","0","-","-","SA-14-198-A 1.0","-","4 w","4 w","—","SA-14-198-A :   No","Legacy","—","—","30.0 % Week  49 - 53","-","-","0","0","0","0","0","0","0","0","0","0","0","0","0","0","0","0","0","0","0","0","0","0","0","0","0","0","0","0","0","0","0","0","0","0","0","0","0","0","0","0","0","0","0","0","0","0","0","0","0","0","0","0","0","0","0","0","0","0","0","0","0"
"Acumen Napa Cabernet Sauvignon ( SA-14-199-A )","Wine","WCC","1","0","0","-","0","-","-","SA-14-199-A 1.0","-","4 w","4 w","—","SA-14-199-A :   No","Legacy","—","—","30.0 % Week  49 - 53","-","-","0","0","0","0","0","0","0","0","0","0","0","0","0","0","0","0","0","0","0","0","0","0","0","0","0","0","0","0","0","0","0","0","0","0","0","0","0","0","0","0","0","0","0","0","0","0","0","0","0","0","0","0","0","0","0","0","0","0","0","0","0"
"Hoopes Napa Cabernet Sauvignon ( SA-14-200-A )","Wine","WCC","1","0","0","-","0","-","-","SA-14-200-A 1.0","-","4 w","4 w","—","SA-14-200-A :   No","Legacy","—","—","30.0 % Week  49 - 53","-","-","0","0","0","0","0","0","0","0","0","0","0","0","0","0","0","0","0","0","0","0","0","0","0","0","0","0","0","0","0","0","0","0","0","0","0","0","0","0","0","0","0","0","0","0","0","0","0","0","0","0","0","0","0","0","0","0","0","0","0","0","0"
"Stag’s Leap Petite Sirah ( SA-14-201-A )","Wine","WCC","1","1","1","-","1","-","-","SA-14-201-A 1.0","-","4 w","4 w","—","SA-14-201-A :   No","Legacy","—","—","30.0 % Week  49 - 53","-","-","0","0","0","0","0","0","0","0","0","0","0","0","0","0","0","0","0","0","0","0","0","0","0","0","0","0","0","0","0","0","0","0","0","0","0","0","0","0","0","0","0","0","0","0","0","0","0","0","0","0","0","0","0","0","0","0","0","0","0","0","0"
"Frank Family Napa Cabernet Sauvignon ( SA-14-202-A )","Wine","WCC","1","5","3","-","3","-","-","SA-14-202-A 1.0","Deluxe Wine :  15.4 %","4 w","4 w","—","SA-14-202-A :   No","Legacy","—","—","30.0 % Week  49 - 53","-","-","1","1","1","1","1","1","1","1","1","2","1","2","1","1","2","2","10","23","81","58","20","23","7","4","4","0","0","0","0","0","0","0","0","0","0","0","0","0","0","0","0","0","0","0","0","0","0","0","0","0","0","0","0","0","0","0","0","0","0","0","0"
"DAOU Discovery Rose ( SA-14-203-A )","Wine","WCC","2","2","2","-","2","-","-","SA-14-203-A 1.0","-","4 w","4 w","—","SA-14-203-A :   Yes","Legacy","—","—","30.0 % Week  49 - 53","-","-","0","0","0","0","0","0","0","0","0","0","0","0","0","0","0","0","0","0","0","0","0","0","0","0","0","0","0","0","0","0","0","0","0","0","0","0","0","0","0","0","0","0","0","0","0","0","0","0","0","0","0","0","0","0","0","0","0","0","0","0","0"
"Banyan Gewurtraminer ( SA-14-204-A )","Wine","WCC","4","70","37","-","37","-","-","SA-14-204-A 1.0","Medium Wine :  1.2 %","4 w","4 w","—","SA-14-204-A :   No","Legacy","—","—","30.0 % Week  49 - 53","-","-","0","0","1","0","0","0","0","0","1","1","1","1","1","1","1","1","3","7","19","16","4","5","2","2","1","0","0","0","0","0","0","0","0","0","0","0","0","0","0","0","0","0","0","0","0","0","0","0","0","0","0","0","0","0","0","0","0","0","0","0","0"
"Camp Chardonnay ( SA-14-205-A )","Wine","WCC","12","134","73","-","73","-","-","SA-14-205-A 1.0","Medium Wine :  1.1 %","4 w","4 w","—","SA-14-205-A :   No","Legacy","—","—","30.0 % Week  49 - 53","-","-","0","0","1","0","0","0","0","0","1","1","1","0","0","1","1","1","3","7","17","15","4","5","2","1","1","0","0","0","0","0","0","0","0","0","0","0","0","0","0","0","0","0","0","0","0","0","0","0","0","0","0","0","0","0","0","0","0","0","0","0","0"
"Folk Machine Chenin Blanc ( SA-14-206-A )","Wine","WCC","2","144","73","-","73","-","-","SA-14-206-A 1.0","Medium Wine :  1.8 %","4 w","4 w","—","SA-14-206-A :   No","Legacy","—","—","30.0 % Week  49 - 53","-","-","0","0","1","1","1","1","1","1","2","1","1","1","1","1","1","1","5","12","30","25","7","8","3","2","2","0","0","0","0","0","0","0","0","0","0","0","0","0","0","0","0","0","0","0","0","0","0","0","0","0","0","0","0","0","0","0","0","0","0","0","0"
"Jeanne d’Arc Skin Contact White Wine ( SA-14-207-A )","Wine","WCC","4","70","37","-","37","-","-","SA-14-207-A 1.0","Large Wine :  1.8 %","4 w","4 w","—","SA-14-207-A :   No","Legacy","—","—","30.0 % Week  49 - 53","-","-","0","0","0","1","0","0","1","1","1","1","1","1","1","1","1","1","6","11","27","20","6","6","3","2","2","0","0","0","0","0","0","0","0","0","0","0","0","0","0","0","0","0","0","0","0","0","0","0","0","0","0","0","0","0","0","0","0","0","0","0","0"
"Folk Machine Pinot Noir Vecino Vineyard ( SA-14-208-A )","Wine","WCC","3","203","103","-","103","-","-","SA-14-208-A 1.0","Large Wine :  5.7 %","4 w","4 w","—","SA-14-208-A :   No","Legacy","—","—","30.0 % Week  49 - 53","-","-","0","1","1","2","1","1","2","2","4","3","2","2","2","3","4","3","19","35","82","64","20","20","10","6","5","0","0","0","0","0","0","0","0","0","0","0","0","0","0","0","0","0","0","0","0","0","0","0","0","0","0","0","0","0","0","0","0","0","0","0","0"
"Ghostwriter Chardonnay ( SA-14-209-A )","Wine","WCC","8","72","40","-","40","-","-","SA-14-209-A 1.0","Large Wine :  2.0 %","4 w","4 w","—","SA-14-209-A :   No","Legacy","—","—","30.0 % Week  49 - 53","-","-","0","0","0","1","0","0","1","1","1","1","1","1","1","1","1","1","7","12","29","22","7","7","4","2","2","0","0","0","0","0","0","0","0","0","0","0","0","0","0","0","0","0","0","0","0","0","0","0","0","0","0","0","0","0","0","0","0","0","0","0","0"
"Ghostwriter Pinot Noir Santa Cruz County ( SA-14-210-A )","Wine","WCC","4","86","45","-","45","-","-","SA-14-210-A 1.0","-","4 w","4 w","—","SA-14-210-A :   Yes","Legacy","—","—","30.0 % Week  49 - 53","-","-","0","0","0","0","0","0","0","0","0","0","0","0","0","0","0","0","0","0","0","0","0","0","0","0","0","0","0","0","0","0","0","0","0","0","0","0","0","0","0","0","0","0","0","0","0","0","0","0","0","0","0","0","0","0","0","0","0","0","0","0","0"
"Ghostwriter Pinot Noir, Amaya Ridge ( SA-14-211-A )","Wine","WCC","2","94","48","-","48","-","-","SA-14-211-A 1.0","X-Large Wine :  9.9 %","4 w","4 w","—","SA-14-211-A :   No","Legacy","—","—","30.0 % Week  49 - 53","-","-","0","1","1","1","1","1","2","3","2","2","1","2","1","2","3","2","16","31","75","51","16","18","7","5","4","0","0","0","0","0","0","0","0","0","0","0","0","0","0","0","0","0","0","0","0","0","0","0","0","0","0","0","0","0","0","0","0","0","0","0","0"
"Ghostwriter Cabernet, Black Ridge ( SA-14-212-A )","Wine","WCC","3","37","20","-","20","-","-","SA-14-212-A 1.0","Deluxe Wine :  6.5 %","4 w","4 w","—","SA-14-212-A :   No","Legacy","—","—","30.0 % Week  49 - 53","-","-","0","0","0","0","0","0","0","0","0","1","1","1","1","1","1","1","4","10","34","25","8","10","3","2","1","0","0","0","0","0","0","0","0","0","0","0","0","0","0","0","0","0","0","0","0","0","0","0","0","0","0","0","0","0","0","0","0","0","0","0","0"
"Roettgerding Rottgen ( SA-14-213-A )","Wine","WCC","2","0","1","-","1","-","-","SA-14-213-A 1.0","-","4 w","4 w","—","SA-14-213-A :   Yes","Legacy","—","—","30.0 % Week  49 - 53","-","-","0","0","0","0","0","0","0","0","0","0","0","0","0","0","0","0","0","0","0","0","0","0","0","0","0","0","0","0","0","0","0","0","0","0","0","0","0","0","0","0","0","0","0","0","0","0","0","0","0","0","0","0","0","0","0","0","0","0","0","0","0"
"Domaine de la Damase Grenache ( SA-14-214-A )","Wine","WCC","4","108","56","-","56","-","-","SA-14-214-A 1.0","Medium Wine :  2.9 %","4 w","4 w","—","SA-14-214-A :   No","Legacy","—","—","30.0 % Week  49 - 53","-","-","0","1","2","1","1","1","1","1","3","2","2","1","1","1","2","2","8","19","47","40","11","13","5","4","3","0","0","0","0","0","0","0","0","0","0","0","0","0","0","0","0","0","0","0","0","0","0","0","0","0","0","0","0","0","0","0","0","0","0","0","0"
"The Big Pink Rose ( SA-14-215-A )","Wine","WCC","2","0","1","-","1","-","-","SA-14-215-A 1.0","-","4 w","4 w","—","SA-14-215-A :   Yes","Legacy","—","—","30.0 % Week  49 - 53","-","-","0","0","0","0","0","0","0","0","0","0","0","0","0","0","0","0","0","0","0","0","0","0","0","0","0","0","0","0","0","0","0","0","0","0","0","0","0","0","0","0","0","0","0","0","0","0","0","0","0","0","0","0","0","0","0","0","0","0","0","0","0"
"A Terre de Rai Prosecco Brut ( SA-14-217-A )","Wine","WCC","4","0","2","-","2","-","-","SA-14-217-A 1.0","-","4 w","4 w","—","SA-14-217-A :   Yes","Legacy","—","—","30.0 % Week  49 - 53","-","-","0","0","0","0","0","0","0","0","0","0","0","0","0","0","0","0","0","0","0","0","0","0","0","0","0","0","0","0","0","0","0","0","0","0","0","0","0","0","0","0","0","0","0","0","0","0","0","0","0","0","0","0","0","0","0","0","0","0","0","0","0"
"Mother Vine Rose ( SA-14-218-A )","Wine","WCC","2","0","0","-","0","-","-","SA-14-218-A 1.0","-","4 w","4 w","—","SA-14-218-A :   Yes","Legacy","—","—","30.0 % Week  49 - 53","-","-","0","0","0","0","0","0","0","0","0","0","0","0","0","0","0","0","0","0","0","0","0","0","0","0","0","0","0","0","0","0","0","0","0","0","0","0","0","0","0","0","0","0","0","0","0","0","0","0","0","0","0","0","0","0","0","0","0","0","0","0","0"
"Red Car Rose of Pinot Noir ( SA-14-219-A )","Wine","WCC","1","1","1","-","1","-","-","SA-14-219-A 1.0","-","4 w","4 w","—","SA-14-219-A :   Yes","Legacy","—","—","30.0 % Week  49 - 53","-","-","0","0","0","0","0","0","0","0","0","0","0","0","0","0","0","0","0","0","0","0","0","0","0","0","0","0","0","0","0","0","0","0","0","0","0","0","0","0","0","0","0","0","0","0","0","0","0","0","0","0","0","0","0","0","0","0","0","0","0","0","0"
"Cricket Farms Brut Sparkling Rose ( SA-14-220-A )","Wine","WCC","1","0","0","-","0","-","-","SA-14-220-A 1.0","-","4 w","4 w","—","SA-14-220-A :   Yes","Legacy","—","—","30.0 % Week  49 - 53","-","-","0","0","0","0","0","0","0","0","0","0","0","0","0","0","0","0","0","0","0","0","0","0","0","0","0","0","0","0","0","0","0","0","0","0","0","0","0","0","0","0","0","0","0","0","0","0","0","0","0","0","0","0","0","0","0","0","0","0","0","0","0"
"Cricket Farms Brut Sparkling White Wine ( SA-14-221-A )","Wine","WCC","2","2","2","-","2","-","-","SA-14-221-A 1.0","-","4 w","4 w","—","SA-14-221-A :   No","Legacy","—","—","30.0 % Week  49 - 53","-","-","0","0","0","0","0","0","0","0","0","0","0","0","0","0","0","0","0","0","0","0","0","0","0","0","0","0","0","0","0","0","0","0","0","0","0","0","0","0","0","0","0","0","0","0","0","0","0","0","0","0","0","0","0","0","0","0","0","0","0","0","0"
"Clay Shannon Rose ( SA-14-222-A )","Wine","WCC","1","0","0","-","0","-","-","SA-14-222-A 1.0","-","4 w","4 w","—","SA-14-222-A :   No","Legacy","—","—","30.0 % Week  49 - 53","-","-","0","0","0","0","0","0","0","0","0","0","0","0","0","0","0","0","0","0","0","0","0","0","0","0","0","0","0","0","0","0","0","0","0","0","0","0","0","0","0","0","0","0","0","0","0","0","0","0","0","0","0","0","0","0","0","0","0","0","0","0","0"
"Delille Chaleur Blanc ( SA-14-223-A )","Wine","WCC","4","0","0","-","0","-","-","SA-14-223-A 1.0","-","4 w","4 w","—","SA-14-223-A :   No","Legacy","—","—","30.0 % Week  49 - 53","-","-","0","0","0","0","0","0","0","0","0","0","0","0","0","0","0","0","0","0","0","0","0","0","0","0","0","0","0","0","0","0","0","0","0","0","0","0","0","0","0","0","0","0","0","0","0","0","0","0","0","0","0","0","0","0","0","0","0","0","0","0","0"
"Brick Barn Albarino ( SA-14-224-A )","Wine","WCC","2","2","2","-","2","-","-","SA-14-224-A 1.0","-","4 w","4 w","—","SA-14-224-A :   No","Legacy","—","—","30.0 % Week  49 - 53","-","-","0","0","0","0","0","0","0","0","0","0","0","0","0","0","0","0","0","0","0","0","0","0","0","0","0","0","0","0","0","0","0","0","0","0","0","0","0","0","0","0","0","0","0","0","0","0","0","0","0","0","0","0","0","0","0","0","0","0","0","0","0"
"Brick Barn Blanc de Blanc ( SA-14-225-A )","Wine","WCC","12","12","12","-","12","-","-","SA-14-225-A 1.0","X-Large Wine :  2.4 %","4 w","4 w","—","SA-14-225-A :   No","Legacy","—","—","30.0 % Week  49 - 53","-","-","0","0","0","0","0","0","0","1","1","1","0","0","0","1","1","1","4","8","18","12","4","4","2","1","1","0","0","0","0","0","0","0","0","0","0","0","0","0","0","0","0","0","0","0","0","0","0","0","0","0","0","0","0","0","0","0","0","0","0","0","0"
"Domaine Vincent Wengier Chablis ( SA-14-226-A )","Wine","WCC","2","4","3","-","3","-","-","SA-14-226-A 1.0","-","4 w","4 w","—","SA-14-226-A :   No","Legacy","—","—","30.0 % Week  49 - 53","-","-","0","0","0","0","0","0","0","0","0","0","0","0","0","0","0","0","0","0","0","0","0","0","0","0","0","0","0","0","0","0","0","0","0","0","0","0","0","0","0","0","0","0","0","0","0","0","0","0","0","0","0","0","0","0","0","0","0","0","0","0","0"
"Red CarMohrhardt Ridge Chardonnay, Fort Ross-Seaview ( SA-14-227-A )","Wine","WCC","1","0","0","-","0","-","-","SA-14-227-A 1.0","-","4 w","4 w","—","SA-14-227-A :   No","Legacy","—","—","30.0 % Week  49 - 53","-","-","0","0","0","0","0","0","0","0","0","0","0","0","0","0","0","0","0","0","0","0","0","0","0","0","0","0","0","0","0","0","0","0","0","0","0","0","0","0","0","0","0","0","0","0","0","0","0","0","0","0","0","0","0","0","0","0","0","0","0","0","0"
"Grand Napa Spring Mountain District Sauvignon Blanc Ultra Luxury ( SA-14-228-A )","Wine","WCC","1","1","1","-","1","-","-","SA-14-228-A 1.0","-","4 w","4 w","—","SA-14-228-A :   No","Legacy","—","—","30.0 % Week  49 - 53","-","-","0","0","0","0","0","0","0","0","0","0","0","0","0","0","0","0","0","0","0","0","0","0","0","0","0","0","0","0","0","0","0","0","0","0","0","0","0","0","0","0","0","0","0","0","0","0","0","0","0","0","0","0","0","0","0","0","0","0","0","0","0"
"MV Louis Roederer Collection 244 ( SA-14-229-A )","Wine","WCC","2","0","0","-","0","-","-","SA-14-229-A 1.0","-","4 w","4 w","—","SA-14-229-A :   No","Legacy","—","—","30.0 % Week  49 - 53","-","-","0","0","0","0","0","0","0","0","0","0","0","0","0","0","0","0","0","0","0","0","0","0","0","0","0","0","0","0","0","0","0","0","0","0","0","0","0","0","0","0","0","0","0","0","0","0","0","0","0","0","0","0","0","0","0","0","0","0","0","0","0"
"Les Hauts de Milly Chablis 1er Cru Cote de Lechet Vieille Vigne ( SA-14-230-A )","Wine","WCC","2","0","0","-","0","-","-","SA-14-230-A 1.0","-","4 w","4 w","—","SA-14-230-A :   No","Legacy","—","—","30.0 % Week  49 - 53","-","-","0","0","0","0","0","0","0","0","0","0","0","0","0","0","0","0","0","0","0","0","0","0","0","0","0","0","0","0","0","0","0","0","0","0","0","0","0","0","0","0","0","0","0","0","0","0","0","0","0","0","0","0","0","0","0","0","0","0","0","0","0"
"Azur Proprietary Red ( SA-14-232-A )","Wine","WCC","1","45","23","-","23","-","-","SA-14-232-A 1.0","Grand Wine :  5.6 %","4 w","4 w","—","SA-14-232-A :   No","Legacy","—","—","30.0 % Week  49 - 53","-","-","0","0","0","0","0","0","0","0","0","1","0","0","1","1","1","1","2","4","16","16","4","5","2","1","1","0","0","0","0","0","0","0","0","0","0","0","0","0","0","0","0","0","0","0","0","0","0","0","0","0","0","0","0","0","0","0","0","0","0","0","0"
"William Fevre Fourchaume Chablis Premier Cru ( SA-14-233-A )","Wine","WCC","1","1","1","-","1","-","-","SA-14-233-A 1.0","-","4 w","4 w","—","SA-14-233-A :   Yes","Legacy","—","—","30.0 % Week  49 - 53","-","-","0","0","0","0","0","0","0","0","0","0","0","0","0","0","0","0","0","0","0","0","0","0","0","0","0","0","0","0","0","0","0","0","0","0","0","0","0","0","0","0","0","0","0","0","0","0","0","0","0","0","0","0","0","0","0","0","0","0","0","0","0"
"Grand Napa Blanc de Noir ( SA-14-234-A )","Wine","WCC","3","85","44","-","44","-","-","SA-14-234-A 1.0","Deluxe Wine :  2.9 %","4 w","4 w","—","SA-14-234-A :   No","Legacy","—","—","30.0 % Week  49 - 53","-","-","0","0","0","0","0","0","0","0","0","0","0","0","0","0","0","0","2","4","16","11","4","4","1","1","1","0","0","0","0","0","0","0","0","0","0","0","0","0","0","0","0","0","0","0","0","0","0","0","0","0","0","0","0","0","0","0","0","0","0","0","0"
"Heir Apparent Proprietary Napa Red Blend ( SA-14-235-A )","Wine","WCC","2","0","1","-","1","-","-","SA-14-235-A 1.0","-","4 w","4 w","—","SA-14-235-A :   No","Legacy","—","—","30.0 % Week  49 - 53","-","-","0","0","0","0","0","0","0","0","0","0","0","0","0","0","0","0","0","0","0","0","0","0","0","0","0","0","0","0","0","0","0","0","0","0","0","0","0","0","0","0","0","0","0","0","0","0","0","0","0","0","0","0","0","0","0","0","0","0","0","0","0"
"Grand Napa Sparkling Rose ( SA-14-236-A )","Wine","WCC","3","0","0","-","0","-","-","SA-14-236-A 1.0","-","4 w","4 w","—","SA-14-236-A :   No","Legacy","—","—","30.0 % Week  49 - 53","-","-","0","0","0","0","0","0","0","0","0","0","0","0","0","0","0","0","0","0","0","0","0","0","0","0","0","0","0","0","0","0","0","0","0","0","0","0","0","0","0","0","0","0","0","0","0","0","0","0","0","0","0","0","0","0","0","0","0","0","0","0","0"
"Maximin Grunhaus Abtsberg Riesling Trocken Grosses Gewächs ( SA-14-237-A )","Wine","WCC","2","48","25","-","25","-","-","SA-14-237-A 1.0","Grand Wine :  4.9 %","4 w","4 w","—","SA-14-237-A :   No","Legacy","—","—","30.0 % Week  49 - 53","-","-","0","0","0","0","0","0","0","0","0","1","0","0","0","0","0","1","2","4","14","14","3","4","2","1","1","0","0","0","0","0","0","0","0","0","0","0","0","0","0","0","0","0","0","0","0","0","0","0","0","0","0","0","0","0","0","0","0","0","0","0","0"
"Domaine de La Garenne Macon Aze ’19 ( SA-14-238-A )","Wine","WCC","4","0","0","-","0","-","-","SA-14-238-A 1.0","-","4 w","4 w","—","SA-14-238-A :   No","Legacy","—","—","30.0 % Week  49 - 53","-","-","0","0","0","0","0","0","0","0","0","0","0","0","0","0","0","0","0","0","0","0","0","0","0","0","0","0","0","0","0","0","0","0","0","0","0","0","0","0","0","0","0","0","0","0","0","0","0","0","0","0","0","0","0","0","0","0","0","0","0","0","0"
"Le Renard Bourgogne Chardonnay ( SA-14-239-A )","Wine","WCC","6","6","6","-","6","-","-","SA-14-239-A 1.0","-","4 w","4 w","—","SA-14-239-A :   No","Legacy","—","—","30.0 % Week  49 - 53","-","-","0","0","0","0","0","0","0","0","0","0","0","0","0","0","0","0","0","0","0","0","0","0","0","0","0","0","0","0","0","0","0","0","0","0","0","0","0","0","0","0","0","0","0","0","0","0","0","0","0","0","0","0","0","0","0","0","0","0","0","0","0"
"Machherndl Pulp Fiction White ( SA-14-240-A )","Wine","WCC","4","96","50","-","50","-","-","SA-14-240-A 1.0","-","4 w","4 w","—","SA-14-240-A :   No","Legacy","—","—","30.0 % Week  49 - 53","-","-","0","0","0","0","0","0","0","0","0","0","0","0","0","0","0","0","0","0","0","0","0","0","0","0","0","0","0","0","0","0","0","0","0","0","0","0","0","0","0","0","0","0","0","0","0","0","0","0","0","0","0","0","0","0","0","0","0","0","0","0","0"
"Alheit Cartology Chenin Blanc ( SA-14-241-A )","Wine","WCC","1","0","0","-","0","-","-","SA-14-241-A 1.0","-","4 w","4 w","—","SA-14-241-A :   No","Legacy","—","—","30.0 % Week  49 - 53","-","-","0","0","0","0","0","0","0","0","0","0","0","0","0","0","0","0","0","0","0","0","0","0","0","0","0","0","0","0","0","0","0","0","0","0","0","0","0","0","0","0","0","0","0","0","0","0","0","0","0","0","0","0","0","0","0","0","0","0","0","0","0"
"Gusbourne Brut Reserve 2019 ( SA-14-242-A )","Wine","WCC","4","60","32","-","32","-","-","SA-14-242-A 1.0","Deluxe Wine :  9.4 %","4 w","4 w","—","SA-14-242-A :   No","Legacy","—","—","30.0 % Week  49 - 53","-","-","0","1","0","0","0","1","0","1","1","1","1","1","1","1","1","1","6","14","50","36","12","14","5","3","2","0","0","0","0","0","0","0","0","0","0","0","0","0","0","0","0","0","0","0","0","0","0","0","0","0","0","0","0","0","0","0","0","0","0","0","0"
"La Ferme du Mont Chateauneuf-du-Pape Blanc ( SA-14-243-A )","Wine","WCC","1","0","0","-","0","-","-","SA-14-243-A 1.0","-","4 w","4 w","—","SA-14-243-A :   No","Legacy","—","—","30.0 % Week  49 - 53","-","-","0","0","0","0","0","0","0","0","0","0","0","0","0","0","0","0","0","0","0","0","0","0","0","0","0","0","0","0","0","0","0","0","0","0","0","0","0","0","0","0","0","0","0","0","0","0","0","0","0","0","0","0","0","0","0","0","0","0","0","0","0"
"Gusbourne Blanc de Noirs 2018 ( SA-14-244-A )","Wine","WCC","3","0","0","-","0","-","-","SA-14-244-A 1.0","-","4 w","4 w","—","SA-14-244-A :   Yes","Legacy","—","—","30.0 % Week  49 - 53","-","-","0","0","0","0","0","0","0","0","0","0","0","0","0","0","0","0","0","0","0","0","0","0","0","0","0","0","0","0","0","0","0","0","0","0","0","0","0","0","0","0","0","0","0","0","0","0","0","0","0","0","0","0","0","0","0","0","0","0","0","0","0"
"Pierre Mayeul 2018 Volnay ( SA-14-245-A )","Wine","WCC","2","6","4","-","4","-","-","SA-14-245-A 1.0","-","4 w","4 w","—","SA-14-245-A :   No","Legacy","—","—","30.0 % Week  49 - 53","-","-","0","0","0","0","0","0","0","0","0","0","0","0","0","0","0","0","0","0","0","0","0","0","0","0","0","0","0","0","0","0","0","0","0","0","0","0","0","0","0","0","0","0","0","0","0","0","0","0","0","0","0","0","0","0","0","0","0","0","0","0","0"
"Chateau de Pommard Clos Marey-Monge “Micault” 2019 ( SA-14-246-A )","Wine","WCC","2","0","0","-","0","-","-","SA-14-246-A 1.0","-","4 w","4 w","—","SA-14-246-A :   No","Legacy","—","—","30.0 % Week  49 - 53","-","-","0","0","0","0","0","0","0","0","0","0","0","0","0","0","0","0","0","0","0","0","0","0","0","0","0","0","0","0","0","0","0","0","0","0","0","0","0","0","0","0","0","0","0","0","0","0","0","0","0","0","0","0","0","0","0","0","0","0","0","0","0"
"Cross Springs Zinfandel ( SA-14-247-A )","Wine","WCC","4","0","0","-","0","-","-","SA-14-247-A 1.0","-","4 w","4 w","—","SA-14-247-A :   No","Legacy","—","—","30.0 % Week  49 - 53","-","-","0","0","0","0","0","0","0","0","0","0","0","0","0","0","0","0","0","0","0","0","0","0","0","0","0","0","0","0","0","0","0","0","0","0","0","0","0","0","0","0","0","0","0","0","0","0","0","0","0","0","0","0","0","0","0","0","0","0","0","0","0"
"2020 Bouchaine Estate Chardonnay ( SA-14-248-A )","Wine","WCC","3","3","3","-","3","-","-","SA-14-248-A 1.0","-","4 w","4 w","—","SA-14-248-A :   No","Legacy","—","—","30.0 % Week  49 - 53","-","-","0","0","0","0","0","0","0","0","0","0","0","0","0","0","0","0","0","0","0","0","0","0","0","0","0","0","0","0","0","0","0","0","0","0","0","0","0","0","0","0","0","0","0","0","0","0","0","0","0","0","0","0","0","0","0","0","0","0","0","0","0"
"2020 Bouchaine Unoaked Chardonnay ( SA-14-249-A )","Wine","WCC","4","2","3","-","3","-","-","SA-14-249-A 1.0","-","4 w","4 w","—","SA-14-249-A :   No","Legacy","—","—","30.0 % Week  49 - 53","-","-","0","0","0","0","0","0","0","0","0","0","0","0","0","0","0","0","0","0","0","0","0","0","0","0","0","0","0","0","0","0","0","0","0","0","0","0","0","0","0","0","0","0","0","0","0","0","0","0","0","0","0","0","0","0","0","0","0","0","0","0","0"
"2017 Le Vigne Estate Red Rhone Blend ( SA-14-250-A )","Wine","WCC","1","0","0","-","0","-","-","SA-14-250-A 1.0","-","4 w","4 w","—","SA-14-250-A :   Yes","Legacy","—","—","30.0 % Week  49 - 53","-","-","0","0","0","0","0","0","0","0","0","0","0","0","0","0","0","0","0","0","0","0","0","0","0","0","0","0","0","0","0","0","0","0","0","0","0","0","0","0","0","0","0","0","0","0","0","0","0","0","0","0","0","0","0","0","0","0","0","0","0","0","0"
"2022 Brick Barn Rose of Grenache ( SA-14-251-A )","Wine","WCC","2","2","2","-","2","-","-","SA-14-251-A 1.0","-","4 w","4 w","—","SA-14-251-A :   Yes","Legacy","—","—","30.0 % Week  49 - 53","-","-","0","0","0","0","0","0","0","0","0","0","0","0","0","0","0","0","0","0","0","0","0","0","0","0","0","0","0","0","0","0","0","0","0","0","0","0","0","0","0","0","0","0","0","0","0","0","0","0","0","0","0","0","0","0","0","0","0","0","0","0","0"
"2022 Domaine Malleron Clos du Roy Sancerre ( SA-14-252-A )","Wine","WCC","1","0","0","-","0","-","-","SA-14-252-A 1.0","-","4 w","4 w","—","SA-14-252-A :   No","Legacy","—","—","30.0 % Week  49 - 53","-","-","0","0","0","0","0","0","0","0","0","0","0","0","0","0","0","0","0","0","0","0","0","0","0","0","0","0","0","0","0","0","0","0","0","0","0","0","0","0","0","0","0","0","0","0","0","0","0","0","0","0","0","0","0","0","0","0","0","0","0","0","0"
"2017 Stroppiana “Cesare” Barolo DOCG ( SA-14-253-A )","Wine","WCC","1","3","2","-","2","-","-","SA-14-253-A 1.0","-","4 w","4 w","—","SA-14-253-A :   No","Legacy","—","—","30.0 % Week  49 - 53","-","-","0","0","0","0","0","0","0","0","0","0","0","0","0","0","0","0","0","0","0","0","0","0","0","0","0","0","0","0","0","0","0","0","0","0","0","0","0","0","0","0","0","0","0","0","0","0","0","0","0","0","0","0","0","0","0","0","0","0","0","0","0"
"Furthermore Russian River Pinot Noir ( SA-14-254-A )","Wine","WCC","1","0","0","-","0","-","-","SA-14-254-A 1.0","-","4 w","4 w","—","SA-14-254-A :   No","Legacy","—","—","30.0 % Week  49 - 53","-","-","0","0","0","0","0","0","0","0","0","0","0","0","0","0","0","0","0","0","0","0","0","0","0","0","0","0","0","0","0","0","0","0","0","0","0","0","0","0","0","0","0","0","0","0","0","0","0","0","0","0","0","0","0","0","0","0","0","0","0","0","0"
"2021 Les Terrasses Chateaneuf du Pape ( SA-14-255-A )","Wine","WCC","3","0","0","-","0","-","-","SA-14-255-A 1.0","-","4 w","4 w","—","SA-14-255-A :   No","Legacy","—","—","30.0 % Week  49 - 53","-","-","0","0","0","0","0","0","0","0","0","0","0","0","0","0","0","0","0","0","0","0","0","0","0","0","0","0","0","0","0","0","0","0","0","0","0","0","0","0","0","0","0","0","0","0","0","0","0","0","0","0","0","0","0","0","0","0","0","0","0","0","0"
"Reflection Ridge Cabernet Sauvignon ( SA-14-256-A )","Wine","WCC","2","2","2","-","2","-","-","SA-14-256-A 1.0","-","4 w","4 w","—","SA-14-256-A :   Yes","Legacy","—","—","30.0 % Week  49 - 53","-","-","0","0","0","0","0","0","0","0","0","0","0","0","0","0","0","0","0","0","0","0","0","0","0","0","0","0","0","0","0","0","0","0","0","0","0","0","0","0","0","0","0","0","0","0","0","0","0","0","0","0","0","0","0","0","0","0","0","0","0","0","0"
"Grandeur Red Blend ( SA-14-259-A )","Wine","WCC","4","0","2","-","2","-","-","SA-14-259-A 1.0","-","4 w","4 w","—","SA-14-259-A :   Yes","Legacy","—","—","30.0 % Week  49 - 53","-","-","0","0","0","0","0","0","0","0","0","0","0","0","0","0","0","0","0","0","0","0","0","0","0","0","0","0","0","0","0","0","0","0","0","0","0","0","0","0","0","0","0","0","0","0","0","0","0","0","0","0","0","0","0","0","0","0","0","0","0","0","0"
"Annabella Napa Sauvignon Blanc ( SA-14-260-A )","Wine","WCC","2","0","0","-","0","-","-","SA-14-260-A 1.0","-","4 w","4 w","—","SA-14-260-A :   Yes","Legacy","—","—","30.0 % Week  49 - 53","-","-","0","0","0","0","0","0","0","0","0","0","0","0","0","0","0","0","0","0","0","0","0","0","0","0","0","0","0","0","0","0","0","0","0","0","0","0","0","0","0","0","0","0","0","0","0","0","0","0","0","0","0","0","0","0","0","0","0","0","0","0","0"
"Robert Biale Party Line Zinfandel ( SA-14-261-A )","Wine","WCC","6","140","73","-","73","-","-","SA-14-261-A 1.0","Large Wine :  4.0 %","4 w","4 w","—","SA-14-261-A :   No","Legacy","—","—","30.0 % Week  49 - 53","-","-","0","1","1","1","1","1","1","1","2","2","1","1","1","2","2","2","13","24","57","44","14","14","7","4","3","0","0","0","0","0","0","0","0","0","0","0","0","0","0","0","0","0","0","0","0","0","0","0","0","0","0","0","0","0","0","0","0","0","0","0","0"
"Scheid Vineyards Merlot ( SA-14-262-A )","Wine","WCC","10","166","88","-","88","-","-","SA-14-262-A 1.0","X-Large Wine :  3.4 %","4 w","4 w","—","SA-14-262-A :   No","Legacy","—","—","30.0 % Week  49 - 53","-","-","0","0","0","0","0","0","1","1","1","1","0","1","0","1","1","1","5","11","26","17","6","6","2","2","1","0","0","0","0","0","0","0","0","0","0","0","0","0","0","0","0","0","0","0","0","0","0","0","0","0","0","0","0","0","0","0","0","0","0","0","0"
"Robert Biale Black Chicken Zinfandel ( SA-14-263-A )","Wine","WCC","2","4","3","-","3","-","-","SA-14-263-A 1.0","X-Large Wine :  2.4 %","4 w","4 w","—","SA-14-263-A :   No","Legacy","—","—","30.0 % Week  49 - 53","-","-","0","0","0","0","0","0","0","1","1","1","0","0","0","1","1","1","4","8","18","12","4","4","2","1","1","0","0","0","0","0","0","0","0","0","0","0","0","0","0","0","0","0","0","0","0","0","0","0","0","0","0","0","0","0","0","0","0","0","0","0","0"
"Scheid Vineyards Pinot Noir ( SA-14-264-A )","Wine","WCC","10","10","10","-","10","-","-","SA-14-264-A 1.0","X-Large Wine :  4.9 %","4 w","4 w","—","SA-14-264-A :   No","Legacy","—","—","30.0 % Week  49 - 53","-","-","0","0","1","1","1","1","1","1","1","1","1","1","1","1","1","1","8","16","37","25","8","9","4","2","2","0","0","0","0","0","0","0","0","0","0","0","0","0","0","0","0","0","0","0","0","0","0","0","0","0","0","0","0","0","0","0","0","0","0","0","0"
"Beaulieu Vineyard Napa Valley Cabernet Sauvignon ( SA-14-265-A )","Wine","WCC","1","0","0","-","0","-","-","SA-14-265-A 1.0","-","4 w","4 w","—","SA-14-265-A :   No","Legacy","—","—","30.0 % Week  49 - 53","-","-","0","0","0","0","0","0","0","0","0","0","0","0","0","0","0","0","0","0","0","0","0","0","0","0","0","0","0","0","0","0","0","0","0","0","0","0","0","0","0","0","0","0","0","0","0","0","0","0","0","0","0","0","0","0","0","0","0","0","0","0","0"
"Beringer Distinctions Napa Cabernet Sauvignon ( SA-14-266-A )","Wine","WCC","2","4","3","-","3","-","-","SA-14-266-A 1.0","-","4 w","4 w","—","SA-14-266-A :   No","Legacy","—","—","30.0 % Week  49 - 53","-","-","0","0","0","0","0","0","0","0","0","0","0","0","0","0","0","0","0","0","0","0","0","0","0","0","0","0","0","0","0","0","0","0","0","0","0","0","0","0","0","0","0","0","0","0","0","0","0","0","0","0","0","0","0","0","0","0","0","0","0","0","0"
"Ferrari Carano Pinot Noir Anderson Valley ( SA-14-267-A )","Wine","WCC","3","3","3","-","3","-","-","SA-14-267-A 1.0","-","4 w","4 w","—","SA-14-267-A :   No","Legacy","—","—","30.0 % Week  49 - 53","-","-","0","0","0","0","0","0","0","0","0","0","0","0","0","0","0","0","0","0","0","0","0","0","0","0","0","0","0","0","0","0","0","0","0","0","0","0","0","0","0","0","0","0","0","0","0","0","0","0","0","0","0","0","0","0","0","0","0","0","0","0","0"
"Baeulieu Vineyard Tapestry Red Blend ( SA-14-268-A )","Wine","WCC","1","0","0","-","0","-","-","SA-14-268-A 1.0","-","4 w","4 w","—","SA-14-268-A :   No","Legacy","—","—","30.0 % Week  49 - 53","-","-","0","0","0","0","0","0","0","0","0","0","0","0","0","0","0","0","0","0","0","0","0","0","0","0","0","0","0","0","0","0","0","0","0","0","0","0","0","0","0","0","0","0","0","0","0","0","0","0","0","0","0","0","0","0","0","0","0","0","0","0","0"
"Stags Leap Napa Valley Cabernet Sauvignon ( SA-14-269-A )","Wine","WCC","1","0","0","-","0","-","-","SA-14-269-A 1.0","-","4 w","4 w","—","SA-14-269-A :   No","Legacy","—","—","30.0 % Week  49 - 53","-","-","0","0","0","0","0","0","0","0","0","0","0","0","0","0","0","0","0","0","0","0","0","0","0","0","0","0","0","0","0","0","0","0","0","0","0","0","0","0","0","0","0","0","0","0","0","0","0","0","0","0","0","0","0","0","0","0","0","0","0","0","0"
"Moet Chandon Champagne Brut Imperial ( SA-14-270-A )","Wine","WCC","3","0","0","-","0","-","-","SA-14-270-A 1.0","-","4 w","4 w","—","SA-14-270-A :   Yes","Legacy","—","—","30.0 % Week  49 - 53","-","-","0","0","0","0","0","0","0","0","0","0","0","0","0","0","0","0","0","0","0","0","0","0","0","0","0","0","0","0","0","0","0","0","0","0","0","0","0","0","0","0","0","0","0","0","0","0","0","0","0","0","0","0","0","0","0","0","0","0","0","0","0"
"2020 Beaulieu Vineyard Reserve Rutherford Cabernet ( SA-14-271-A )","Wine","WCC","3","53","28","-","28","-","-","SA-14-271-A 1.0","Grand Wine :  5.6 %","4 w","4 w","—","SA-14-271-A :   No","Legacy","—","—","30.0 % Week  49 - 53","-","-","0","0","0","0","0","0","0","0","0","1","0","0","1","1","1","1","2","4","16","16","4","5","2","1","1","0","0","0","0","0","0","0","0","0","0","0","0","0","0","0","0","0","0","0","0","0","0","0","0","0","0","0","0","0","0","0","0","0","0","0","0"
"Veuve Clicquot Champagne Brut Rose ( SA-14-272-A )","Wine","WCC","4","194","99","-","99","-","-","SA-14-272-A 1.0","Grand Wine :  19.6 %","4 w","4 w","—","SA-14-272-A :   No","Legacy","—","—","30.0 % Week  49 - 53","-","-","0","0","1","1","1","1","1","1","1","2","1","1","2","2","2","2","7","15","56","56","14","18","7","5","3","0","0","0","0","0","0","0","0","0","0","0","0","0","0","0","0","0","0","0","0","0","0","0","0","0","0","0","0","0","0","0","0","0","0","0","0"
"2022 Caymus Vineyards Cabernet Sauvignon ( SA-14-273-A )","Wine","WCC","2","0","-1","-","0","-","-","SA-14-273-A 1.0","-","4 w","4 w","—","SA-14-273-A :   No","Seasonal","—","—","30.0 % Week  49 - 53","-","-","0","0","0","0","0","0","0","0","0","0","0","0","0","0","0","0","0","0","0","0","0","0","0","0","0","0","0","0","0","0","0","0","0","0","0","0","0","0","0","0","0","0","0","0","0","0","0","0","0","0","0","0","0","0","0","0","0","0","0","0","0"
"Kenwood Cabernet Sauvignon Six Ridges ( SA-14-274-A )","Wine","WCC","1","0","0","-","0","-","-","SA-14-274-A 1.0","-","4 w","4 w","—","SA-14-274-A :   Yes","Legacy","—","—","30.0 % Week  49 - 53","-","-","0","0","0","0","0","0","0","0","0","0","0","0","0","0","0","0","0","0","0","0","0","0","0","0","0","0","0","0","0","0","0","0","0","0","0","0","0","0","0","0","0","0","0","0","0","0","0","0","0","0","0","0","0","0","0","0","0","0","0","0","0"
"Folk Machine Chardonnay ( SA-14-275-A )","Wine","WCC","6","74","40","-","40","-","-","SA-14-275-A 1.0","Large Wine :  2.1 %","4 w","4 w","—","SA-14-275-A :   No","Legacy","—","—","30.0 % Week  49 - 53","-","-","0","0","0","1","0","1","1","1","1","1","1","1","1","1","1","1","7","13","31","24","7","8","4","2","2","0","0","0","0","0","0","0","0","0","0","0","0","0","0","0","0","0","0","0","0","0","0","0","0","0","0","0","0","0","0","0","0","0","0","0","0"
"La Sirena Chardonnay ( SA-14-276-A )","Wine","WCC","1","0","0","-","0","-","-","SA-14-276-A 1.0","-","4 w","4 w","—","SA-14-276-A :   No","Legacy","—","—","30.0 % Week  49 - 53","-","-","0","0","0","0","0","0","0","0","0","0","0","0","0","0","0","0","0","0","0","0","0","0","0","0","0","0","0","0","0","0","0","0","0","0","0","0","0","0","0","0","0","0","0","0","0","0","0","0","0","0","0","0","0","0","0","0","0","0","0","0","0"
"Domaine la Prieure des Pape Chateauneuf-du-Pape Le Couchant ( SA-14-277-A )","Wine","WCC","1","0","0","-","0","-","-","SA-14-277-A 1.0","-","4 w","4 w","—","SA-14-277-A :   No","Legacy","—","—","30.0 % Week  49 - 53","-","-","0","0","0","0","0","0","0","0","0","0","0","0","0","0","0","0","0","0","0","0","0","0","0","0","0","0","0","0","0","0","0","0","0","0","0","0","0","0","0","0","0","0","0","0","0","0","0","0","0","0","0","0","0","0","0","0","0","0","0","0","0"
"Replica Red Wine Pickpocket ( SA-14-278-A )","Wine","WCC","5","0","2","-","2","-","-","SA-14-278-A 1.0","-","4 w","4 w","—","SA-14-278-A :   No","Legacy","—","—","30.0 % Week  49 - 53","-","-","0","0","0","0","0","0","0","0","0","0","0","0","0","0","0","0","0","0","0","0","0","0","0","0","0","0","0","0","0","0","0","0","0","0","0","0","0","0","0","0","0","0","0","0","0","0","0","0","0","0","0","0","0","0","0","0","0","0","0","0","0"
"Replica Chardonnay ( SA-14-279-A )","Wine","WCC","5","181","93","-","93","-","-","SA-14-279-A 1.0","Medium Wine :  1.2 %","4 w","4 w","—","SA-14-279-A :   No","Legacy","—","—","30.0 % Week  49 - 53","-","-","0","0","1","0","1","0","0","0","1","1","1","1","1","1","1","1","3","8","20","17","5","5","2","2","1","0","0","0","0","0","0","0","0","0","0","0","0","0","0","0","0","0","0","0","0","0","0","0","0","0","0","0","0","0","0","0","0","0","0","0","0"
"Muscardini Vermentino ( SA-14-280-A )","Wine","WCC","4","4","4","-","4","-","-","SA-14-280-A 1.0","-","4 w","4 w","—","SA-14-280-A :   No","Legacy","—","—","30.0 % Week  49 - 53","-","-","0","0","0","0","0","0","0","0","0","0","0","0","0","0","0","0","0","0","0","0","0","0","0","0","0","0","0","0","0","0","0","0","0","0","0","0","0","0","0","0","0","0","0","0","0","0","0","0","0","0","0","0","0","0","0","0","0","0","0","0","0"
"Gary Farrell Martaella Vineyard Pinot Noir ( SA-14-281-A )","Wine","WCC","2","0","0","-","0","-","-","SA-14-281-A 1.0","-","4 w","4 w","—","SA-14-281-A :   No","Legacy","—","—","30.0 % Week  49 - 53","-","-","0","0","0","0","0","0","0","0","0","0","0","0","0","0","0","0","0","0","0","0","0","0","0","0","0","0","0","0","0","0","0","0","0","0","0","0","0","0","0","0","0","0","0","0","0","0","0","0","0","0","0","0","0","0","0","0","0","0","0","0","0"
"Gary Farrell Sanford & Benedict Pinot Noir ( SA-14-282-A )","Wine","WCC","4","78","41","-","41","-","-","SA-14-282-A 1.0","Deluxe Wine :  6.4 %","4 w","4 w","—","SA-14-282-A :   No","Legacy","—","—","30.0 % Week  49 - 53","-","-","0","0","0","0","0","0","0","0","0","1","1","1","1","1","1","1","4","9","34","24","8","9","3","2","1","0","0","0","0","0","0","0","0","0","0","0","0","0","0","0","0","0","0","0","0","0","0","0","0","0","0","0","0","0","0","0","0","0","0","0","0"
"Adobe Road Bavarian Lion Vineyard Petit Verdot ( SA-14-283-A )","Wine","WCC","2","46","24","-","24","-","-","SA-14-283-A 1.0","Grand Wine :  5.1 %","4 w","4 w","—","SA-14-283-A :   No","Legacy","—","—","30.0 % Week  49 - 53","-","-","0","0","0","0","0","0","0","0","0","1","0","0","0","1","0","1","2","4","15","15","4","5","2","1","1","0","0","0","0","0","0","0","0","0","0","0","0","0","0","0","0","0","0","0","0","0","0","0","0","0","0","0","0","0","0","0","0","0","0","0","0"
"Gerard Bertrand Vin Blanc Villa Soleilla ( SA-14-284-A )","Wine","WCC","2","2","2","-","2","-","-","SA-14-284-A 1.0","-","4 w","4 w","—","SA-14-284-A :   No","Legacy","—","—","30.0 % Week  49 - 53","-","-","0","0","0","0","0","0","0","0","0","0","0","0","0","0","0","0","0","0","0","0","0","0","0","0","0","0","0","0","0","0","0","0","0","0","0","0","0","0","0","0","0","0","0","0","0","0","0","0","0","0","0","0","0","0","0","0","0","0","0","0","0"
"Pestoni Family Howell Mountain Cabernet Sauvignon ( SA-14-285-A )","Wine","WCC","2","0","0","-","0","-","-","SA-14-285-A 1.0","-","4 w","4 w","—","SA-14-285-A :   No","Legacy","—","—","30.0 % Week  49 - 53","-","-","0","0","0","0","0","0","0","0","0","0","0","0","0","0","0","0","0","0","0","0","0","0","0","0","0","0","0","0","0","0","0","0","0","0","0","0","0","0","0","0","0","0","0","0","0","0","0","0","0","0","0","0","0","0","0","0","0","0","0","0","0"
"Joseph Jewell Russian River Pinot Noir ( SA-14-288-A )","Wine","WCC","4","0","0","-","0","-","-","SA-14-288-A 1.0","-","4 w","4 w","—","SA-14-288-A :   No","Legacy","—","—","30.0 % Week  49 - 53","-","-","0","0","0","0","0","0","0","0","0","0","0","0","0","0","0","0","0","0","0","0","0","0","0","0","0","0","0","0","0","0","0","0","0","0","0","0","0","0","0","0","0","0","0","0","0","0","0","0","0","0","0","0","0","0","0","0","0","0","0","0","0"
"Meiter by DeLille Cabernet Sauvignon ( SA-14-289-A )","Wine","WCC","3","3","3","-","3","-","-","SA-14-289-A 1.0","-","4 w","4 w","—","SA-14-289-A :   No","Legacy","—","—","30.0 % Week  49 - 53","-","-","0","0","0","0","0","0","0","0","0","0","0","0","0","0","0","0","0","0","0","0","0","0","0","0","0","0","0","0","0","0","0","0","0","0","0","0","0","0","0","0","0","0","0","0","0","0","0","0","0","0","0","0","0","0","0","0","0","0","0","0","0"
"No Love Lost Chardonnay ( SA-14-290-A )","Wine","WCC","2","2","2","-","2","-","-","SA-14-290-A 1.0","Medium Wine :  1.6 %","4 w","4 w","—","SA-14-290-A :   No","Legacy","—","—","30.0 % Week  49 - 53","-","-","4","0","1","1","1","1","1","1","2","1","1","1","1","1","1","1","4","10","26","22","6","7","3","2","2","0","0","0","0","0","0","0","0","0","0","0","0","0","0","0","0","0","0","0","0","0","0","0","0","0","0","0","0","0","0","0","0","0","0","0","0"
"No Love Lost Rose ( SA-14-291-A )","Wine","WCC","3","0","0","-","0","-","-","SA-14-291-A 1.0","-","4 w","4 w","—","SA-14-291-A :   No","Seasonal","—","—","30.0 % Week  49 - 53","-","-","0","0","0","0","0","0","0","0","0","0","0","0","0","0","0","0","0","0","0","0","0","0","0","0","0","0","0","0","0","0","0","0","0","0","0","0","0","0","0","0","0","0","0","0","0","0","0","0","0","0","0","0","0","0","0","0","0","0","0","0","0"
"No Love Lost Sauvignon Blanc ( SA-14-292-A )","Wine","WCC","2","2","2","-","2","-","-","SA-14-292-A 1.0","-","4 w","4 w","—","SA-14-292-A :   No","Legacy","—","—","30.0 % Week  49 - 53","-","-","0","0","0","0","0","0","0","0","0","0","0","0","0","0","0","0","0","0","0","0","0","0","0","0","0","0","0","0","0","0","0","0","0","0","0","0","0","0","0","0","0","0","0","0","0","0","0","0","0","0","0","0","0","0","0","0","0","0","0","0","0"
"No Love Lost Russian River Pinot Noir ( SA-14-293-A )","Wine","WCC","2","110","56","-","56","-","-","SA-14-293-A 1.0","Large Wine :  9.0 %","4 w","4 w","—","SA-14-293-A :   No","Legacy","—","—","30.0 % Week  49 - 53","-","-","0","2","2","3","2","2","3","3","6","4","3","3","3","5","6","5","31","56","130","101","31","32","16","9","8","0","0","0","0","0","0","0","0","0","0","0","0","0","0","0","0","0","0","0","0","0","0","0","0","0","0","0","0","0","0","0","0","0","0","0","0"
"No Love Lost Cabernet ( SA-14-294-A )","Wine","WCC","6","458","232","-","232","-","-","SA-14-294-A 1.0","X-Large Wine :  17.6 %","4 w","4 w","—","SA-14-294-A :   No","Legacy","—","—","30.0 % Week  49 - 53","-","-","0","2","2","2","2","2","3","4","4","4","2","3","2","4","5","4","28","56","134","90","29","32","13","9","7","0","0","0","0","0","0","0","0","0","0","0","0","0","0","0","0","0","0","0","0","0","0","0","0","0","0","0","0","0","0","0","0","0","0","0","0"
"Arete Pinot Gris ( SA-14-295-A )","Wine","WCC","4","0","0","-","0","-","-","SA-14-295-A 1.0","-","4 w","4 w","—","SA-14-295-A :   No","Legacy","—","—","30.0 % Week  49 - 53","-","-","0","0","0","0","0","0","0","0","0","0","0","0","0","0","0","0","0","0","0","0","0","0","0","0","0","0","0","0","0","0","0","0","0","0","0","0","0","0","0","0","0","0","0","0","0","0","0","0","0","0","0","0","0","0","0","0","0","0","0","0","0"
"House Call Red Blend ( SA-14-296-A )","Wine","WCC","2","0","0","-","0","-","-","SA-14-296-A 1.0","-","4 w","4 w","—","SA-14-296-A :   No","Legacy","—","—","30.0 % Week  49 - 53","-","-","0","0","0","0","0","0","0","0","0","0","0","0","0","0","0","0","0","0","0","0","0","0","0","0","0","0","0","0","0","0","0","0","0","0","0","0","0","0","0","0","0","0","0","0","0","0","0","0","0","0","0","0","0","0","0","0","0","0","0","0","0"
"Arete Pinot Noir ( SA-14-297-A )","Wine","WCC","1","0","0","-","0","-","-","SA-14-297-A 1.0","-","4 w","4 w","—","SA-14-297-A :   No","Legacy","—","—","30.0 % Week  49 - 53","-","-","0","0","0","0","0","0","0","0","0","0","0","0","0","0","0","0","0","0","0","0","0","0","0","0","0","0","0","0","0","0","0","0","0","0","0","0","0","0","0","0","0","0","0","0","0","0","0","0","0","0","0","0","0","0","0","0","0","0","0","0","0"
"Le Fou Pinot Noir ( SA-14-298-A )","Wine","WCC","4","4","4","-","4","-","-","SA-14-298-A 1.0","-","4 w","4 w","—","SA-14-298-A :   No","Legacy","—","—","30.0 % Week  49 - 53","-","-","0","0","0","0","0","0","0","0","0","0","0","0","0","0","0","0","0","0","0","0","0","0","0","0","0","0","0","0","0","0","0","0","0","0","0","0","0","0","0","0","0","0","0","0","0","0","0","0","0","0","0","0","0","0","0","0","0","0","0","0","0"
"Michel-Schlumberger Maison Rouge Red Wine ( SA-14-299-A )","Wine","WCC","2","0","0","-","0","-","-","SA-14-299-A 1.0","-","4 w","4 w","—","SA-14-299-A :   No","Legacy","—","—","30.0 % Week  49 - 53","-","-","0","0","0","0","0","0","0","0","0","0","0","0","0","0","0","0","0","0","0","0","0","0","0","0","0","0","0","0","0","0","0","0","0","0","0","0","0","0","0","0","0","0","0","0","0","0","0","0","0","0","0","0","0","0","0","0","0","0","0","0","0"
"Jean-Claude Boisset Pommard “Les Vaumuriens” ( SA-14-300-A )","Wine","WCC","1","71","36","-","36","-","-","SA-14-300-A 1.0","Grand Wine :  2.4 %","4 w","4 w","—","SA-14-300-A :   No","Legacy","—","—","30.0 % Week  49 - 53","-","-","0","0","0","0","0","0","0","0","0","0","0","0","0","0","0","0","1","2","7","7","2","2","1","1","0","0","0","0","0","0","0","0","0","0","0","0","0","0","0","0","0","0","0","0","0","0","0","0","0","0","0","0","0","0","0","0","0","0","0","0","0"
"Tasi Brunello di Montalcino ( SA-14-301-A )","Wine","WCC","2","2","2","-","2","-","-","SA-14-301-A 1.0","-","4 w","4 w","—","SA-14-301-A :   No","Legacy","—","—","30.0 % Week  49 - 53","-","-","0","0","0","0","0","0","0","0","0","0","0","0","0","0","0","0","0","0","0","0","0","0","0","0","0","0","0","0","0","0","0","0","0","0","0","0","0","0","0","0","0","0","0","0","0","0","0","0","0","0","0","0","0","0","0","0","0","0","0","0","0"
"X Winery Rutherford Cabernet Sauvignon ( SA-14-302-A )","Wine","WCC","2","76","39","-","39","-","-","SA-14-302-A 1.0","Deluxe Wine :  7.2 %","4 w","4 w","—","SA-14-302-A :   No","Legacy","—","—","30.0 % Week  49 - 53","-","-","0","0","0","0","0","0","0","0","0","1","1","1","1","1","1","1","4","11","38","27","9","11","4","2","2","0","0","0","0","0","0","0","0","0","0","0","0","0","0","0","0","0","0","0","0","0","0","0","0","0","0","0","0","0","0","0","0","0","0","0","0"
"Pont Neuf Pinot Noie""La Fontaine"" ( SA-14-303-A )","Wine","WCC","3","39","21","-","21","-","-","SA-14-303-A 1.0","Deluxe Wine :  7.1 %","4 w","4 w","—","SA-14-303-A :   No","Legacy","—","—","30.0 % Week  49 - 53","-","-","0","0","0","0","0","0","0","0","0","1","1","1","1","1","1","1","4","11","38","27","9","10","3","2","2","0","0","0","0","0","0","0","0","0","0","0","0","0","0","0","0","0","0","0","0","0","0","0","0","0","0","0","0","0","0","0","0","0","0","0","0"
"Madrigal Family Winery Zinfandel ( SA-14-304-A )","Wine","WCC","6","60","33","-","33","-","-","SA-14-304-A 1.0","Large Wine :  2.9 %","4 w","4 w","—","SA-14-304-A :   No","Legacy","—","—","30.0 % Week  49 - 53","-","-","0","1","1","1","1","1","1","1","2","1","1","1","1","1","2","1","10","18","41","32","10","10","5","3","2","0","0","0","0","0","0","0","0","0","0","0","0","0","0","0","0","0","0","0","0","0","0","0","0","0","0","0","0","0","0","0","0","0","0","0","0"
"Settesoli Nero d'Avola ( SA-14-305-A )","Wine","WCC","6","174","90","-","90","-","-","SA-14-305-A 1.0","Large Wine :  3.0 %","4 w","4 w","—","SA-14-305-A :   No","Legacy","—","—","30.0 % Week  49 - 53","-","-","0","1","1","1","1","1","1","1","2","1","1","1","1","2","2","2","10","19","44","34","10","11","5","3","3","0","0","0","0","0","0","0","0","0","0","0","0","0","0","0","0","0","0","0","0","0","0","0","0","0","0","0","0","0","0","0","0","0","0","0","0"
"Bouchard Chabilis ( SA-14-306-A )","Wine","WCC","6","10","8","-","8","-","-","SA-14-306-A 1.0","Large Wine :  3.0 %","4 w","4 w","—","SA-14-306-A :   No","Legacy","—","—","30.0 % Week  49 - 53","-","-","0","1","1","1","1","1","1","1","2","1","1","1","1","2","2","2","10","19","44","34","11","11","6","3","3","0","0","0","0","0","0","0","0","0","0","0","0","0","0","0","0","0","0","0","0","0","0","0","0","0","0","0","0","0","0","0","0","0","0","0","0"
"Villa a Sesta Chianti Classico Riserva ( SA-14-307-A )","Wine","WCC","2","2","2","-","2","-","-","SA-14-307-A 1.0","-","4 w","4 w","—","SA-14-307-A :   No","Legacy","—","—","30.0 % Week  49 - 53","-","-","0","0","0","0","0","0","0","0","0","0","0","0","0","0","0","0","0","0","0","0","0","0","0","0","0","0","0","0","0","0","0","0","0","0","0","0","0","0","0","0","0","0","0","0","0","0","0","0","0","0","0","0","0","0","0","0","0","0","0","0","0"
"Folk Machine White Light ( SA-14-308-A )","Wine","WCC","4","66","35","-","35","-","-","SA-14-308-A 1.0","Medium Wine :  0.8 %","4 w","4 w","—","SA-14-308-A :   No","Legacy","—","—","30.0 % Week  49 - 53","-","-","0","0","1","0","0","0","0","0","1","1","0","0","0","0","0","1","2","5","14","12","3","4","1","1","1","0","0","0","0","0","0","0","0","0","0","0","0","0","0","0","0","0","0","0","0","0","0","0","0","0","0","0","0","0","0","0","0","0","0","0","0"
"Aquinas Cabernet Sauvignon ( SA-14-309-A )","Wine","WCC","102","0","0","-","0","-","-","SA-14-309-A 1.0","-","4 w","4 w","—","SA-14-309-A :   No","Legacy","—","—","30.0 % Week  49 - 53","-","-","0","0","0","0","0","0","0","0","0","0","0","0","0","0","0","0","0","0","0","0","0","0","0","0","0","0","0","0","0","0","0","0","0","0","0","0","0","0","0","0","0","0","0","0","0","0","0","0","0","0","0","0","0","0","0","0","0","0","0","0","0"
"Wilson Foreigner Del Barba Zin 2017 ( SA-14-310-A )","Wine","WCC","4","0","0","-","0","-","-","SA-14-310-A 1.0","Medium Wine :  3.6 %","4 w","4 w","—","SA-14-310-A :   No","Legacy","—","—","30.0 % Week  49 - 53","-","-","18","1","2","1","2","1","1","1","4","2","2","2","2","2","2","2","10","23","59","50","13","16","6","5","4","0","0","0","0","0","0","0","0","0","0","0","0","0","0","0","0","0","0","0","0","0","0","0","0","0","0","0","0","0","0","0","0","0","0","0","0"
"Spy Valley E-Block Single Vineyard Sauv Blanc ( SA-14-311-A )","Wine","WCC","4","0","1","-","1","-","-","SA-14-311-A 1.0","Medium Wine :  5.1 %","4 w","4 w","—","SA-14-311-A :   No","Legacy","—","—","30.0 % Week  49 - 53","-","-","22","1","3","2","2","2","2","2","6","3","3","2","2","2","3","3","14","33","82","70","19","22","9","7","5","0","0","0","0","0","0","0","0","0","0","0","0","0","0","0","0","0","0","0","0","0","0","0","0","0","0","0","0","0","0","0","0","0","0","0","0"
"Capanna Rosso di Montalcino ( SA-14-312-A )","Wine","WCC","6","4","5","-","5","-","-","SA-14-312-A 1.0","Large Wine :  4.6 %","4 w","4 w","—","SA-14-312-A :   No","Legacy","—","—","30.0 % Week  49 - 53","-","-","8","1","1","1","1","1","2","2","3","2","1","2","2","2","3","2","16","29","67","52","16","17","8","5","4","0","0","0","0","0","0","0","0","0","0","0","0","0","0","0","0","0","0","0","0","0","0","0","0","0","0","0","0","0","0","0","0","0","0","0","0"
"Secatuers Chenin Blanc ( SA-14-313-A )","Wine","WCC","4","0","0","-","0","-","-","SA-14-313-A 1.0","-","4 w","4 w","—","SA-14-313-A :   No","Legacy","—","—","30.0 % Week  49 - 53","-","-","0","0","0","0","0","0","0","0","0","0","0","0","0","0","0","0","0","0","0","0","0","0","0","0","0","0","0","0","0","0","0","0","0","0","0","0","0","0","0","0","0","0","0","0","0","0","0","0","0","0","0","0","0","0","0","0","0","0","0","0","0"
"Bindi Sergardi ""La Ghirlanda"" Chianti Classico ( SA-14-314-A )","Wine","WCC","2","0","0","-","0","-","-","SA-14-314-A 1.0","Large Wine :  4.1 %","4 w","4 w","—","SA-14-314-A :   No","Legacy","—","—","30.0 % Week  49 - 53","-","-","12","1","1","1","1","1","1","1","3","2","1","1","1","2","3","2","14","25","60","46","14","15","8","4","4","0","0","0","0","0","0","0","0","0","0","0","0","0","0","0","0","0","0","0","0","0","0","0","0","0","0","0","0","0","0","0","0","0","0","0","0"
"Auctioneer Cabernet Sauvignon ( SA-14-315-A )","Wine","WCC","3","0","0","-","0","-","-","SA-14-315-A 1.0","Large Wine :  10.6 %","4 w","4 w","—","SA-14-315-A :   No","Legacy","—","—","30.0 % Week  49 - 53","-","-","30","2","2","3","2","2","3","4","7","5","3","4","4","6","7","5","36","66","154","119","37","38","19","11","9","0","0","0","0","0","0","0","0","0","0","0","0","0","0","0","0","0","0","0","0","0","0","0","0","0","0","0","0","0","0","0","0","0","0","0","0"
"Domaine la Garenne Pouilly Fuisse ( SA-14-316-A )","Wine","WCC","3","225","114","-","114","-","-","SA-14-316-A 1.0","X-Large Wine :  4.4 %","4 w","4 w","—","SA-14-316-A :   No","Legacy","—","—","30.0 % Week  49 - 53","-","-","0","0","1","0","0","0","1","1","1","1","1","1","1","1","1","1","7","14","33","22","7","8","3","2","2","0","0","0","0","0","0","0","0","0","0","0","0","0","0","0","0","0","0","0","0","0","0","0","0","0","0","0","0","0","0","0","0","0","0","0","0"
"Bindi Sergardi ’19 Simbiosi Super Tuscan ( SA-14-317-A )","Wine","WCC","4","72","38","-","38","-","-","SA-14-317-A 1.0","X-Large Wine :  8.9 %","4 w","4 w","—","SA-14-317-A :   No","Legacy","—","—","30.0 % Week  49 - 53","-","-","0","1","1","1","1","1","1","2","2","2","1","1","1","2","3","2","14","28","68","46","15","16","6","4","3","0","0","0","0","0","0","0","0","0","0","0","0","0","0","0","0","0","0","0","0","0","0","0","0","0","0","0","0","0","0","0","0","0","0","0","0"
"Le Ferme Du Mont ""Jugunda” Gigondas ( SA-14-318-A )","Wine","WCC","3","179","91","-","91","-","-","SA-14-318-A 1.0","X-Large Wine :  4.6 %","4 w","4 w","—","SA-14-318-A :   No","Legacy","—","—","30.0 % Week  49 - 53","-","-","0","0","1","0","1","1","1","1","1","1","1","1","1","1","1","1","7","14","35","23","7","8","3","2","2","0","0","0","0","0","0","0","0","0","0","0","0","0","0","0","0","0","0","0","0","0","0","0","0","0","0","0","0","0","0","0","0","0","0","0","0"
"Cappana Brunello di Montalcino ( SA-14-319-A )","Wine","WCC","3","0","0","-","0","-","-","SA-14-319-A 1.0","Deluxe Wine :  11.0 %","4 w","4 w","—","SA-14-319-A :   No","Legacy","—","—","30.0 % Week  49 - 53","-","-","8","1","0","0","0","1","0","1","1","2","1","1","1","1","1","1","7","16","58","42","14","16","5","3","3","0","0","0","0","0","0","0","0","0","0","0","0","0","0","0","0","0","0","0","0","0","0","0","0","0","0","0","0","0","0","0","0","0","0","0","0"
"Bindi Sergardi Mocenni 89 ( SA-14-320-A )","Wine","WCC","1","27","14","-","14","-","-","SA-14-320-A 1.0","Deluxe Wine :  7.1 %","4 w","4 w","—","SA-14-320-A :   No","Legacy","—","—","30.0 % Week  49 - 53","-","-","0","0","0","0","0","0","0","0","0","1","1","1","1","1","1","1","4","11","38","27","9","10","3","2","2","0","0","0","0","0","0","0","0","0","0","0","0","0","0","0","0","0","0","0","0","0","0","0","0","0","0","0","0","0","0","0","0","0","0","0","0"
"Chateau de Chamirey La Mission 1er Cru Blanc ( SA-14-321-A )","Wine","WCC","3","143","73","-","73","-","-","SA-14-321-A 1.0","Deluxe Wine :  3.8 %","4 w","4 w","—","SA-14-321-A :   No","Legacy","—","—","30.0 % Week  49 - 53","-","-","0","0","0","0","0","0","0","0","0","1","0","0","0","0","0","0","2","6","20","15","5","6","2","1","1","0","0","0","0","0","0","0","0","0","0","0","0","0","0","0","0","0","0","0","0","0","0","0","0","0","0","0","0","0","0","0","0","0","0","0","0"
"Pierre Mayeul 2017 Nuits St George ( SA-14-322-A )","Wine","WCC","2","146","74","-","74","-","-","SA-14-322-A 1.0","Grand Wine :  5.4 %","4 w","4 w","—","SA-14-322-A :   No","Legacy","—","—","30.0 % Week  49 - 53","-","-","0","0","0","0","0","0","0","0","0","1","0","0","1","1","0","1","2","4","15","15","4","5","2","1","1","0","0","0","0","0","0","0","0","0","0","0","0","0","0","0","0","0","0","0","0","0","0","0","0","0","0","0","0","0","0","0","0","0","0","0","0"
"Pierre Mayeul Chassagne Montrachet ( SA-14-323-A )","Wine","WCC","2","134","68","-","68","-","-","SA-14-323-A 1.0","Grand Wine :  5.9 %","4 w","4 w","—","SA-14-323-A :   No","Legacy","—","—","30.0 % Week  49 - 53","-","-","0","0","0","0","0","0","0","0","0","1","0","0","1","1","1","1","2","4","17","17","4","5","2","1","1","0","0","0","0","0","0","0","0","0","0","0","0","0","0","0","0","0","0","0","0","0","0","0","0","0","0","0","0","0","0","0","0","0","0","0","0"
"Badenhorst Family White Blend ( SA-14-324-A )","Wine","WCC","4","0","2","-","2","-","-","SA-14-324-A 1.0","Medium Wine :  1.8 %","4 w","4 w","—","SA-14-324-A :   No","Legacy","—","—","30.0 % Week  49 - 53","-","-","7","0","1","1","1","1","1","1","2","1","1","1","1","1","1","1","5","11","29","24","7","8","3","2","2","0","0","0","0","0","0","0","0","0","0","0","0","0","0","0","0","0","0","0","0","0","0","0","0","0","0","0","0","0","0","0","0","0","0","0","0"
"No Love Lost Merlot ( SA-14-325-A )","Wine","WCC","4","176","90","-","90","-","-","SA-14-325-A 1.0","X-Large Wine :  2.5 %","4 w","4 w","—","SA-14-325-A :   No","Legacy","—","—","30.0 % Week  49 - 53","-","-","0","0","0","0","0","0","0","1","1","1","0","0","0","1","1","1","4","8","19","13","4","5","2","1","1","0","0","0","0","0","0","0","0","0","0","0","0","0","0","0","0","0","0","0","0","0","0","0","0","0","0","0","0","0","0","0","0","0","0","0","0"
"Booker Perl Red Blend Paso Robles ( SA-14-326-A )","Wine","WCC","4","0","0","-","0","-","-","SA-14-326-A 1.0","-","4 w","4 w","—","SA-14-326-A :   No","Legacy","—","—","30.0 % Week  49 - 53","-","-","0","0","0","0","0","0","0","0","0","0","0","0","0","0","0","0","0","0","0","0","0","0","0","0","0","0","0","0","0","0","0","0","0","0","0","0","0","0","0","0","0","0","0","0","0","0","0","0","0","0","0","0","0","0","0","0","0","0","0","0","0"
"Domaine des Perdrix Bourgogne Hautes Côtes de Nuits Blanc ( SA-14-327-A )","Wine","WCC","4","0","0","-","0","-","-","SA-14-327-A 1.0","-","4 w","4 w","—","SA-14-327-A :   No","Legacy","—","—","30.0 % Week  49 - 53","-","-","0","0","0","0","0","0","0","0","0","0","0","0","0","0","0","0","0","0","0","0","0","0","0","0","0","0","0","0","0","0","0","0","0","0","0","0","0","0","0","0","0","0","0","0","0","0","0","0","0","0","0","0","0","0","0","0","0","0","0","0","0"
"Jolie-Laide Syrah ( SA-14-328-A )","Wine","WCC","4","140","72","-","72","-","-","SA-14-328-A 1.0","X-Large Wine :  4.6 %","4 w","4 w","—","SA-14-328-A :   No","Legacy","—","—","30.0 % Week  49 - 53","-","-","0","0","1","0","1","1","1","1","1","1","1","1","1","1","1","1","7","15","35","24","8","8","3","2","2","0","0","0","0","0","0","0","0","0","0","0","0","0","0","0","0","0","0","0","0","0","0","0","0","0","0","0","0","0","0","0","0","0","0","0","0"
"Jacopo Biondi Santi di Montalcino Sassoalloro Toscana Rosso ( SA-14-329-A )","Wine","WCC","4","142","73","-","73","-","-","SA-14-329-A 1.0","X-Large Wine :  5.3 %","4 w","4 w","—","SA-14-329-A :   No","Legacy","—","—","30.0 % Week  49 - 53","-","-","0","1","1","1","1","1","1","1","1","1","1","1","1","1","2","1","8","17","41","27","9","10","4","3","2","0","0","0","0","0","0","0","0","0","0","0","0","0","0","0","0","0","0","0","0","0","0","0","0","0","0","0","0","0","0","0","0","0","0","0","0"
"Georges Vernay Saint-Joseph Terres d’Encre ( SA-14-330-A )","Wine","WCC","4","132","68","-","68","-","-","SA-14-330-A 1.0","Deluxe Wine :  6.3 %","4 w","4 w","—","SA-14-330-A :   No","Legacy","—","—","30.0 % Week  49 - 53","-","-","0","0","0","0","0","0","0","0","0","1","1","1","1","1","1","1","4","9","34","24","8","9","3","2","1","0","0","0","0","0","0","0","0","0","0","0","0","0","0","0","0","0","0","0","0","0","0","0","0","0","0","0","0","0","0","0","0","0","0","0","0"
"Ehlers Napa Valley Cabernet ( SA-14-331-A )","Wine","WCC","2","76","39","-","39","-","-","SA-14-331-A 1.0","Deluxe Wine :  13.9 %","4 w","4 w","—","SA-14-331-A :   No","Legacy","—","—","30.0 % Week  49 - 53","-","-","0","1","1","1","1","1","1","1","1","2","1","2","1","1","2","2","9","20","74","53","18","20","7","4","3","0","0","0","0","0","0","0","0","0","0","0","0","0","0","0","0","0","0","0","0","0","0","0","0","0","0","0","0","0","0","0","0","0","0","0","0"
"BACA Cat's Cradle, Rockpile District Zinfandel ( SA-14-332-A )","Wine","WCC","4","26","15","-","15","-","-","SA-14-332-A 1.0","X-Large Wine :  3.6 %","4 w","4 w","—","SA-14-332-A :   No","Legacy","—","—","30.0 % Week  49 - 53","-","-","0","0","0","0","0","0","1","1","1","1","0","1","0","1","1","1","6","11","27","18","6","7","3","2","1","0","0","0","0","0","0","0","0","0","0","0","0","0","0","0","0","0","0","0","0","0","0","0","0","0","0","0","0","0","0","0","0","0","0","0","0"
"Martellotto ""La Bomba""Cabernet Sauvignon Happy Canyon ( SA-14-333-A )","Wine","WCC","2","6","4","-","4","-","-","SA-14-333-A 1.0","X-Large Wine :  5.3 %","4 w","4 w","—","SA-14-333-A :   No","Legacy","—","—","30.0 % Week  49 - 53","-","-","0","1","1","1","1","1","1","1","1","1","1","1","1","1","2","1","8","17","40","27","9","10","4","3","2","0","0","0","0","0","0","0","0","0","0","0","0","0","0","0","0","0","0","0","0","0","0","0","0","0","0","0","0","0","0","0","0","0","0","0","0"
"Cliff Lede Chardonnay ( SA-14-334-A )","Wine","WCC","4","0","0","-","0","-","-","SA-14-334-A 1.0","X-Large Wine :  5.9 %","4 w","4 w","—","SA-14-334-A :   No","Legacy","—","—","30.0 % Week  49 - 53","-","-","11","1","1","1","1","1","1","2","1","1","1","1","1","1","2","1","9","19","45","30","10","11","4","3","2","0","0","0","0","0","0","0","0","0","0","0","0","0","0","0","0","0","0","0","0","0","0","0","0","0","0","0","0","0","0","0","0","0","0","0","0"
"Folk Machine Grenache ( SA-14-335-A )","Wine","WCC","16","66","41","-","41","-","-","SA-14-335-A 1.0","Medium Wine :  3.9 %","4 w","4 w","—","SA-14-335-A :   No","Legacy","—","—","30.0 % Week  49 - 53","-","-","0","1","2","1","2","1","1","1","5","3","2","2","2","2","2","2","11","25","63","53","14","17","7","5","4","0","0","0","0","0","0","0","0","0","0","0","0","0","0","0","0","0","0","0","0","0","0","0","0","0","0","0","0","0","0","0","0","0","0","0","0"
"LVE French Sparkling Rose ( SA-14-336-A )","Wine","WCC","4","130","67","-","67","-","-","SA-14-336-A 1.0","Medium Wine :  9.8 %","4 w","4 w","—","SA-14-336-A :   No","Seasonal","—","—","30.0 % Week  49 - 53","-","-","0","3","6","3","4","4","3","4","11","6","5","4","4","5","5","6","27","63","159","135","36","43","17","13","10","0","0","0","0","0","0","0","0","0","0","0","0","0","0","0","0","0","0","0","0","0","0","0","0","0","0","0","0","0","0","0","0","0","0","0","0"
"Domaine de la Damase Piquepoul ( SA-14-340-A )","Wine","WCC","2","94","48","-","48","-","-","SA-14-340-A 1.0","Medium Wine :  5.5 %","4 w","4 w","—","SA-14-340-A :   No","Legacy","—","—","30.0 % Week  49 - 53","-","-","0","1","3","2","2","2","2","2","6","4","3","3","2","3","3","3","15","35","89","76","20","24","10","7","6","0","0","0","0","0","0","0","0","0","0","0","0","0","0","0","0","0","0","0","0","0","0","0","0","0","0","0","0","0","0","0","0","0","0","0","0"