"Name (SKU)","Supplier","Location","Drop Level","Total Inventory","Packed Inventory","Prelisted","Bulk Inventory","Ordered Inventory","Last Orders","SA BOMs","Popularity","Lead Time","Weeks On Hand","Case Qty","Discontinued","Core Status","Purchase Coverage Goal","Packed Coverage Goal","Buffer Settings","Carton/Sticker","Carton/Sticker Inventory","Recommended","W34 (8/16)","W35 (8/23)","W36 (8/30)","W37 (9/6)","W38 (9/13)","W39 (9/20)","W40 (9/27)","W41 (10/4)","W42 (10/11)","W43 (10/18)","W44 (10/25)","W45 (11/1)","W46 (11/8)","W47 (11/15)","W48 (11/22)","W49 (11/29)","W50 (12/6)","W51 (12/13)","W52 (12/20)","W1 (12/27)","W2 (1/3)","W3 (1/10)","W4 (1/17)","W5 (1/24)","W6 (1/31)","W7 (2/7)","W8 (2/14)","W9 (2/21)","W10 (2/28)","W11 (3/7)","W12 (3/14)","W13 (3/21)","W14 (3/28)","W15 (4/4)","W16 (4/11)","W17 (4/18)","W18 (4/25)","W19 (5/2)","W20 (5/9)","W21 (5/16)","W22 (5/23)","W23 (5/30)","W24 (6/6)","W25 (6/13)","W26 (6/20)","W27 (6/27)","W28 (7/4)","W29 (7/11)","W30 (7/18)","W31 (7/25)","W32 (8/1)","W33 (8/8)","W34 (8/15)","W35 (8/22)","W36 (8/29)","W37 (9/5)","W38 (9/12)","W39 (9/19)","W40 (9/26)","W41 (10/3)"
"Gummi Sharks Blue Bulk ( RM-01-017-A )","Albanese","Englewood","0 lb","385 lb","0","-","105 lb","280 lb","P02116 7/12/26","SA-01-017-A 3.8","Candy & Snacks :  1.9 %","5 w","8 w","—","SA-01-017-A :   No","Legacy","—","—","50.0 % Week  49 - 53","L-A01-REG-22-017-XXX","533","208 lbs","26 lb","40 lb","32 lb","35 lb","34 lb","39 lb","47 lb","83 lb","62 lb","47 lb","53 lb","44 lb","50 lb","76 lb","61 lb","227 lb","448 lb","646 lb","442 lb","117 lb","140 lb","67 lb","49 lb","33 lb","0","0","0","0","0","0","0","0","0","0","0","0","0","0","0","0","0","0","0","0","0","0","0","0","0","0","0","0","0","0","0","0","0","0","0","0"
"Mini Gummy Butterflies Bulk ( RM-01-026-A )","Albanese","Englewood","0 lb","286 lb","0","-","186 lb","100 lb","P02116 7/12/26","SA-01-026-A 2.8","Candy & Snacks :  1.3 %","5 w","8 w","—","SA-01-026-A :   No","Legacy","—","—","50.0 % Week  49 - 53","L-A01-REG-22-026-XXX","960","259 lbs","24 lb","37 lb","30 lb","32 lb","31 lb","36 lb","43 lb","76 lb","57 lb","43 lb","49 lb","41 lb","46 lb","70 lb","56 lb","208 lb","412 lb","593 lb","406 lb","107 lb","128 lb","61 lb","45 lb","30 lb","0","0","0","0","0","0","0","0","0","0","0","0","0","0","0","0","0","0","0","0","0","0","0","0","0","0","0","0","0","0","0","0","0","0","0","0"
"Sour Gummy Worms Bulk ( RM-01-067-A )","Albanese","Englewood","0 lb","561 lb","0","-","201 lb","360 lb","P02116 7/12/26","SA-01-067-A 3.2","Candy & Snacks :  2.2 %","5 w","8 w","—","SA-01-067-A :   No","Legacy","—","—","50.0 % Week  49 - 53","L-A01-REG-22-067-XXX","1,594","257 lbs","36 lb","56 lb","45 lb","48 lb","47 lb","53 lb","65 lb","115 lb","86 lb","64 lb","73 lb","61 lb","69 lb","105 lb","84 lb","313 lb","617 lb","890 lb","609 lb","161 lb","193 lb","92 lb","67 lb","45 lb","0","0","0","0","0","0","0","0","0","0","0","0","0","0","0","0","0","0","0","0","0","0","0","0","0","0","0","0","0","0","0","0","0","0","0","0"
"Gummy Worms Bulk ( RM-01-069-A )","Albanese","Englewood","0 lb","178 lb","0","-","98 lb","80 lb","P02116 7/12/26","SA-01-069-A 2.2","Candy & Snacks :  1.2 %","5 w","8 w","—","SA-01-069-A :   No","Legacy","—","—","50.0 % Week  49 - 53","L-A01-REG-22-069-XXX","747","465 lbs","28 lb","44 lb","35 lb","38 lb","37 lb","42 lb","51 lb","90 lb","67 lb","51 lb","57 lb","48 lb","55 lb","82 lb","66 lb","246 lb","485 lb","700 lb","479 lb","126 lb","151 lb","73 lb","53 lb","36 lb","0","0","0","0","0","0","0","0","0","0","0","0","0","0","0","0","0","0","0","0","0","0","0","0","0","0","0","0","0","0","0","0","0","0","0","0"
"Peach Rings Bulk ( RM-01-058-A )","Albanese · then  Redstone","Englewood","0 lb","565 lb","0","-","45 lb","520 lb","P02116 7/12/26","SA-01-058-A 2.8","Candy & Snacks :  2.5 %","5 w","8 w","—","SA-01-058-A :   No","Legacy","—","—","50.0 % Week  49 - 53","L-A01-REG-22-058-XXX","1,630","525 lbs","48 lb","74 lb","59 lb","64 lb","62 lb","71 lb","87 lb","153 lb","114 lb","86 lb","97 lb","81 lb","93 lb","140 lb","112 lb","417 lb","823 lb","1187 lb","812 lb","214 lb","257 lb","123 lb","90 lb","60 lb","0","0","0","0","0","0","0","0","0","0","0","0","0","0","0","0","0","0","0","0","0","0","0","0","0","0","0","0","0","0","0","0","0","0","0","0"
"Mini Gummy Bear Cubs Bulk ( RM-01-074-A )","Albanese · then  Redstone · Jerry's","Englewood","0 lb","421 lb","0","-","301 lb","120 lb","P02116 7/12/26","SA-01-074-A 2.9","Candy & Snacks :  1.7 %","5 w","8 w","—","SA-01-074-A :   No","Legacy","—","—","50.0 % Week  49 - 53","L-A01-REG-22-074-XXX","2,640","305 lbs","32 lb","50 lb","40 lb","43 lb","41 lb","47 lb","58 lb","102 lb","76 lb","57 lb","65 lb","54 lb","62 lb","93 lb","74 lb","278 lb","549 lb","791 lb","541 lb","143 lb","171 lb","82 lb","60 lb","40 lb","0","0","0","0","0","0","0","0","0","0","0","0","0","0","0","0","0","0","0","0","0","0","0","0","0","0","0","0","0","0","0","0","0","0","0","0"
"Rainbow Bears Bulk ( RM-01-101-A )","Albanese · then  Redstone · Jerry's","Englewood","0 lb","292 lb","0","-","-28 lb","320 lb","P02116 7/12/26","SA-01-101-A 2.6","Candy & Snacks :  1.3 %","5 w","8 w","—","SA-01-101-A :   No","Legacy","—","—","50.0 % Week  49 - 53","L-A01-REG-22-101-XXX","1,062","308 lbs","27 lb","41 lb","33 lb","35 lb","34 lb","39 lb","48 lb","84 lb","63 lb","47 lb","54 lb","45 lb","51 lb","77 lb","61 lb","230 lb","453 lb","653 lb","447 lb","118 lb","141 lb","68 lb","49 lb","33 lb","0","0","0","0","0","0","0","0","0","0","0","0","0","0","0","0","0","0","0","0","0","0","0","0","0","0","0","0","0","0","0","0","0","0","0","0"
"Starbursts Bulk ( RM-01-016-A )","Blair Candy · then  Redstone","Englewood","0 lb","120 lb","0","-","-80 lb","200 lb","P02137 7/27/26","SA-01-016-A 3.0","Candy & Snacks :  1.6 %","4 w","4 w","—","SA-01-016-A :   No","Legacy","—","—","50.0 % Week  49 - 53","L-A01-REG-22-016-XXX","305","242 lbs","28 lb","43 lb","35 lb","38 lb","36 lb","42 lb","51 lb","89 lb","67 lb","50 lb","57 lb","47 lb","54 lb","82 lb","65 lb","244 lb","481 lb","693 lb","474 lb","125 lb","150 lb","72 lb","52 lb","35 lb","0","0","0","0","0","0","0","0","0","0","0","0","0","0","0","0","0","0","0","0","0","0","0","0","0","0","0","0","0","0","0","0","0","0","0","0"
"Sour Patch Kids Bulk ( RM-01-057-A )","Blair Candy · then  Redstone","Englewood","0 lb","76 lb","0","-","-24 lb","100 lb","P02137 7/27/26","SA-01-057-A 2.9","Candy & Snacks :  2.0 %","4 w","4 w","—","SA-01-057-A :   No","Legacy","—","—","50.0 % Week  49 - 53","L-A01-REG-22-057-XXX","2,228","396 lbs","37 lb","57 lb","45 lb","49 lb","47 lb","54 lb","66 lb","116 lb","87 lb","65 lb","74 lb","62 lb","71 lb","106 lb","85 lb","318 lb","627 lb","904 lb","619 lb","163 lb","196 lb","94 lb","68 lb","46 lb","0","0","0","0","0","0","0","0","0","0","0","0","0","0","0","0","0","0","0","0","0","0","0","0","0","0","0","0","0","0","0","0","0","0","0","0"
"Reeses Pieces Bulk ( RM-01-062-A )","Blair Candy · then  Redstone","Englewood","0 lb","359 lb","0","-","209 lb","150 lb","P02137 7/27/26","SA-01-062-A 2.6","Candy & Snacks :  2.6 %","4 w","4 w","—","SA-01-062-A :   No","Legacy","—","—","50.0 % Week  49 - 53","L-A01-REG-22-062-XXX","1,302","322 lbs","53 lb","82 lb","65 lb","71 lb","68 lb","78 lb","95 lb","168 lb","126 lb","94 lb","107 lb","89 lb","102 lb","154 lb","123 lb","459 lb","906 lb","1307 lb","894 lb","236 lb","283 lb","135 lb","99 lb","66 lb","0","0","0","0","0","0","0","0","0","0","0","0","0","0","0","0","0","0","0","0","0","0","0","0","0","0","0","0","0","0","0","0","0","0","0","0"
"Sour Patch Watermelons Bulk ( RM-01-063-A )","Blair Candy · then  Redstone","Englewood","0 lb","301 lb","0","-","151 lb","150 lb","P02137 7/27/26","SA-01-063-A 3.4","Candy & Snacks :  3.1 %","4 w","4 w","—","SA-01-063-A :   No","Legacy","—","—","50.0 % Week  49 - 53","L-A01-REG-22-063-XXX","3,392","315 lbs","48 lb","74 lb","59 lb","64 lb","62 lb","71 lb","86 lb","152 lb","114 lb","85 lb","97 lb","81 lb","92 lb","139 lb","111 lb","414 lb","818 lb","1180 lb","807 lb","213 lb","255 lb","122 lb","89 lb","60 lb","0","0","0","0","0","0","0","0","0","0","0","0","0","0","0","0","0","0","0","0","0","0","0","0","0","0","0","0","0","0","0","0","0","0","0","0"
"Swedish Fish Bulk ( RM-01-064-A )","Blair Candy · then  Redstone","Englewood","0 lb","255 lb","0","-","155 lb","100 lb","P02137 7/27/26","FG-48-009-A 2.0 SA-01-064-A 2.6 SA-39-074-A 2.0","Candy & Snacks :  2.2 %","4 w","4 w","—","4  Active","Legacy","—","—","50.0 % Week  49 - 53","L-A01-REG-22-064-XXX","1,463","335 lbs","46 lb","71 lb","57 lb","61 lb","59 lb","68 lb","82 lb","146 lb","109 lb","82 lb","93 lb","77 lb","88 lb","133 lb","106 lb","397 lb","784 lb","1130 lb","774 lb","204 lb","245 lb","117 lb","85 lb","57 lb","0","0","0","0","0","0","0","0","0","0","0","0","0","0","0","0","0","0","0","0","0","0","0","0","0","0","0","0","0","0","0","0","0","0","0","0"
"Mini Mnms Bulk ( RM-01-066-A )","Blair Candy · then  Redstone","Englewood","0 lb","328 lb","0","-","278 lb","50 lb","P02137 7/27/26","SA-01-066-A 2.4","Candy & Snacks :  1.7 %","4 w","4 w","—","SA-01-066-A :   No","Legacy","—","—","50.0 % Week  49 - 53","L-A01-REG-22-066-XXX","1,065","167 lbs","39 lb","59 lb","47 lb","51 lb","50 lb","57 lb","69 lb","122 lb","91 lb","68 lb","78 lb","65 lb","74 lb","112 lb","89 lb","333 lb","658 lb","949 lb","650 lb","171 lb","205 lb","98 lb","72 lb","48 lb","0","0","0","0","0","0","0","0","0","0","0","0","0","0","0","0","0","0","0","0","0","0","0","0","0","0","0","0","0","0","0","0","0","0","0","0"
"Atkinson Rainbow Twist Bulk ( RM-01-006-A )","Jack's","—","0 lb","13 lb","13","-","0 lb","-","-","SA-01-006-A 5.3","-","4 w","4 w","—","SA-01-006-A :   No","Legacy","—","—","50.0 % Week  49 - 53","L-A01-REG-22-006-XXX","1,360","0","0","0","0","0","0","0","0","0","0","0","0","0","0","0","0","0","0","0","0","0","0","0","0","0","0","0","0","0","0","0","0","0","0","0","0","0","0","0","0","0","0","0","0","0","0","0","0","0","0","0","0","0","0","0","0","0","0","0","0","0"
"Candy Blocks Bulk ( RM-01-019-A )","Jack's","—","0 lb","0 lb","0","-","0 lb","-","-","SA-01-019-A 3.3","-","4 w","4 w","—","SA-01-019-A :   Yes","Legacy","—","—","50.0 % Week  49 - 53","L-A01-REG-22-019-XXX","2,494","0","0","0","0","0","0","0","0","0","0","0","0","0","0","0","0","0","0","0","0","0","0","0","0","0","0","0","0","0","0","0","0","0","0","0","0","0","0","0","0","0","0","0","0","0","0","0","0","0","0","0","0","0","0","0","0","0","0","0","0","0"
"Chamoy Mango Gummies Bulk ( RM-01-041-A )","Jack's","—","0 lb","0 lb","0","-","-26 lb","-","-","SA-01-041-A 2.9","-","4 w","4 w","—","SA-01-041-A :   Yes","Legacy","—","—","50.0 % Week  49 - 53","L-A01-REG-22-041-XXX","805","0","0","0","0","0","0","0","0","0","0","0","0","0","0","0","0","0","0","0","0","0","0","0","0","0","0","0","0","0","0","0","0","0","0","0","0","0","0","0","0","0","0","0","0","0","0","0","0","0","0","0","0","0","0","0","0","0","0","0","0","0"
"Chamoy Gummy Bears Bulk ( RM-01-043-A )","Jack's","—","0 lb","0 lb","0","-","-9 lb","-","-","SA-01-043-A 3.0","-","4 w","4 w","—","SA-01-043-A :   Yes","Legacy","—","—","50.0 % Week  49 - 53","L-A01-REG-22-043-XXX","361","0","0","0","0","0","0","0","0","0","0","0","0","0","0","0","0","0","0","0","0","0","0","0","0","0","0","0","0","0","0","0","0","0","0","0","0","0","0","0","0","0","0","0","0","0","0","0","0","0","0","0","0","0","0","0","0","0","0","0","0","0"
"Vero Rellerindos Bulk ( RM-01-049-A )","Jack's","—","0 lb","0 lb","31","-","-45 lb","-","-","SA-01-049-A 4.3","-","4 w","4 w","—","SA-01-049-A :   Yes","Legacy","—","—","50.0 % Week  49 - 53","L-A01-REG-22-049-XXX","-","0","0","0","0","0","0","0","0","0","0","0","0","0","0","0","0","0","0","0","0","0","0","0","0","0","0","0","0","0","0","0","0","0","0","0","0","0","0","0","0","0","0","0","0","0","0","0","0","0","0","0","0","0","0","0","0","0","0","0","0","0"
"Jelly Belly Bubble Gum Bulk ( RM-01-001-A )","Redstone","—","0 lb","1 lb","0","-","0 lb","1 lb","P02149 8/9/26","SA-01-001-A 2.3","-","5 w","4 w","—","SA-01-001-A :   Yes","Legacy","—","—","50.0 % Week  49 - 53","L-A01-REG-22-001-XXX","-","0","0","0","0","0","0","0","0","0","0","0","0","0","0","0","0","0","0","0","0","0","0","0","0","0","0","0","0","0","0","0","0","0","0","0","0","0","0","0","0","0","0","0","0","0","0","0","0","0","0","0","0","0","0","0","0","0","0","0","0","0"
"Jelly Belly Black Licorice Bulk ( RM-01-002-A )","Redstone","—","0 lb","0 lb","0","-","0 lb","-","-","SA-01-002-A 2.2","-","5 w","4 w","—","SA-01-002-A :   Yes","Legacy","—","—","50.0 % Week  49 - 53","L-A01-REG-22-002-XXX","775","0","0","0","0","0","0","0","0","0","0","0","0","0","0","0","0","0","0","0","0","0","0","0","0","0","0","0","0","0","0","0","0","0","0","0","0","0","0","0","0","0","0","0","0","0","0","0","0","0","0","0","0","0","0","0","0","0","0","0","0","0"
"Jelly Belly Coconut Bulk ( RM-01-003-A )","Redstone","—","0 lb","0 lb","0","-","-52 lb","-","-","SA-01-003-A 2.3","-","5 w","4 w","—","SA-01-003-A :   Yes","Legacy","—","—","50.0 % Week  49 - 53","L-A01-REG-22-003-XXX","-","0","0","0","0","0","0","0","0","0","0","0","0","0","0","0","0","0","0","0","0","0","0","0","0","0","0","0","0","0","0","0","0","0","0","0","0","0","0","0","0","0","0","0","0","0","0","0","0","0","0","0","0","0","0","0","0","0","0","0","0","0"
"Jelly Belly Sour Cherry Bulk ( RM-01-004-A )","Redstone","—","0 lb","0 lb","0","-","0 lb","-","-","SA-01-004-A 2.3","-","5 w","4 w","—","SA-01-004-A :   Yes","Legacy","—","—","50.0 % Week  49 - 53","L-A01-REG-22-004-XXX","489","0","0","0","0","0","0","0","0","0","0","0","0","0","0","0","0","0","0","0","0","0","0","0","0","0","0","0","0","0","0","0","0","0","0","0","0","0","0","0","0","0","0","0","0","0","0","0","0","0","0","0","0","0","0","0","0","0","0","0","0","0"
"Jelly Belly Birthday Cake Bulk ( RM-01-005-A )","Redstone","—","0 lb","0 lb","0","-","0 lb","-","-","SA-01-005-A 2.3","-","5 w","4 w","—","SA-01-005-A :   Yes","Legacy","—","—","50.0 % Week  49 - 53","L-A01-REG-22-005-XXX","143","0","0","0","0","0","0","0","0","0","0","0","0","0","0","0","0","0","0","0","0","0","0","0","0","0","0","0","0","0","0","0","0","0","0","0","0","0","0","0","0","0","0","0","0","0","0","0","0","0","0","0","0","0","0","0","0","0","0","0","0","0"
"Jelly Belly Berry Blue Bulk ( RM-01-007-A )","Redstone","—","0 lb","0 lb","0","-","0 lb","-","-","SA-01-007-A 2.3","-","5 w","4 w","—","SA-01-007-A :   Yes","Legacy","—","—","50.0 % Week  49 - 53","L-A01-REG-22-007-XXX","390","0","0","0","0","0","0","0","0","0","0","0","0","0","0","0","0","0","0","0","0","0","0","0","0","0","0","0","0","0","0","0","0","0","0","0","0","0","0","0","0","0","0","0","0","0","0","0","0","0","0","0","0","0","0","0","0","0","0","0","0","0"
"Sour Rainbow Sticks Bulk ( RM-01-008-A )","Redstone","Englewood","0 lb","232 lb","0","-","78 lb","154 lb","P02124 7/21/26","SA-01-008-A 3.3","Candy & Snacks :  2.1 %","5 w","4 w","—","SA-01-008-A :   No","Legacy","—","—","50.0 % Week  49 - 53","L-A01-REG-22-008-XXX","720","285 lbs","34 lb","52 lb","42 lb","45 lb","44 lb","50 lb","61 lb","108 lb","81 lb","60 lb","69 lb","57 lb","65 lb","99 lb","79 lb","294 lb","581 lb","838 lb","573 lb","151 lb","181 lb","87 lb","63 lb","42 lb","0","0","0","0","0","0","0","0","0","0","0","0","0","0","0","0","0","0","0","0","0","0","0","0","0","0","0","0","0","0","0","0","0","0","0","0"
"Jelly Belly Green Apple Bulk ( RM-01-009-A )","Redstone","—","0 lb","0 lb","0","-","0 lb","-","-","SA-01-009-A 2.3","-","5 w","4 w","—","SA-01-009-A :   Yes","Legacy","—","—","50.0 % Week  49 - 53","L-A01-REG-22-009-XXX","168","0","0","0","0","0","0","0","0","0","0","0","0","0","0","0","0","0","0","0","0","0","0","0","0","0","0","0","0","0","0","0","0","0","0","0","0","0","0","0","0","0","0","0","0","0","0","0","0","0","0","0","0","0","0","0","0","0","0","0","0","0"
"Holland Mints Bulk ( RM-01-010-A )","Redstone","—","0 lb","0 lb","0","-","0 lb","-","-","SA-01-010-A 2.9","-","5 w","4 w","—","SA-01-010-A :   Yes","Legacy","—","—","50.0 % Week  49 - 53","L-A01-REG-22-010-XXX","501","0","0","0","0","0","0","0","0","0","0","0","0","0","0","0","0","0","0","0","0","0","0","0","0","0","0","0","0","0","0","0","0","0","0","0","0","0","0","0","0","0","0","0","0","0","0","0","0","0","0","0","0","0","0","0","0","0","0","0","0","0"
"Hot Tamales Bulk ( RM-01-018-A )","Redstone","Englewood","0 lb","100 lb","0","-","10 lb","90 lb","P02124 7/21/26","SA-01-018-A 2.3","Candy & Snacks :  1.1 %","5 w","4 w","—","SA-01-018-A :   No","Legacy","—","—","50.0 % Week  49 - 53","L-A01-REG-22-018-XXX","283","285 lbs","25 lb","39 lb","31 lb","34 lb","33 lb","37 lb","45 lb","80 lb","60 lb","45 lb","51 lb","43 lb","49 lb","73 lb","59 lb","219 lb","432 lb","623 lb","426 lb","112 lb","135 lb","65 lb","47 lb","32 lb","0","0","0","0","0","0","0","0","0","0","0","0","0","0","0","0","0","0","0","0","0","0","0","0","0","0","0","0","0","0","0","0","0","0","0","0"
"Licorice Bridge Mix Bulk ( RM-01-020-A )","Redstone","—","0 lb","0 lb","0","-","0 lb","-","-","SA-01-020-A 2.6","-","5 w","4 w","—","SA-01-020-A :   Yes","Legacy","—","—","50.0 % Week  49 - 53","L-A01-REG-22-020-XXX","-","0","0","0","0","0","0","0","0","0","0","0","0","0","0","0","0","0","0","0","0","0","0","0","0","0","0","0","0","0","0","0","0","0","0","0","0","0","0","0","0","0","0","0","0","0","0","0","0","0","0","0","0","0","0","0","0","0","0","0","0","0"
"Jelly Belly Ice Cream Parlor Bulk ( RM-01-021-A )","Redstone","—","0 lb","0 lb","0","-","0 lb","-","-","SA-01-021-A 2.3","-","5 w","4 w","—","SA-01-021-A :   Yes","Legacy","—","—","50.0 % Week  49 - 53","L-A01-REG-22-021-XXX","486","0","0","0","0","0","0","0","0","0","0","0","0","0","0","0","0","0","0","0","0","0","0","0","0","0","0","0","0","0","0","0","0","0","0","0","0","0","0","0","0","0","0","0","0","0","0","0","0","0","0","0","0","0","0","0","0","0","0","0","0","0"
"Hot Cocoa Taffy Bulk ( RM-01-023-A )","Redstone","—","0 lb","0 lb","0","-","0 lb","-","-","SA-01-023-A 5.3","-","5 w","4 w","—","SA-01-023-A :   Yes","Legacy","—","—","50.0 % Week  49 - 53","L-A01-REG-22-023-XXX","482","0","0","0","0","0","0","0","0","0","0","0","0","0","0","0","0","0","0","0","0","0","0","0","0","0","0","0","0","0","0","0","0","0","0","0","0","0","0","0","0","0","0","0","0","0","0","0","0","0","0","0","0","0","0","0","0","0","0","0","0","0"
"Sour Gummy Red Colas Bulk ( RM-01-025-A )","Redstone","Englewood","0 lb","252 lb","0","-","230 lb","22 lb","P02124 7/21/26","SA-01-025-A 2.9","Candy & Snacks :  1.8 %","5 w","4 w","—","SA-01-025-A :   No","Legacy","—","—","50.0 % Week  49 - 53","L-A01-REG-22-025-XXX","1,709","231 lbs","32 lb","49 lb","39 lb","42 lb","41 lb","47 lb","57 lb","101 lb","75 lb","56 lb","64 lb","53 lb","61 lb","92 lb","73 lb","275 lb","542 lb","782 lb","535 lb","141 lb","169 lb","81 lb","59 lb","40 lb","0","0","0","0","0","0","0","0","0","0","0","0","0","0","0","0","0","0","0","0","0","0","0","0","0","0","0","0","0","0","0","0","0","0","0","0"
"Heavenly Wrapped Caramels Seasalt Bulk ( RM-01-027-A )","Redstone","Englewood","0 lb","278 lb","0","-","178 lb","100 lb","P02124 7/21/26","SA-01-027-A 4.3","Candy & Snacks :  3.1 %","5 w","4 w","—","SA-01-027-A :   No","Legacy","—","—","50.0 % Week  49 - 53","L-A01-REG-22-027-XXX","1,364","300 lbs","38 lb","59 lb","47 lb","51 lb","49 lb","56 lb","68 lb","120 lb","90 lb","68 lb","77 lb","64 lb","73 lb","110 lb","88 lb","329 lb","649 lb","936 lb","640 lb","169 lb","203 lb","97 lb","71 lb","47 lb","0","0","0","0","0","0","0","0","0","0","0","0","0","0","0","0","0","0","0","0","0","0","0","0","0","0","0","0","0","0","0","0","0","0","0","0"
"Sour Wild Strawberries Bulk ( RM-01-031-A )","Redstone","Englewood","0 lb","196 lb","0","-","-24 lb","220 lb","P02124 7/21/26","SA-01-031-A 3.6","Candy & Snacks :  1.4 %","5 w","4 w","—","SA-01-031-A :   No","Legacy","—","—","50.0 % Week  49 - 53","L-A01-REG-22-031-XXX","2,414","110 lbs","20 lb","31 lb","25 lb","27 lb","26 lb","30 lb","36 lb","64 lb","48 lb","36 lb","41 lb","34 lb","39 lb","58 lb","47 lb","174 lb","343 lb","495 lb","339 lb","89 lb","107 lb","51 lb","37 lb","25 lb","0","0","0","0","0","0","0","0","0","0","0","0","0","0","0","0","0","0","0","0","0","0","0","0","0","0","0","0","0","0","0","0","0","0","0","0"
"Gummy Flamingos Bulk ( RM-01-032-A )","Redstone","Englewood","0 lb","4 lb","0","-","-76 lb","80 lb","P02124 7/21/26","SA-01-032-A 3.0","Candy & Snacks :  0.6 %","5 w","4 w","—","SA-01-032-A :   No","Legacy","—","—","50.0 % Week  49 - 53","L-A01-REG-22-032-XXX","424","156 lbs","11 lb","16 lb","13 lb","14 lb","14 lb","16 lb","19 lb","33 lb","25 lb","19 lb","21 lb","18 lb","20 lb","30 lb","24 lb","91 lb","179 lb","259 lb","177 lb","47 lb","56 lb","27 lb","20 lb","13 lb","0","0","0","0","0","0","0","0","0","0","0","0","0","0","0","0","0","0","0","0","0","0","0","0","0","0","0","0","0","0","0","0","0","0","0","0"
"Champagne Bubbles Bulk ( RM-01-035-A )","Redstone","—","0 lb","0 lb","26","-","-26 lb","-","-","SA-01-035-A 2.8","-","5 w","4 w","—","SA-01-035-A :   Yes","Legacy","—","—","50.0 % Week  49 - 53","L-A01-REG-22-035-XXX","-","0","0","0","0","0","0","0","0","0","0","0","0","0","0","0","0","0","0","0","0","0","0","0","0","0","0","0","0","0","0","0","0","0","0","0","0","0","0","0","0","0","0","0","0","0","0","0","0","0","0","0","0","0","0","0","0","0","0","0","0","0"
"Lemon Heads Bulk ( RM-01-044-A )","Redstone","Englewood","0 lb","35 lb","0","-","35 lb","-","-","SA-01-044-A 3.8","Candy & Snacks :  0.7 %","5 w","4 w","—","SA-01-044-A :   No","Legacy","—","—","50.0 % Week  49 - 53","L-A01-REG-22-044-XXX","314","121 lbs","10 lb","16 lb","13 lb","14 lb","13 lb","15 lb","18 lb","32 lb","24 lb","18 lb","21 lb","17 lb","20 lb","30 lb","24 lb","89 lb","175 lb","252 lb","173 lb","45 lb","55 lb","26 lb","19 lb","13 lb","0","0","0","0","0","0","0","0","0","0","0","0","0","0","0","0","0","0","0","0","0","0","0","0","0","0","0","0","0","0","0","0","0","0","0","0"
"Sour Gummy Cherries Bulk ( RM-01-045-A )","Redstone","Englewood","0 lb","136 lb","0","-","106 lb","30 lb","P02124 7/21/26","SA-01-045-A 2.8","Candy & Snacks :  1.2 %","5 w","4 w","—","SA-01-045-A :   No","Legacy","—","—","50.0 % Week  49 - 53","L-A01-REG-22-045-XXX","9,731","225 lbs","24 lb","37 lb","29 lb","32 lb","31 lb","35 lb","43 lb","75 lb","56 lb","42 lb","48 lb","40 lb","46 lb","69 lb","55 lb","205 lb","405 lb","584 lb","400 lb","105 lb","126 lb","60 lb","44 lb","30 lb","0","0","0","0","0","0","0","0","0","0","0","0","0","0","0","0","0","0","0","0","0","0","0","0","0","0","0","0","0","0","0","0","0","0","0","0"
"Gumballs Bulk ( RM-01-051-A )","Redstone","Englewood","0 lb","47 lb","0","-","47 lb","-","-","SA-01-051-A 3.0","Candy & Snacks :  0.5 %","5 w","4 w","—","SA-01-051-A :   No","Legacy","—","—","50.0 % Week  49 - 53","L-A01-REG-22-051-XXX","329","97 lbs","9 lb","15 lb","12 lb","13 lb","12 lb","14 lb","17 lb","30 lb","22 lb","17 lb","19 lb","16 lb","18 lb","27 lb","22 lb","82 lb","161 lb","233 lb","159 lb","42 lb","50 lb","24 lb","18 lb","12 lb","0","0","0","0","0","0","0","0","0","0","0","0","0","0","0","0","0","0","0","0","0","0","0","0","0","0","0","0","0","0","0","0","0","0","0","0"
"Chicklets Bulk ( RM-01-052-A )","Redstone","—","0 lb","0 lb","0","-","0 lb","-","-","SA-01-052-A 2.6","-","5 w","4 w","—","SA-01-052-A :   Yes","Legacy","—","—","50.0 % Week  49 - 53","L-A01-REG-22-052-XXX","237","0","0","0","0","0","0","0","0","0","0","0","0","0","0","0","0","0","0","0","0","0","0","0","0","0","0","0","0","0","0","0","0","0","0","0","0","0","0","0","0","0","0","0","0","0","0","0","0","0","0","0","0","0","0","0","0","0","0","0","0","0"
"Banana Heads Bulk ( RM-01-054-A )","Redstone","Englewood","0 lb","47 lb","0","-","17 lb","30 lb","P02124 7/21/26","SA-01-054-A 2.6","Candy & Snacks :  0.8 %","5 w","4 w","—","SA-01-054-A :   No","Legacy","—","—","50.0 % Week  49 - 53","L-A01-REG-22-054-XXX","1,317","209 lbs","17 lb","26 lb","21 lb","22 lb","22 lb","25 lb","30 lb","53 lb","40 lb","30 lb","34 lb","28 lb","32 lb","49 lb","39 lb","146 lb","288 lb","415 lb","284 lb","75 lb","90 lb","43 lb","31 lb","21 lb","0","0","0","0","0","0","0","0","0","0","0","0","0","0","0","0","0","0","0","0","0","0","0","0","0","0","0","0","0","0","0","0","0","0","0","0"
"Jelly Bellys 49 Flavors Bulk ( RM-01-056-A )","Redstone","Englewood","0 lb","457 lb","0","-","237 lb","220 lb","P02124 7/21/26","SA-01-056-A 2.0","Candy & Snacks :  2.1 %","5 w","4 w","—","SA-01-056-A :   No","Legacy","—","—","50.0 % Week  49 - 53","L-A01-REG-22-056-XXX","1,923","368 lbs","54 lb","84 lb","67 lb","72 lb","70 lb","80 lb","97 lb","172 lb","129 lb","96 lb","109 lb","91 lb","104 lb","157 lb","125 lb","469 lb","926 lb","1335 lb","914 lb","241 lb","289 lb","138 lb","101 lb","68 lb","0","0","0","0","0","0","0","0","0","0","0","0","0","0","0","0","0","0","0","0","0","0","0","0","0","0","0","0","0","0","0","0","0","0","0","0"
"Mnms Bulk ( RM-01-061-A )","Redstone","Englewood","0 lb","265 lb","0","-","115 lb","150 lb","P02124 7/21/26","SA-01-061-A 2.2","Candy & Snacks :  1.9 %","5 w","4 w","—","SA-01-061-A :   No","Legacy","—","—","50.0 % Week  49 - 53","L-A01-REG-22-061-XXX","1,295","437 lbs","46 lb","71 lb","57 lb","62 lb","60 lb","68 lb","83 lb","146 lb","110 lb","82 lb","93 lb","78 lb","89 lb","134 lb","107 lb","399 lb","788 lb","1137 lb","778 lb","205 lb","246 lb","118 lb","86 lb","58 lb","0","0","0","0","0","0","0","0","0","0","0","0","0","0","0","0","0","0","0","0","0","0","0","0","0","0","0","0","0","0","0","0","0","0","0","0"
"Mini Reeses Pieces Bulk ( RM-01-065-A )","Redstone","Englewood","0 lb","132 lb","0","-","7 lb","125 lb","P02124 7/21/26","SA-01-065-A 2.6","Candy & Snacks :  1.0 %","5 w","4 w","—","SA-01-065-A :   No","Legacy","—","—","50.0 % Week  49 - 53","L-A01-REG-22-065-XXX","1,110","168 lbs","20 lb","30 lb","24 lb","26 lb","25 lb","29 lb","35 lb","62 lb","47 lb","35 lb","40 lb","33 lb","38 lb","57 lb","46 lb","170 lb","336 lb","485 lb","332 lb","87 lb","105 lb","50 lb","37 lb","25 lb","0","0","0","0","0","0","0","0","0","0","0","0","0","0","0","0","0","0","0","0","0","0","0","0","0","0","0","0","0","0","0","0","0","0","0","0"
"Jolly Ranchers Bulk ( RM-01-071-A )","Redstone","Englewood","0 lb","0 lb","0","-","-212 lb","130 lb","P02124 7/21/26","SA-01-071-A 3.0","Candy & Snacks :  1.3 %","5 w","4 w","—","SA-01-071-A :   No","Legacy","—","—","50.0 % Week  49 - 53","L-A01-REG-22-071-XXX","-","437 lbs","23 lb","36 lb","29 lb","31 lb","30 lb","34 lb","42 lb","74 lb","55 lb","41 lb","47 lb","39 lb","45 lb","68 lb","54 lb","202 lb","399 lb","575 lb","393 lb","104 lb","124 lb","60 lb","43 lb","29 lb","0","0","0","0","0","0","0","0","0","0","0","0","0","0","0","0","0","0","0","0","0","0","0","0","0","0","0","0","0","0","0","0","0","0","0","0"
"Skittles Bulk ( RM-01-073-A )","Redstone","Englewood","0 lb","245 lb","0","-","145 lb","100 lb","P02124 7/21/26","SA-01-073-A 2.4","Candy & Snacks :  1.5 %","5 w","4 w","—","SA-01-073-A :   No","Legacy","—","—","50.0 % Week  49 - 53","L-A01-REG-22-073-XXX","1,169","257 lbs","33 lb","51 lb","41 lb","44 lb","43 lb","49 lb","59 lb","105 lb","78 lb","59 lb","67 lb","55 lb","63 lb","96 lb","76 lb","285 lb","563 lb","812 lb","556 lb","146 lb","176 lb","84 lb","61 lb","41 lb","0","0","0","0","0","0","0","0","0","0","0","0","0","0","0","0","0","0","0","0","0","0","0","0","0","0","0","0","0","0","0","0","0","0","0","0"
"Mike N Ikes Bulk ( RM-01-079-A )","Redstone","Englewood","0 lb","196 lb","0","-","66 lb","130 lb","P02124 7/21/26","SA-01-079-A 2.4","Candy & Snacks :  0.7 %","5 w","4 w","—","SA-01-079-A :   No","Legacy","—","—","50.0 % Week  49 - 53","L-A01-REG-22-079-XXX","1,277","33 lbs","15 lb","23 lb","19 lb","20 lb","19 lb","22 lb","27 lb","48 lb","36 lb","27 lb","30 lb","25 lb","29 lb","44 lb","35 lb","130 lb","257 lb","371 lb","254 lb","67 lb","80 lb","38 lb","28 lb","19 lb","0","0","0","0","0","0","0","0","0","0","0","0","0","0","0","0","0","0","0","0","0","0","0","0","0","0","0","0","0","0","0","0","0","0","0","0"
"Zotz Bulk ( RM-01-080-A )","Redstone","Englewood","0 lb","1 lb","0","-","1 lb","-","-","SA-01-080-A 5.3","Candy & Snacks :  0.5 %","5 w","4 w","—","SA-01-080-A :   No","Legacy","—","—","50.0 % Week  49 - 53","L-A01-REG-22-080-XXX","361","79 lbs","5 lb","8 lb","6 lb","7 lb","7 lb","8 lb","9 lb","17 lb","12 lb","9 lb","11 lb","9 lb","10 lb","15 lb","12 lb","45 lb","89 lb","129 lb","88 lb","23 lb","28 lb","13 lb","10 lb","7 lb","0","0","0","0","0","0","0","0","0","0","0","0","0","0","0","0","0","0","0","0","0","0","0","0","0","0","0","0","0","0","0","0","0","0","0","0"
"Chocolate Covered Sunflower Seeds Bulk ( RM-01-092-A )","Redstone","—","0 lb","0 lb","0","-","0 lb","-","-","SA-01-092-A 2.6","-","5 w","4 w","—","SA-01-092-A :   Yes","Legacy","—","—","50.0 % Week  49 - 53","L-A01-REG-22-092-XXX","1,620","0","0","0","0","0","0","0","0","0","0","0","0","0","0","0","0","0","0","0","0","0","0","0","0","0","0","0","0","0","0","0","0","0","0","0","0","0","0","0","0","0","0","0","0","0","0","0","0","0","0","0","0","0","0","0","0","0","0","0","0","0"
"Slopokes Bulk ( RM-01-093-A )","Redstone","Englewood","0 lb","0 lb","0","-","0 lb","-","-","SA-01-093-A 3.4","-","5 w","4 w","—","SA-01-093-A :   Yes","Legacy","—","—","50.0 % Week  49 - 53","L-A01-REG-22-093-XXX","169","0","0","0","0","0","0","0","0","0","0","0","0","0","0","0","0","0","0","0","0","0","0","0","0","0","0","0","0","0","0","0","0","0","0","0","0","0","0","0","0","0","0","0","0","0","0","0","0","0","0","0","0","0","0","0","0","0","0","0","0","0"
"Tootsierolls Bulk ( RM-01-095-A )","Redstone","Englewood","0 lb","147 lb","0","-","77 lb","70 lb","P02124 7/21/26","SA-01-095-A 3.3","Candy & Snacks :  1.0 %","5 w","4 w","—","SA-01-095-A :   No","Legacy","—","—","50.0 % Week  49 - 53","L-A01-REG-22-095-XXX","1,207","100 lbs","16 lb","25 lb","20 lb","22 lb","21 lb","24 lb","29 lb","51 lb","38 lb","29 lb","33 lb","27 lb","31 lb","47 lb","37 lb","140 lb","277 lb","399 lb","273 lb","72 lb","86 lb","41 lb","30 lb","20 lb","0","0","0","0","0","0","0","0","0","0","0","0","0","0","0","0","0","0","0","0","0","0","0","0","0","0","0","0","0","0","0","0","0","0","0","0"
"Bit O Honey Bulk ( RM-01-096-A )","Redstone","Englewood","0 lb","37 lb","0","-","37 lb","-","-","SA-01-096-A 3.7","Candy & Snacks :  0.8 %","5 w","4 w","—","SA-01-096-A :   No","Legacy","—","—","50.0 % Week  49 - 53","L-A01-REG-22-096-XXX","927","136 lbs","11 lb","18 lb","14 lb","15 lb","15 lb","17 lb","20 lb","36 lb","27 lb","20 lb","23 lb","19 lb","22 lb","33 lb","26 lb","98 lb","194 lb","280 lb","192 lb","50 lb","61 lb","29 lb","21 lb","14 lb","0","0","0","0","0","0","0","0","0","0","0","0","0","0","0","0","0","0","0","0","0","0","0","0","0","0","0","0","0","0","0","0","0","0","0","0"
"Fruity Tootsie Rolls Bulk ( RM-01-097-A )","Redstone","Englewood","0 lb","138 lb","0","-","58 lb","80 lb","P02124 7/21/26","SA-01-097-A 3.0","Candy & Snacks :  1.2 %","5 w","4 w","—","SA-01-097-A :   No","Legacy","—","—","50.0 % Week  49 - 53","L-A01-REG-22-097-XXX","490","196 lbs","22 lb","34 lb","27 lb","29 lb","28 lb","32 lb","39 lb","69 lb","52 lb","39 lb","44 lb","37 lb","42 lb","63 lb","51 lb","190 lb","374 lb","540 lb","369 lb","97 lb","117 lb","56 lb","41 lb","27 lb","0","0","0","0","0","0","0","0","0","0","0","0","0","0","0","0","0","0","0","0","0","0","0","0","0","0","0","0","0","0","0","0","0","0","0","0"
"Peanut Mnms Bulk ( RM-01-099-A )","Redstone","Englewood","0 lb","634 lb","0","-","134 lb","500 lb","P02124 7/21/26","SA-01-099-A 2.9","Candy & Snacks :  3.1 %","5 w","4 w","—","SA-01-099-A :   No","Legacy","—","—","50.0 % Week  49 - 53","L-A01-REG-22-099-XXX","2,345","254 lbs","58 lb","90 lb","72 lb","78 lb","75 lb","86 lb","105 lb","185 lb","139 lb","104 lb","118 lb","98 lb","112 lb","169 lb","135 lb","505 lb","997 lb","1438 lb","984 lb","259 lb","311 lb","149 lb","109 lb","73 lb","0","0","0","0","0","0","0","0","0","0","0","0","0","0","0","0","0","0","0","0","0","0","0","0","0","0","0","0","0","0","0","0","0","0","0","0"
"Gummy Spiders Bulk ( RM-01-102-A )","Redstone","—","0 lb","0 lb","0","-","0 lb","-","-","SA-01-102-A 2.8","-","5 w","4 w","—","SA-01-102-A :   Yes","Legacy","—","—","50.0 % Week  49 - 53","L-A01-REG-22-102-XXX","613","0","0","0","0","0","0","0","0","0","0","0","0","0","0","0","0","0","0","0","0","0","0","0","0","0","0","0","0","0","0","0","0","0","0","0","0","0","0","0","0","0","0","0","0","0","0","0","0","0","0","0","0","0","0","0","0","0","0","0","0","0"
"Gummy Pumpkins Bulk ( RM-01-103-A )","Redstone","—","0 lb","380 lb","0","-","380 lb","-","-","FG-48-030-A 2.0 SA-01-103-A 2.4","-","5 w","4 w","—","FG-48-030-A :   No SA-01-103-A :   Yes","Legacy","—","—","50.0 % Week  49 - 53","L-A01-REG-22-103-XXX","852","0","0","0","0","0","0","0","0","0","0","0","0","0","0","0","0","0","0","0","0","0","0","0","0","0","0","0","0","0","0","0","0","0","0","0","0","0","0","0","0","0","0","0","0","0","0","0","0","0","0","0","0","0","0","0","0","0","0","0","0","0"
"Caramel Apple Taffy Bulk ( RM-01-104-A )","Redstone","—","0 lb","12 lb","12","-","0 lb","-","-","SA-01-104-A 5.0","-","5 w","4 w","—","SA-01-104-A :   Yes","Legacy","—","—","50.0 % Week  49 - 53","L-A01-REG-22-104-XXX","736","0","0","0","0","0","0","0","0","0","0","0","0","0","0","0","0","0","0","0","0","0","0","0","0","0","0","0","0","0","0","0","0","0","0","0","0","0","0","0","0","0","0","0","0","0","0","0","0","0","0","0","0","0","0","0","0","0","0","0","0","0"
"Mellocreme Pumpkins Bulk ( RM-01-107-A )","Redstone","—","0 lb","0 lb","0","-","0 lb","-","-","SA-01-107-A 2.7","-","5 w","4 w","—","SA-01-107-A :   Yes","Legacy","—","—","50.0 % Week  49 - 53","L-A01-REG-22-107-XXX","346","0","0","0","0","0","0","0","0","0","0","0","0","0","0","0","0","0","0","0","0","0","0","0","0","0","0","0","0","0","0","0","0","0","0","0","0","0","0","0","0","0","0","0","0","0","0","0","0","0","0","0","0","0","0","0","0","0","0","0","0","0"
"Chocolate Marshmallows Bulk ( RM-01-108-A )","Redstone","—","0 lb","116 lb","0","-","116 lb","-","-","SA-01-108-A 3.2","-","5 w","4 w","—","SA-01-108-A :   Yes","Legacy","—","—","50.0 % Week  49 - 53","L-A01-REG-22-108-XXX","1,318","0","0","0","0","0","0","0","0","0","0","0","0","0","0","0","0","0","0","0","0","0","0","0","0","0","0","0","0","0","0","0","0","0","0","0","0","0","0","0","0","0","0","0","0","0","0","0","0","0","0","0","0","0","0","0","0","0","0","0","0","0"
"Candy Corn Bulk ( RM-01-109-A )","Redstone","—","0 lb","150 lb","0","-","150 lb","-","-","SA-01-109-A 2.5","-","5 w","4 w","—","SA-01-109-A :   Yes","Legacy","—","—","50.0 % Week  49 - 53","L-A01-REG-22-109-XXX","2,009","0","0","0","0","0","0","0","0","0","0","0","0","0","0","0","0","0","0","0","0","0","0","0","0","0","0","0","0","0","0","0","0","0","0","0","0","0","0","0","0","0","0","0","0","0","0","0","0","0","0","0","0","0","0","0","0","0","0","0","0","0"
"Holiday Gummy Bears Bulk ( RM-01-111-A )","Redstone","—","0 lb","1,100 lb","0","-","0 lb","1,100 lb","P02030 5/21/26","SA-01-111-A 2.5","-","5 w","4 w","—","SA-01-111-A :   Yes","Legacy","—","—","50.0 % Week  49 - 53","L-A01-REG-22-111-XXX","71","0","0","0","0","0","0","0","0","0","0","0","0","0","0","0","0","0","0","0","0","0","0","0","0","0","0","0","0","0","0","0","0","0","0","0","0","0","0","0","0","0","0","0","0","0","0","0","0","0","0","0","0","0","0","0","0","0","0","0","0","0"
"Gummy Trees & Snowmen Bulk ( RM-01-112-A )","Redstone","—","0 lb","1,450 lb","0","-","0 lb","1,450 lb","P02030 5/21/26","SA-01-112-A 3.3","-","5 w","4 w","—","SA-01-112-A :   Yes","Legacy","—","—","50.0 % Week  49 - 53","L-A01-REG-22-112-XXX","-","0","0","0","0","0","0","0","0","0","0","0","0","0","0","0","0","0","0","0","0","0","0","0","0","0","0","0","0","0","0","0","0","0","0","0","0","0","0","0","0","0","0","0","0","0","0","0","0","0","0","0","0","0","0","0","0","0","0","0","0","0"
"Strawberry Licorice Candy Canes Bulk ( RM-01-114-A )","Redstone","—","0 lb","588 lb","0","-","53 lb","535 lb","P02027 5/20/26","SA-01-114-A 4.5","-","5 w","4 w","—","SA-01-114-A :   Yes","Legacy","—","—","50.0 % Week  49 - 53","L-A01-REG-22-114-XXX","495","0","0","0","0","0","0","0","0","0","0","0","0","0","0","0","0","0","0","0","0","0","0","0","0","0","0","0","0","0","0","0","0","0","0","0","0","0","0","0","0","0","0","0","0","0","0","0","0","0","0","0","0","0","0","0","0","0","0","0","0","0"
"Candy Cane Dusted Almonds Bulk ( RM-01-117-A )","Redstone","—","0 lb","39 lb","0","-","39 lb","-","-","FG-48-036-A 2.0 SA-01-117-A 3.2","-","5 w","4 w","—","FG-48-036-A :   No SA-01-117-A :   Yes","Legacy","—","—","50.0 % Week  49 - 53","L-A01-REG-22-117-XXX","1,003","0","0","0","0","0","0","0","0","0","0","0","0","0","0","0","0","0","0","0","0","0","0","0","0","0","0","0","0","0","0","0","0","0","0","0","0","0","0","0","0","0","0","0","0","0","0","0","0","0","0","0","0","0","0","0","0","0","0","0","0","0"
"Chocolate Ornaments Bulk ( RM-01-118-A )","Redstone","—","0 lb","0 lb","0","-","0 lb","-","-","SA-01-118-A 2.8","-","5 w","4 w","—","SA-01-118-A :   Yes","Legacy","—","—","50.0 % Week  49 - 53","L-A01-REG-22-118-XXX","549","0","0","0","0","0","0","0","0","0","0","0","0","0","0","0","0","0","0","0","0","0","0","0","0","0","0","0","0","0","0","0","0","0","0","0","0","0","0","0","0","0","0","0","0","0","0","0","0","0","0","0","0","0","0","0","0","0","0","0","0","0"
"Valentines Gummy Bears Bulk ( RM-01-122-A )","Redstone","—","0 lb","0 lb","0","-","0 lb","-","-","SA-01-122-A 4.0","-","5 w","4 w","—","SA-01-122-A :   Yes","Legacy","—","—","50.0 % Week  49 - 53","L-A01-REG-22-122-XXX","1,049","0","0","0","0","0","0","0","0","0","0","0","0","0","0","0","0","0","0","0","0","0","0","0","0","0","0","0","0","0","0","0","0","0","0","0","0","0","0","0","0","0","0","0","0","0","0","0","0","0","0","0","0","0","0","0","0","0","0","0","0","0"
"Sour Gummy Hearts Bulk ( RM-01-124-A )","Redstone","—","0 lb","0 lb","0","-","0 lb","-","-","SA-01-124-A 4.0","-","5 w","4 w","—","SA-01-124-A :   Yes","Legacy","—","—","50.0 % Week  49 - 53","L-A01-REG-22-124-XXX","292","0","0","0","0","0","0","0","0","0","0","0","0","0","0","0","0","0","0","0","0","0","0","0","0","0","0","0","0","0","0","0","0","0","0","0","0","0","0","0","0","0","0","0","0","0","0","0","0","0","0","0","0","0","0","0","0","0","0","0","0","0"
"Jelly Belly Valentines Mix Bulk ( RM-01-126-A )","Redstone","—","0 lb","2 lb","12","-","-10 lb","-","-","SA-01-126-A 4.0","-","5 w","4 w","—","SA-01-126-A :   No","Legacy","—","—","50.0 % Week  49 - 53","L-A01-REG-22-126-XXX","1,617","0","0","0","0","0","0","0","0","0","0","0","0","0","0","0","0","0","0","0","0","0","0","0","0","0","0","0","0","0","0","0","0","0","0","0","0","0","0","0","0","0","0","0","0","0","0","0","0","0","0","0","0","0","0","0","0","0","0","0","0","0"
"Jelly Belly Sour Lips Bulk ( RM-01-127-A )","Redstone","—","0 lb","0 lb","0","-","0 lb","-","-","SA-01-127-A 4.0","-","5 w","4 w","—","SA-01-127-A :   Yes","Legacy","—","—","50.0 % Week  49 - 53","L-A01-REG-22-127-XXX","1,166","0","0","0","0","0","0","0","0","0","0","0","0","0","0","0","0","0","0","0","0","0","0","0","0","0","0","0","0","0","0","0","0","0","0","0","0","0","0","0","0","0","0","0","0","0","0","0","0","0","0","0","0","0","0","0","0","0","0","0","0","0"
"Classic Jelly Beans Bulk ( RM-01-130-A )","Redstone","Englewood","0 lb","146 lb","5","-","142 lb","-","-","SA-01-130-A 2.9","-","5 w","4 w","—","SA-01-130-A :   Yes","Legacy","—","—","50.0 % Week  49 - 53","L-A01-REG-22-130-XXX","684","0","0","0","0","0","0","0","0","0","0","0","0","0","0","0","0","0","0","0","0","0","0","0","0","0","0","0","0","0","0","0","0","0","0","0","0","0","0","0","0","0","0","0","0","0","0","0","0","0","0","0","0","0","0","0","0","0","0","0","0","0"
"Holiday Malt Balls Bulk ( RM-01-138-A )","Redstone","—","0 lb","400 lb","0","-","400 lb","-","-","SA-01-138-A 1.0","-","5 w","4 w","—","SA-01-138-A :   Yes","Legacy","—","—","50.0 % Week  49 - 53","L-A01-REG-22-138-XXX","1,051","0","0","0","0","0","0","0","0","0","0","0","0","0","0","0","0","0","0","0","0","0","0","0","0","0","0","0","0","0","0","0","0","0","0","0","0","0","0","0","0","0","0","0","0","0","0","0","0","0","0","0","0","0","0","0","0","0","0","0","0","0"
"Gummy Cola Bulk ( RM-01-139-A )","Redstone","Englewood","0 lb","111 lb","0","-","-9 lb","120 lb","P02124 7/21/26","SA-01-139-A 5.6","Candy & Snacks :  0.7 %","5 w","4 w","—","SA-01-139-A :   No","Legacy","—","—","50.0 % Week  49 - 53","L-A01-REG-22-139-XXX","1,038","0","7 lb","11 lb","9 lb","9 lb","9 lb","10 lb","13 lb","22 lb","17 lb","13 lb","14 lb","12 lb","14 lb","21 lb","16 lb","61 lb","121 lb","175 lb","120 lb","31 lb","38 lb","18 lb","13 lb","9 lb","0","0","0","0","0","0","0","0","0","0","0","0","0","0","0","0","0","0","0","0","0","0","0","0","0","0","0","0","0","0","0","0","0","0","0","0"
"Chewy Sprees Bulk ( RM-01-140-A )","Redstone","Englewood","0 lb","124 lb","0","-","-16 lb","140 lb","P02124 7/21/26","SA-01-140-A 3.4","Candy & Snacks :  1.8 %","5 w","4 w","—","SA-01-140-A :   No","Legacy","—","—","50.0 % Week  49 - 53","L-A01-REG-22-140-XXX","873","298 lbs","28 lb","43 lb","34 lb","37 lb","36 lb","41 lb","50 lb","88 lb","66 lb","49 lb","56 lb","47 lb","53 lb","80 lb","64 lb","240 lb","473 lb","682 lb","467 lb","123 lb","148 lb","71 lb","52 lb","35 lb","0","0","0","0","0","0","0","0","0","0","0","0","0","0","0","0","0","0","0","0","0","0","0","0","0","0","0","0","0","0","0","0","0","0","0","0"
"Caramel Creams Bulk ( RM-01-141-A )","Redstone","Englewood","0 lb","79 lb","0","-","9 lb","70 lb","P02124 7/21/26","SA-01-141-A 5.6","Candy & Snacks :  1.7 %","5 w","4 w","—","SA-01-141-A :   No","Legacy","—","—","50.0 % Week  49 - 53","L-A01-REG-22-141-XXX","-","164 lbs","16 lb","25 lb","20 lb","21 lb","21 lb","24 lb","29 lb","51 lb","38 lb","28 lb","32 lb","27 lb","31 lb","46 lb","37 lb","138 lb","272 lb","392 lb","269 lb","71 lb","85 lb","41 lb","30 lb","20 lb","0","0","0","0","0","0","0","0","0","0","0","0","0","0","0","0","0","0","0","0","0","0","0","0","0","0","0","0","0","0","0","0","0","0","0","0"
"Root Beer Barrels Bulk ( RM-01-142-A )","Redstone","Englewood","0 lb","47 lb","0","-","17 lb","30 lb","P02124 7/21/26","SA-01-142-A 6.3","Candy & Snacks :  0.7 %","5 w","4 w","—","SA-01-142-A :   No","Legacy","—","—","50.0 % Week  49 - 53","L-A01-REG-22-142-XXX","696","43 lbs","6 lb","9 lb","7 lb","8 lb","8 lb","9 lb","11 lb","19 lb","14 lb","10 lb","12 lb","10 lb","11 lb","17 lb","14 lb","51 lb","100 lb","145 lb","99 lb","26 lb","31 lb","15 lb","11 lb","7 lb","0","0","0","0","0","0","0","0","0","0","0","0","0","0","0","0","0","0","0","0","0","0","0","0","0","0","0","0","0","0","0","0","0","0","0","0"
"Peanut Butter Mnms Bulk ( RM-01-143-A )","Redstone","Englewood","0 lb","98 lb","0","-","98 lb","-","-","SA-01-143-A 3.4","-","5 w","4 w","—","SA-01-143-A :   No","Legacy","—","—","50.0 % Week  49 - 53","L-A01-REG-22-143-XXX","1,478","0","0","0","0","0","0","0","0","0","0","0","0","0","0","0","0","0","0","0","0","0","0","0","0","0","0","0","0","0","0","0","0","0","0","0","0","0","0","0","0","0","0","0","0","0","0","0","0","0","0","0","0","0","0","0","0","0","0","0","0","0"
"Sour Rainbow Belts Bulk ( RM-01-144-A )","Redstone","Englewood","0 lb","109 lb","0","-","109 lb","-","-","SA-01-144-A 6.3","Candy & Snacks :  1.5 %","5 w","4 w","—","SA-01-144-A :   No","Legacy","—","—","50.0 % Week  49 - 53","L-A01-REG-22-144-XXX","2,824","80 lbs","12 lb","19 lb","15 lb","17 lb","16 lb","18 lb","22 lb","39 lb","30 lb","22 lb","25 lb","21 lb","24 lb","36 lb","29 lb","108 lb","212 lb","306 lb","210 lb","55 lb","66 lb","32 lb","23 lb","16 lb","0","0","0","0","0","0","0","0","0","0","0","0","0","0","0","0","0","0","0","0","0","0","0","0","0","0","0","0","0","0","0","0","0","0","0","0"
"Sour Pink Lemonade Belts Bulk ( RM-01-145-A )","Redstone","—","0 lb","7 lb","0","-","7 lb","-","-","SA-01-145-A 6.3","-","5 w","4 w","—","SA-01-145-A :   Yes","Legacy","—","—","50.0 % Week  49 - 53","L-A01-REG-22-145-XXX","86","0","0","0","0","0","0","0","0","0","0","0","0","0","0","0","0","0","0","0","0","0","0","0","0","0","0","0","0","0","0","0","0","0","0","0","0","0","0","0","0","0","0","0","0","0","0","0","0","0","0","0","0","0","0","0","0","0","0","0","0","0"
"Sour Berry Blue Belts Bulk ( RM-01-146-A )","Redstone","Englewood","0 lb","0 lb","0","-","-53 lb","-","-","SA-01-146-A 3.3","-","5 w","4 w","—","SA-01-146-A :   Yes","Legacy","—","—","50.0 % Week  49 - 53","L-A01-REG-22-146-XXX","1,532","0","0","0","0","0","0","0","0","0","0","0","0","0","0","0","0","0","0","0","0","0","0","0","0","0","0","0","0","0","0","0","0","0","0","0","0","0","0","0","0","0","0","0","0","0","0","0","0","0","0","0","0","0","0","0","0","0","0","0","0","0"
"Dark Chocolate Peppermint Bites Bulk ( RM-01-147-A )","Redstone","—","0 lb","0 lb","0","-","0 lb","-","-","SA-01-147-A 2.9","-","5 w","4 w","—","SA-01-147-A :   Yes","Legacy","—","—","50.0 % Week  49 - 53","L-A01-REG-25-147-XXX","540","0","0","0","0","0","0","0","0","0","0","0","0","0","0","0","0","0","0","0","0","0","0","0","0","0","0","0","0","0","0","0","0","0","0","0","0","0","0","0","0","0","0","0","0","0","0","0","0","0","0","0","0","0","0","0","0","0","0","0","0","0"
"Holiday Chocolate Rocks Individual ( RM-01-148-A )","Redstone","—","8 lb","0 lb","0","-","0 lb","-","-","SA-01-148-A 2.4","-","5 w","4 w","—","SA-01-148-A :   Yes","Legacy","—","—","50.0 % Week  49 - 53","L-A01-REG-24-148-XXX","1,214","0","0","0","0","0","0","0","0","0","0","0","0","0","0","0","0","0","0","0","0","0","0","0","0","0","0","0","0","0","0","0","0","0","0","0","0","0","0","0","0","0","0","0","0","0","0","0","0","0","0","0","0","0","0","0","0","0","0","0","0","0"
"Sour Peach Hearts Individual ( RM-01-161-A )","Redstone","—","0 lb","0 lb","0","-","0 lb","-","-","SA-01-161-A 3.4","-","5 w","4 w","—","SA-01-161-A :   Yes","Legacy","—","—","50.0 % Week  49 - 53","L-A01-REG-24-161-XXX","904","0","0","0","0","0","0","0","0","0","0","0","0","0","0","0","0","0","0","0","0","0","0","0","0","0","0","0","0","0","0","0","0","0","0","0","0","0","0","0","0","0","0","0","0","0","0","0","0","0","0","0","0","0","0","0","0","0","0","0","0","0"
"Boston Baked Beans Bulk ( RM-05-063-A )","Redstone","Englewood","0 lb","82 lb","0","-","42 lb","40 lb","P02124 7/21/26","SA-05-063-A 3.6","Candy & Snacks :  0.3 %","5 w","4 w","—","SA-05-063-A :   No","Legacy","—","—","50.0 % Week  49 - 53","L-A05-REG-22-063-XXX","1,190","0","4 lb","7 lb","5 lb","6 lb","6 lb","6 lb","8 lb","14 lb","10 lb","8 lb","9 lb","7 lb","8 lb","13 lb","10 lb","38 lb","75 lb","108 lb","74 lb","19 lb","23 lb","11 lb","8 lb","5 lb","0","0","0","0","0","0","0","0","0","0","0","0","0","0","0","0","0","0","0","0","0","0","0","0","0","0","0","0","0","0","0","0","0","0","0","0"
"French Burnt Peanuts Bulk ( RM-05-064-A )","Redstone","Englewood","0 lb","60 lb","0","-","60 lb","-","-","SA-05-064-A 3.6","Candy & Snacks :  0.5 %","5 w","4 w","—","SA-05-064-A :   No","Legacy","—","—","50.0 % Week  49 - 53","L-A05-REG-22-064-XXX","674","53 lbs","7 lb","11 lb","9 lb","10 lb","10 lb","11 lb","13 lb","23 lb","18 lb","13 lb","15 lb","12 lb","14 lb","21 lb","17 lb","64 lb","126 lb","182 lb","125 lb","33 lb","39 lb","19 lb","14 lb","9 lb","0","0","0","0","0","0","0","0","0","0","0","0","0","0","0","0","0","0","0","0","0","0","0","0","0","0","0","0","0","0","0","0","0","0","0","0"
"Lemon Creme Almonds Bulk ( RM-05-065-A )","Redstone","—","0 lb","7 lb","7","-","0 lb","-","-","SA-05-065-A 3.6","-","5 w","4 w","—","SA-05-065-A :   No","Legacy","—","—","50.0 % Week  49 - 53","L-A05-REG-22-065-XXX","1,208","0","0","0","0","0","0","0","0","0","0","0","0","0","0","0","0","0","0","0","0","0","0","0","0","0","0","0","0","0","0","0","0","0","0","0","0","0","0","0","0","0","0","0","0","0","0","0","0","0","0","0","0","0","0","0","0","0","0","0","0","0"
"Jordan Almonds Bulk ( RM-05-066-A )","Redstone","Englewood","0 lb","6 lb","0","-","6 lb","-","-","SA-05-066-A 3.6","Candy & Snacks :  0.7 %","5 w","4 w","—","SA-05-066-A :   No","Legacy","—","—","50.0 % Week  49 - 53","L-A05-REG-22-066-XXX","584","158 lbs","11 lb","17 lb","13 lb","14 lb","14 lb","16 lb","19 lb","34 lb","25 lb","19 lb","22 lb","18 lb","21 lb","31 lb","25 lb","93 lb","183 lb","264 lb","181 lb","48 lb","57 lb","27 lb","20 lb","13 lb","0","0","0","0","0","0","0","0","0","0","0","0","0","0","0","0","0","0","0","0","0","0","0","0","0","0","0","0","0","0","0","0","0","0","0","0"
"Milk Chocolate Raisins Bulk ( RM-05-067-A )","Redstone","—","0 lb","321 lb","1","-","320 lb","-","-","SA-05-067-A 3.6","-","5 w","4 w","—","SA-05-067-A :   No","Legacy","—","—","50.0 % Week  49 - 53","L-A05-REG-22-067-XXX","1,585","0","0","0","0","0","0","0","0","0","0","0","0","0","0","0","0","0","0","0","0","0","0","0","0","0","0","0","0","0","0","0","0","0","0","0","0","0","0","0","0","0","0","0","0","0","0","0","0","0","0","0","0","0","0","0","0","0","0","0","0","0"
"Sea Salt Caramel Peanuts Bulk ( RM-05-069-A )","Redstone","Englewood","0 lb","126 lb","0","-","26 lb","100 lb","P02124 7/21/26","SA-05-069-A 3.6","Candy & Snacks :  1.1 %","5 w","4 w","—","SA-05-069-A :   No","Legacy","—","—","50.0 % Week  49 - 53","L-A05-REG-22-069-XXX","1,043","120 lbs","16 lb","25 lb","20 lb","22 lb","21 lb","24 lb","29 lb","51 lb","38 lb","29 lb","33 lb","27 lb","31 lb","47 lb","37 lb","140 lb","276 lb","398 lb","273 lb","72 lb","86 lb","41 lb","30 lb","20 lb","0","0","0","0","0","0","0","0","0","0","0","0","0","0","0","0","0","0","0","0","0","0","0","0","0","0","0","0","0","0","0","0","0","0","0","0"
"Hersheys Kisses Bulk ( RM-01-121-A )","Redstone · then  Jack's","—","0 lb","0 lb","0","-","0 lb","-","-","SA-01-121-A 3.8","-","5 w","4 w","—","SA-01-121-A :   Yes","Legacy","—","—","50.0 % Week  49 - 53","L-A01-REG-22-121-XXX","24","0","0","0","0","0","0","0","0","0","0","0","0","0","0","0","0","0","0","0","0","0","0","0","0","0","0","0","0","0","0","0","0","0","0","0","0","0","0","0","0","0","0","0","0","0","0","0","0","0","0","0","0","0","0","0","0","0","0","0","0","0"
"Smokehouse Almonds Bulk ( RM-05-070-A )","CJ Dannemiller","Englewood","0 lb","0 lb","0","-","-22 lb","-","-","SA-05-070-A 3.6","Candy & Snacks :  1.1 %","4 w","4 w","—","SA-05-070-A :   No","Legacy","—","—","50.0 % Week  49 - 53","L-A05-REG-22-070-XXX","474","224 lbs","16 lb","24 lb","19 lb","21 lb","20 lb","23 lb","28 lb","50 lb","37 lb","28 lb","32 lb","26 lb","30 lb","46 lb","36 lb","136 lb","268 lb","387 lb","265 lb","70 lb","84 lb","40 lb","29 lb","20 lb","0","0","0","0","0","0","0","0","0","0","0","0","0","0","0","0","0","0","0","0","0","0","0","0","0","0","0","0","0","0","0","0","0","0","0","0"
"Honey Roasted Cashews Bulk ( RM-05-071-A )","CJ Dannemiller","Englewood","0 lb","349 lb","0","-","349 lb","-","-","SA-05-071-A 3.6","Candy & Snacks :  2.2 %","4 w","4 w","—","SA-05-071-A :   No","Legacy","—","—","50.0 % Week  49 - 53","L-A05-REG-22-071-XXX","2,474","70 lbs","33 lb","50 lb","40 lb","44 lb","42 lb","48 lb","59 lb","104 lb","77 lb","58 lb","66 lb","55 lb","63 lb","95 lb","76 lb","282 lb","558 lb","804 lb","550 lb","145 lb","174 lb","83 lb","61 lb","41 lb","0","0","0","0","0","0","0","0","0","0","0","0","0","0","0","0","0","0","0","0","0","0","0","0","0","0","0","0","0","0","0","0","0","0","0","0"
"Honey Roasted Pecans Bulk ( RM-05-072-A )","CJ Dannemiller","Englewood","0 lb","130 lb","0","-","130 lb","-","-","SA-05-072-A 3.6","-","4 w","4 w","—","SA-05-072-A :   Yes","Legacy","—","—","50.0 % Week  49 - 53","L-A05-REG-22-072-XXX","236","0","0","0","0","0","0","0","0","0","0","0","0","0","0","0","0","0","0","0","0","0","0","0","0","0","0","0","0","0","0","0","0","0","0","0","0","0","0","0","0","0","0","0","0","0","0","0","0","0","0","0","0","0","0","0","0","0","0","0","0","0"
"Spicy Cashews Bulk ( RM-05-074-A )","CJ Dannemiller","Englewood","0 lb","85 lb","0","-","85 lb","-","-","SA-05-074-A 3.6","Candy & Snacks :  1.1 %","4 w","4 w","—","SA-05-074-A :   No","Legacy","—","—","50.0 % Week  49 - 53","L-A05-REG-22-074-XXX","958","119 lbs","16 lb","24 lb","20 lb","21 lb","20 lb","23 lb","29 lb","50 lb","38 lb","28 lb","32 lb","27 lb","31 lb","46 lb","37 lb","137 lb","271 lb","391 lb","268 lb","70 lb","85 lb","40 lb","29 lb","20 lb","0","0","0","0","0","0","0","0","0","0","0","0","0","0","0","0","0","0","0","0","0","0","0","0","0","0","0","0","0","0","0","0","0","0","0","0"
"Buffalo Ranch Cashews Bulk ( RM-05-075-A )","CJ Dannemiller","Englewood","0 lb","13 lb","0","-","13 lb","-","-","SA-05-075-A 3.6","Candy & Snacks :  0.9 %","4 w","4 w","—","SA-05-075-A :   No","Legacy","—","—","50.0 % Week  49 - 53","L-A05-REG-22-075-XXX","261","164 lbs","14 lb","21 lb","17 lb","18 lb","18 lb","20 lb","25 lb","44 lb","33 lb","24 lb","28 lb","23 lb","26 lb","40 lb","32 lb","119 lb","235 lb","339 lb","232 lb","61 lb","73 lb","35 lb","26 lb","17 lb","0","0","0","0","0","0","0","0","0","0","0","0","0","0","0","0","0","0","0","0","0","0","0","0","0","0","0","0","0","0","0","0","0","0","0","0"
"Dill Pickle Cashews Bulk ( RM-05-076-A )","CJ Dannemiller","Englewood","0 lb","52 lb","0","-","52 lb","-","-","SA-05-076-A 3.6","Candy & Snacks :  1.4 %","4 w","4 w","—","SA-05-076-A :   No","Legacy","—","—","50.0 % Week  49 - 53","L-A05-REG-22-076-XXX","1,006","218 lbs","21 lb","32 lb","26 lb","28 lb","27 lb","31 lb","38 lb","67 lb","50 lb","37 lb","42 lb","35 lb","40 lb","61 lb","49 lb","182 lb","359 lb","517 lb","354 lb","93 lb","112 lb","54 lb","39 lb","26 lb","0","0","0","0","0","0","0","0","0","0","0","0","0","0","0","0","0","0","0","0","0","0","0","0","0","0","0","0","0","0","0","0","0","0","0","0"
"Roasted Cashews Bulk ( RM-05-001-A )","CJ Dannemiller · then  Nuts.com","Englewood","0 lb","85 lb","0","-","85 lb","-","-","SA-05-001-A 4.8","Candy & Snacks :  1.5 %","4 w","4 w","—","SA-05-001-A :   No","Legacy","—","—","50.0 % Week  49 - 53","L-A05-REG-22-001-XXX","3,870","133 lbs","17 lb","26 lb","21 lb","23 lb","22 lb","25 lb","31 lb","54 lb","40 lb","30 lb","34 lb","29 lb","33 lb","49 lb","39 lb","147 lb","290 lb","419 lb","287 lb","76 lb","91 lb","43 lb","32 lb","21 lb","0","0","0","0","0","0","0","0","0","0","0","0","0","0","0","0","0","0","0","0","0","0","0","0","0","0","0","0","0","0","0","0","0","0","0","0"
"Pistachios Bulk ( RM-05-083-A )","CJ Dannemiller · then  Nuts.com","Englewood","0 lb","115 lb","0","-","115 lb","-","-","SA-05-083-A 4.0","Candy & Snacks :  1.5 %","4 w","4 w","—","SA-05-083-A :   No","Legacy","—","—","50.0 % Week  49 - 53","L-A05-REG-22-083-XXX","5,848","138 lbs","20 lb","30 lb","24 lb","26 lb","25 lb","29 lb","35 lb","62 lb","47 lb","35 lb","40 lb","33 lb","38 lb","57 lb","46 lb","170 lb","336 lb","485 lb","332 lb","87 lb","105 lb","50 lb","37 lb","25 lb","0","0","0","0","0","0","0","0","0","0","0","0","0","0","0","0","0","0","0","0","0","0","0","0","0","0","0","0","0","0","0","0","0","0","0","0"
"Chocolate Rocks Bulk ( RM-01-011-A )","Jerry's","—","0 lb","0 lb","0","-","0 lb","-","-","SA-01-011-A 2.4","-","4 w","4 w","—","SA-01-011-A :   Yes","Legacy","—","—","50.0 % Week  49 - 53","L-A01-REG-22-011-XXX","935","0","0","0","0","0","0","0","0","0","0","0","0","0","0","0","0","0","0","0","0","0","0","0","0","0","0","0","0","0","0","0","0","0","0","0","0","0","0","0","0","0","0","0","0","0","0","0","0","0","0","0","0","0","0","0","0","0","0","0","0","0"
"Cherry Sours Bulk ( RM-01-042-A )","Jerry's","Englewood","0 lb","133 lb","0","-","133 lb","-","-","SA-01-042-A 2.8","Candy & Snacks :  1.3 %","4 w","4 w","—","SA-01-042-A :   No","Legacy","—","—","50.0 % Week  49 - 53","L-A01-REG-22-042-XXX","1,386","184 lbs","25 lb","38 lb","30 lb","33 lb","32 lb","36 lb","44 lb","78 lb","59 lb","44 lb","50 lb","42 lb","47 lb","72 lb","57 lb","214 lb","421 lb","608 lb","416 lb","110 lb","132 lb","63 lb","46 lb","31 lb","0","0","0","0","0","0","0","0","0","0","0","0","0","0","0","0","0","0","0","0","0","0","0","0","0","0","0","0","0","0","0","0","0","0","0","0"
"Mixed Salt Water Taffy Bulk ( RM-01-070-A )","Jerry's","—","0 lb","0 lb","0","-","0 lb","-","-","SA-01-070-A 4.2","-","4 w","4 w","—","SA-01-070-A :   Yes","Legacy","—","—","50.0 % Week  49 - 53","L-A01-REG-22-070-XXX","1,435","0","0","0","0","0","0","0","0","0","0","0","0","0","0","0","0","0","0","0","0","0","0","0","0","0","0","0","0","0","0","0","0","0","0","0","0","0","0","0","0","0","0","0","0","0","0","0","0","0","0","0","0","0","0","0","0","0","0","0","0","0"
"Dark Chocolate Almonds Bulk ( RM-01-123-A )","Jerry's","—","0 lb","0 lb","0","-","0 lb","-","-","FG-48-033-A 2.5 SA-01-123-A 2.9","-","4 w","4 w","—","FG-48-033-A :   No SA-01-123-A :   Yes","Legacy","—","—","50.0 % Week  49 - 53","L-A01-REG-22-123-XXX","1,157","0","0","0","0","0","0","0","0","0","0","0","0","0","0","0","0","0","0","0","0","0","0","0","0","0","0","0","0","0","0","0","0","0","0","0","0","0","0","0","0","0","0","0","0","0","0","0","0","0","0","0","0","0","0","0","0","0","0","0","0","0"
"Strawberry Bricks Bulk ( RM-01-133-A )","Jerry's","Englewood","0 lb","180 lb","0","-","153 lb","26 lb","P02062 6/8/26","SA-01-133-A 4.2","Candy & Snacks :  0.9 %","4 w","4 w","—","SA-01-133-A :   No","Legacy","—","—","50.0 % Week  49 - 53","L-A01-REG-22-133-XXX","2,102","0","11 lb","17 lb","14 lb","15 lb","15 lb","17 lb","20 lb","36 lb","27 lb","20 lb","23 lb","19 lb","22 lb","33 lb","26 lb","98 lb","192 lb","278 lb","190 lb","50 lb","60 lb","29 lb","21 lb","14 lb","0","0","0","0","0","0","0","0","0","0","0","0","0","0","0","0","0","0","0","0","0","0","0","0","0","0","0","0","0","0","0","0","0","0","0","0"
"Red Australian Licorice Bulk ( RM-01-135-A )","Jerry's","Englewood","0 lb","137 lb","0","-","137 lb","-","-","SA-01-135-A 4.0","Candy & Snacks :  1.5 %","4 w","4 w","—","SA-01-135-A :   No","Legacy","—","—","50.0 % Week  49 - 53","L-A01-REG-22-135-XXX","409","119 lbs","20 lb","31 lb","25 lb","27 lb","26 lb","29 lb","36 lb","63 lb","47 lb","35 lb","40 lb","34 lb","38 lb","58 lb","46 lb","173 lb","341 lb","492 lb","337 lb","89 lb","106 lb","51 lb","37 lb","25 lb","0","0","0","0","0","0","0","0","0","0","0","0","0","0","0","0","0","0","0","0","0","0","0","0","0","0","0","0","0","0","0","0","0","0","0","0"
"Caramelized Mixed Nuts Bulk ( RM-05-004-A )","Jerry's","—","0 lb","24 lb","0","-","24 lb","-","-","SA-05-004-A 4.3","-","4 w","4 w","—","SA-05-004-A :   Yes","Legacy","—","—","50.0 % Week  49 - 53","L-A05-REG-22-004-XXX","2,270","0","0","0","0","0","0","0","0","0","0","0","0","0","0","0","0","0","0","0","0","0","0","0","0","0","0","0","0","0","0","0","0","0","0","0","0","0","0","0","0","0","0","0","0","0","0","0","0","0","0","0","0","0","0","0","0","0","0","0","0","0"
"Honey Toasted Pecans Bulk ( RM-05-006-A )","Jerry's","—","0 lb","0 lb","-1","-","0 lb","-","-","SA-05-006-A 3.8","-","4 w","4 w","—","SA-05-006-A :   Yes","Legacy","—","—","50.0 % Week  49 - 53","L-A05-REG-22-006-XXX","6,446","0","0","0","0","0","0","0","0","0","0","0","0","0","0","0","0","0","0","0","0","0","0","0","0","0","0","0","0","0","0","0","0","0","0","0","0","0","0","0","0","0","0","0","0","0","0","0","0","0","0","0","0","0","0","0","0","0","0","0","0","0"
"Cajun Hot Mix Bulk ( RM-05-024-A )","Jerry's","Englewood","0 lb","23 lb","0","-","23 lb","-","-","SA-05-024-A 5.6","Candy & Snacks :  0.9 %","4 w","4 w","—","SA-05-024-A :   No","Legacy","—","—","50.0 % Week  49 - 53","L-A05-REG-22-024-XXX","411","93 lbs","9 lb","14 lb","11 lb","12 lb","12 lb","13 lb","16 lb","29 lb","21 lb","16 lb","18 lb","15 lb","17 lb","26 lb","21 lb","78 lb","154 lb","223 lb","152 lb","40 lb","48 lb","23 lb","17 lb","11 lb","0","0","0","0","0","0","0","0","0","0","0","0","0","0","0","0","0","0","0","0","0","0","0","0","0","0","0","0","0","0","0","0","0","0","0","0"
"Cherry Nut Harvest Bulk ( RM-05-025-A )","Jerry's","Englewood","0 lb","0 lb","0","-","-70 lb","-","-","SA-05-025-A 4.5","Candy & Snacks :  0.7 %","4 w","4 w","—","SA-05-025-A :   No","Legacy","—","—","50.0 % Week  49 - 53","L-A05-REG-22-025-XXX","871","175 lbs","8 lb","13 lb","10 lb","11 lb","11 lb","12 lb","15 lb","26 lb","19 lb","15 lb","17 lb","14 lb","16 lb","24 lb","19 lb","71 lb","140 lb","202 lb","138 lb","36 lb","44 lb","21 lb","15 lb","10 lb","0","0","0","0","0","0","0","0","0","0","0","0","0","0","0","0","0","0","0","0","0","0","0","0","0","0","0","0","0","0","0","0","0","0","0","0"
"Rise & Shine Bulk ( RM-05-027-A )","Jerry's","Englewood","0 lb","87 lb","87","-","0 lb","-","-","SA-05-027-A 4.2","Candy & Snacks :  0.6 %","4 w","4 w","—","SA-05-027-A :   No","Legacy","—","—","50.0 % Week  49 - 53","L-A05-REG-22-027-XXX","631","17 lbs","8 lb","13 lb","10 lb","11 lb","11 lb","12 lb","15 lb","26 lb","19 lb","15 lb","16 lb","14 lb","16 lb","24 lb","19 lb","71 lb","139 lb","201 lb","138 lb","36 lb","44 lb","21 lb","15 lb","10 lb","0","0","0","0","0","0","0","0","0","0","0","0","0","0","0","0","0","0","0","0","0","0","0","0","0","0","0","0","0","0","0","0","0","0","0","0"
"Banana Split Bulk ( RM-05-029-A )","Jerry's","Englewood","0 lb","125 lb","0","-","100 lb","25 lb","P02118 7/12/26","SA-05-029-A 4.3","Candy & Snacks :  0.7 %","4 w","4 w","—","SA-05-029-A :   No","Legacy","—","—","50.0 % Week  49 - 53","L-A05-REG-22-029-XXX","3,058","0","9 lb","13 lb","11 lb","11 lb","11 lb","13 lb","15 lb","27 lb","20 lb","15 lb","17 lb","14 lb","16 lb","25 lb","20 lb","74 lb","146 lb","211 lb","144 lb","38 lb","46 lb","22 lb","16 lb","11 lb","0","0","0","0","0","0","0","0","0","0","0","0","0","0","0","0","0","0","0","0","0","0","0","0","0","0","0","0","0","0","0","0","0","0","0","0"
"G.O.R.P. Bulk ( RM-05-030-A )","Jerry's","Englewood","0 lb","15 lb","0","-","15 lb","-","-","SA-05-030-A 4.0","Candy & Snacks :  0.5 %","4 w","4 w","—","SA-05-030-A :   No","Legacy","—","—","50.0 % Week  49 - 53","L-A05-REG-22-030-XXX","346","70 lbs","7 lb","10 lb","8 lb","9 lb","9 lb","10 lb","12 lb","21 lb","16 lb","12 lb","13 lb","11 lb","13 lb","19 lb","15 lb","57 lb","113 lb","163 lb","111 lb","29 lb","35 lb","17 lb","12 lb","8 lb","0","0","0","0","0","0","0","0","0","0","0","0","0","0","0","0","0","0","0","0","0","0","0","0","0","0","0","0","0","0","0","0","0","0","0","0"
"Peanut Passion Bulk ( RM-05-032-A )","Jerry's","Englewood","0 lb","0 lb","0","-","-5 lb","-","-","SA-05-032-A 4.0","Candy & Snacks :  0.4 %","4 w","4 w","—","SA-05-032-A :   No","Legacy","—","—","50.0 % Week  49 - 53","L-A05-REG-22-032-XXX","159","81 lbs","6 lb","9 lb","7 lb","8 lb","8 lb","9 lb","11 lb","19 lb","14 lb","11 lb","12 lb","10 lb","11 lb","17 lb","14 lb","51 lb","101 lb","146 lb","100 lb","26 lb","32 lb","15 lb","11 lb","7 lb","0","0","0","0","0","0","0","0","0","0","0","0","0","0","0","0","0","0","0","0","0","0","0","0","0","0","0","0","0","0","0","0","0","0","0","0"
"Smok'n Cheddar Bulk ( RM-05-033-A )","Jerry's","Englewood","0 lb","0 lb","0","-","-90 lb","-","-","SA-05-033-A 8.3","Candy & Snacks :  0.9 %","4 w","4 w","—","SA-05-033-A :   No","Legacy","—","—","50.0 % Week  49 - 53","L-A05-REG-22-033-XXX","-","167 lbs","6 lb","9 lb","7 lb","8 lb","8 lb","9 lb","11 lb","19 lb","14 lb","11 lb","12 lb","10 lb","12 lb","17 lb","14 lb","52 lb","103 lb","148 lb","102 lb","27 lb","32 lb","15 lb","11 lb","8 lb","0","0","0","0","0","0","0","0","0","0","0","0","0","0","0","0","0","0","0","0","0","0","0","0","0","0","0","0","0","0","0","0","0","0","0","0"
"Snackens Bulk ( RM-05-044-A )","Jerry's","Englewood","0 lb","38 lb","0","-","38 lb","-","-","SA-05-044-A 9.1","Candy & Snacks :  1.1 %","4 w","4 w","—","SA-05-044-A :   No","Legacy","—","—","50.0 % Week  49 - 53","L-A05-REG-22-044-XXX","1,050","47 lbs","7 lb","10 lb","8 lb","9 lb","8 lb","10 lb","12 lb","21 lb","16 lb","12 lb","13 lb","11 lb","13 lb","19 lb","15 lb","57 lb","113 lb","162 lb","111 lb","29 lb","35 lb","17 lb","12 lb","8 lb","0","0","0","0","0","0","0","0","0","0","0","0","0","0","0","0","0","0","0","0","0","0","0","0","0","0","0","0","0","0","0","0","0","0","0","0"
"Chocolate Mint Cookie Bites Bulk ( RM-05-048-A )","Jerry's","—","0 lb","180 lb","180","-","0 lb","-","-","SA-05-048-A 4.2","-","4 w","4 w","—","SA-05-048-A :   Yes","Legacy","—","—","50.0 % Week  49 - 53","L-A05-REG-22-048-XXX","-","0","0","0","0","0","0","0","0","0","0","0","0","0","0","0","0","0","0","0","0","0","0","0","0","0","0","0","0","0","0","0","0","0","0","0","0","0","0","0","0","0","0","0","0","0","0","0","0","0","0","0","0","0","0","0","0","0","0","0","0","0"
"Yogurt Raisins Bulk ( RM-05-053-A )","Jerry's","—","0 lb","2 lb","2","-","0 lb","-","-","SA-05-053-A 3.2","-","4 w","4 w","—","SA-05-053-A :   Yes","Legacy","—","—","50.0 % Week  49 - 53","L-A05-REG-22-053-XXX","644","0","0","0","0","0","0","0","0","0","0","0","0","0","0","0","0","0","0","0","0","0","0","0","0","0","0","0","0","0","0","0","0","0","0","0","0","0","0","0","0","0","0","0","0","0","0","0","0","0","0","0","0","0","0","0","0","0","0","0","0","0"
"Dried Cranberries Bulk ( RM-05-082-A )","Jerry's","Englewood","0 lb","0 lb","0","-","0 lb","-","-","SA-05-082-A 3.0","Candy & Snacks :  0.2 %","4 w","4 w","—","SA-05-082-A :   No","Legacy","—","—","50.0 % Week  49 - 53","L-A05-REG-22-082-XXX","1,863","43 lbs","3 lb","5 lb","4 lb","5 lb","4 lb","5 lb","6 lb","11 lb","8 lb","6 lb","7 lb","6 lb","7 lb","10 lb","8 lb","29 lb","58 lb","83 lb","57 lb","15 lb","18 lb","9 lb","6 lb","4 lb","0","0","0","0","0","0","0","0","0","0","0","0","0","0","0","0","0","0","0","0","0","0","0","0","0","0","0","0","0","0","0","0","0","0","0","0"
"Butter Toffee Peanuts Bulk ( RM-05-084-A )","Jerry's","Englewood","0 lb","145 lb","0","-","145 lb","-","-","SA-05-084-A 3.4","Candy & Snacks :  1.6 %","4 w","4 w","—","SA-05-084-A :   No","Legacy","—","—","50.0 % Week  49 - 53","L-A05-REG-22-084-XXX","2,321","163 lbs","24 lb","37 lb","30 lb","32 lb","31 lb","35 lb","43 lb","76 lb","57 lb","43 lb","48 lb","40 lb","46 lb","69 lb","55 lb","207 lb","409 lb","590 lb","404 lb","106 lb","128 lb","61 lb","45 lb","30 lb","0","0","0","0","0","0","0","0","0","0","0","0","0","0","0","0","0","0","0","0","0","0","0","0","0","0","0","0","0","0","0","0","0","0","0","0"
"Wasabi Peas Bulk ( RM-05-085-A )","Jerry's","Englewood","0 lb","44 lb","0","-","44 lb","-","-","SA-05-085-A 4.5","Candy & Snacks :  0.6 %","4 w","4 w","—","SA-05-085-A :   No","Legacy","—","—","50.0 % Week  49 - 53","L-A05-REG-22-085-XXX","4,466","51 lbs","7 lb","11 lb","9 lb","10 lb","9 lb","11 lb","13 lb","23 lb","17 lb","13 lb","15 lb","12 lb","14 lb","21 lb","17 lb","64 lb","126 lb","181 lb","124 lb","33 lb","39 lb","19 lb","14 lb","9 lb","0","0","0","0","0","0","0","0","0","0","0","0","0","0","0","0","0","0","0","0","0","0","0","0","0","0","0","0","0","0","0","0","0","0","0","0"
"Cinnamon Peanuts Bulk ( RM-05-088-A )","Jerry's","Englewood","0 lb","21 lb","0","-","21 lb","-","-","SA-05-088-A 3.3","Candy & Snacks :  1.0 %","4 w","4 w","—","SA-05-088-A :   No","Legacy","—","—","50.0 % Week  49 - 53","L-A05-REG-22-088-XXX","3,829","191 lbs","17 lb","25 lb","20 lb","22 lb","21 lb","24 lb","30 lb","52 lb","39 lb","29 lb","33 lb","28 lb","32 lb","48 lb","38 lb","143 lb","282 lb","407 lb","278 lb","73 lb","88 lb","42 lb","31 lb","21 lb","0","0","0","0","0","0","0","0","0","0","0","0","0","0","0","0","0","0","0","0","0","0","0","0","0","0","0","0","0","0","0","0","0","0","0","0"
"Green Apple Drops Bulk ( RM-01-013-A )","Nuts.com","Englewood","0 lb","51 lb","0","-","51 lb","-","-","SA-01-013-A 2.8","Candy & Snacks :  1.0 %","5 w","4 w","—","SA-01-013-A :   No","Legacy","—","—","50.0 % Week  49 - 53","L-A01-REG-22-013-XXX","503","248 lbs","20 lb","30 lb","24 lb","26 lb","25 lb","29 lb","35 lb","62 lb","47 lb","35 lb","40 lb","33 lb","38 lb","57 lb","45 lb","170 lb","335 lb","483 lb","331 lb","87 lb","105 lb","50 lb","36 lb","25 lb","0","0","0","0","0","0","0","0","0","0","0","0","0","0","0","0","0","0","0","0","0","0","0","0","0","0","0","0","0","0","0","0","0","0","0","0"
"Lemon Drops Bulk ( RM-01-014-A )","Nuts.com","Englewood","0 lb","79 lb","0","-","79 lb","-","-","FG-48-006-A 2.0 SA-01-014-A 2.8 SA-39-073-A 2.0","Candy & Snacks :  0.9 %","5 w","4 w","—","4  Active","Legacy","—","—","50.0 % Week  49 - 53","L-A01-REG-22-014-XXX","966","193 lbs","18 lb","28 lb","22 lb","24 lb","23 lb","26 lb","32 lb","57 lb","42 lb","32 lb","36 lb","30 lb","34 lb","52 lb","41 lb","155 lb","305 lb","440 lb","301 lb","79 lb","95 lb","46 lb","33 lb","22 lb","0","0","0","0","0","0","0","0","0","0","0","0","0","0","0","0","0","0","0","0","0","0","0","0","0","0","0","0","0","0","0","0","0","0","0","0"
"Strawberry Puffettes Bulk ( RM-01-034-A )","Nuts.com","—","0 lb","0 lb","0","-","-8 lb","-","-","SA-01-034-A 3.6","-","5 w","4 w","—","SA-01-034-A :   Yes","Legacy","—","—","50.0 % Week  49 - 53","L-A01-REG-22-034-XXX","245","0","0","0","0","0","0","0","0","0","0","0","0","0","0","0","0","0","0","0","0","0","0","0","0","0","0","0","0","0","0","0","0","0","0","0","0","0","0","0","0","0","0","0","0","0","0","0","0","0","0","0","0","0","0","0","0","0","0","0","0","0"
"Chick O Sticks Bulk ( RM-01-094-A )","Nuts.com","Englewood","0 lb","66 lb","0","-","66 lb","-","-","SA-01-094-A 4.2","Candy & Snacks :  0.6 %","5 w","4 w","—","SA-01-094-A :   No","Legacy","—","—","50.0 % Week  49 - 53","L-A01-REG-22-094-XXX","567","58 lbs","8 lb","13 lb","10 lb","11 lb","11 lb","12 lb","15 lb","26 lb","19 lb","15 lb","16 lb","14 lb","16 lb","24 lb","19 lb","71 lb","139 lb","201 lb","138 lb","36 lb","44 lb","21 lb","15 lb","10 lb","0","0","0","0","0","0","0","0","0","0","0","0","0","0","0","0","0","0","0","0","0","0","0","0","0","0","0","0","0","0","0","0","0","0","0","0"
"Reeses Mini Peanut Butter Cups Bulk ( RM-01-100-A )","Nuts.com","—","0 lb","0 lb","0","-","0 lb","-","-","SA-01-100-A 4.0","-","5 w","4 w","—","SA-01-100-A :   Yes","Legacy","—","—","50.0 % Week  49 - 53","L-A01-REG-22-100-XXX","964","0","0","0","0","0","0","0","0","0","0","0","0","0","0","0","0","0","0","0","0","0","0","0","0","0","0","0","0","0","0","0","0","0","0","0","0","0","0","0","0","0","0","0","0","0","0","0","0","0","0","0","0","0","0","0","0","0","0","0","0","0"
"Pumpkin Spice Malt Balls Bulk ( RM-01-106-A )","Nuts.com","—","0 lb","0 lb","0","-","0 lb","-","-","SA-01-106-A 4.0","-","5 w","4 w","—","SA-01-106-A :   Yes","Legacy","—","—","50.0 % Week  49 - 53","L-A01-REG-22-106-XXX","-","0","0","0","0","0","0","0","0","0","0","0","0","0","0","0","0","0","0","0","0","0","0","0","0","0","0","0","0","0","0","0","0","0","0","0","0","0","0","0","0","0","0","0","0","0","0","0","0","0","0","0","0","0","0","0","0","0","0","0","0","0"
"Roasted Almonds Bulk ( RM-05-002-A )","Nuts.com","Englewood","0 lb","0 lb","0","-","-2 lb","-","-","SA-05-002-A 4.2","Candy & Snacks :  0.7 %","5 w","4 w","—","SA-05-002-A :   No","Legacy","—","—","50.0 % Week  49 - 53","L-A05-REG-22-002-XXX","707","132 lbs","9 lb","13 lb","11 lb","11 lb","11 lb","13 lb","15 lb","27 lb","20 lb","15 lb","17 lb","14 lb","16 lb","25 lb","20 lb","74 lb","146 lb","211 lb","144 lb","38 lb","46 lb","22 lb","16 lb","11 lb","0","0","0","0","0","0","0","0","0","0","0","0","0","0","0","0","0","0","0","0","0","0","0","0","0","0","0","0","0","0","0","0","0","0","0","0"
"Cajun Peanuts Bulk ( RM-05-003-A )","Nuts.com","Englewood","0 lb","7 lb","0","-","7 lb","-","-","SA-05-003-A 5.9","Candy & Snacks :  0.6 %","5 w","4 w","—","SA-05-003-A :   No","Legacy","—","—","50.0 % Week  49 - 53","L-A05-REG-22-003-XXX","277","73 lbs","5 lb","8 lb","6 lb","7 lb","7 lb","8 lb","9 lb","17 lb","12 lb","9 lb","11 lb","9 lb","10 lb","15 lb","12 lb","45 lb","89 lb","129 lb","88 lb","23 lb","28 lb","13 lb","10 lb","7 lb","0","0","0","0","0","0","0","0","0","0","0","0","0","0","0","0","0","0","0","0","0","0","0","0","0","0","0","0","0","0","0","0","0","0","0","0"
"Japanese Peanuts Bulk ( RM-05-009-A )","Nuts.com","Englewood","0 lb","48 lb","0","-","48 lb","-","-","SA-05-009-A 5.3","Candy & Snacks :  0.7 %","5 w","4 w","—","SA-05-009-A :   No","Legacy","—","—","50.0 % Week  49 - 53","L-A05-REG-22-009-XXX","640","55 lbs","7 lb","10 lb","8 lb","9 lb","9 lb","10 lb","12 lb","21 lb","16 lb","12 lb","14 lb","11 lb","13 lb","20 lb","16 lb","59 lb","116 lb","167 lb","114 lb","30 lb","36 lb","17 lb","13 lb","8 lb","0","0","0","0","0","0","0","0","0","0","0","0","0","0","0","0","0","0","0","0","0","0","0","0","0","0","0","0","0","0","0","0","0","0","0","0"
"Dry Roasted Edamame Bulk ( RM-05-010-A )","Nuts.com","—","0 lb","77 lb","11","-","66 lb","-","-","SA-05-010-A 6.7","-","5 w","4 w","—","SA-05-010-A :   Yes","Legacy","—","—","50.0 % Week  49 - 53","L-A05-REG-22-010-XXX","-","0","0","0","0","0","0","0","0","0","0","0","0","0","0","0","0","0","0","0","0","0","0","0","0","0","0","0","0","0","0","0","0","0","0","0","0","0","0","0","0","0","0","0","0","0","0","0","0","0","0","0","0","0","0","0","0","0","0","0","0","0"
"Banana Chips Bulk ( RM-05-011-A )","Nuts.com","Englewood","0 lb","42 lb","0","-","42 lb","-","-","SA-05-011-A 7.1","Candy & Snacks :  0.6 %","5 w","4 w","—","SA-05-011-A :   No","Legacy","—","—","50.0 % Week  49 - 53","L-A05-REG-22-011-XXX","2,087","25 lbs","4 lb","7 lb","5 lb","6 lb","6 lb","6 lb","8 lb","14 lb","10 lb","8 lb","9 lb","7 lb","8 lb","13 lb","10 lb","38 lb","75 lb","108 lb","74 lb","19 lb","23 lb","11 lb","8 lb","5 lb","0","0","0","0","0","0","0","0","0","0","0","0","0","0","0","0","0","0","0","0","0","0","0","0","0","0","0","0","0","0","0","0","0","0","0","0"
"Diced Mango Bulk ( RM-05-013-A )","Nuts.com","Englewood","0 lb","63 lb","0","-","63 lb","-","-","SA-05-013-A 4.3","Candy & Snacks :  0.8 %","5 w","4 w","—","SA-05-013-A :   No","Legacy","—","—","50.0 % Week  49 - 53","L-A05-REG-22-013-XXX","1,500","84 lbs","10 lb","15 lb","12 lb","13 lb","12 lb","14 lb","17 lb","31 lb","23 lb","17 lb","20 lb","16 lb","19 lb","28 lb","22 lb","84 lb","165 lb","239 lb","163 lb","43 lb","52 lb","25 lb","18 lb","12 lb","0","0","0","0","0","0","0","0","0","0","0","0","0","0","0","0","0","0","0","0","0","0","0","0","0","0","0","0","0","0","0","0","0","0","0","0"
"Dried Pineapple Chunks Bulk ( RM-05-014-A )","Nuts.com","Englewood","0 lb","96 lb","0","-","96 lb","-","-","SA-05-014-A 4.3","Candy & Snacks :  1.0 %","5 w","4 w","—","SA-05-014-A :   No","Legacy","—","—","50.0 % Week  49 - 53","L-A05-REG-22-014-XXX","960","85 lbs","12 lb","18 lb","15 lb","16 lb","15 lb","18 lb","21 lb","38 lb","28 lb","21 lb","24 lb","20 lb","23 lb","35 lb","28 lb","103 lb","204 lb","294 lb","201 lb","53 lb","64 lb","30 lb","22 lb","15 lb","0","0","0","0","0","0","0","0","0","0","0","0","0","0","0","0","0","0","0","0","0","0","0","0","0","0","0","0","0","0","0","0","0","0","0","0"
"Diced Cinnamon Apples Bulk ( RM-05-017-A )","Nuts.com","Englewood","0 lb","2 lb","2","-","0 lb","-","-","SA-05-017-A 4.2","-","5 w","4 w","—","SA-05-017-A :   Yes","Legacy","—","—","50.0 % Week  49 - 53","L-A05-REG-22-017-XXX","3,745","0","0","0","0","0","0","0","0","0","0","0","0","0","0","0","0","0","0","0","0","0","0","0","0","0","0","0","0","0","0","0","0","0","0","0","0","0","0","0","0","0","0","0","0","0","0","0","0","0","0","0","0","0","0","0","0","0","0","0","0","0"
"Mix of Champions Bulk ( RM-05-019-A )","Nuts.com","Englewood","0 lb","75 lb","0","-","75 lb","-","-","SA-05-019-A 5.3","Candy & Snacks :  0.8 %","5 w","4 w","—","SA-05-019-A :   No","Legacy","—","—","50.0 % Week  49 - 53","L-A05-REG-22-019-XXX","1,585","47 lbs","8 lb","12 lb","10 lb","11 lb","10 lb","12 lb","14 lb","25 lb","19 lb","14 lb","16 lb","13 lb","15 lb","23 lb","19 lb","69 lb","137 lb","197 lb","135 lb","36 lb","43 lb","20 lb","15 lb","10 lb","0","0","0","0","0","0","0","0","0","0","0","0","0","0","0","0","0","0","0","0","0","0","0","0","0","0","0","0","0","0","0","0","0","0","0","0"
"Power Mix Bulk ( RM-05-020-A )","Nuts.com","Englewood","0 lb","74 lb","0","-","74 lb","-","-","SA-05-020-A 4.2","Candy & Snacks :  0.5 %","5 w","4 w","—","SA-05-020-A :   No","Legacy","—","—","50.0 % Week  49 - 53","L-A05-REG-22-020-XXX","646","16 lbs","6 lb","9 lb","7 lb","8 lb","8 lb","9 lb","11 lb","19 lb","14 lb","11 lb","12 lb","10 lb","11 lb","17 lb","14 lb","52 lb","102 lb","147 lb","100 lb","26 lb","32 lb","15 lb","11 lb","7 lb","0","0","0","0","0","0","0","0","0","0","0","0","0","0","0","0","0","0","0","0","0","0","0","0","0","0","0","0","0","0","0","0","0","0","0","0"
"Extreme Trail Mix Bulk ( RM-05-021-A )","Nuts.com","Englewood","0 lb","74 lb","0","-","74 lb","-","-","SA-05-021-A 4.2","Candy & Snacks :  0.9 %","5 w","4 w","—","SA-05-021-A :   No","Legacy","—","—","50.0 % Week  49 - 53","L-A05-REG-22-021-XXX","534","109 lbs","12 lb","19 lb","15 lb","16 lb","16 lb","18 lb","22 lb","38 lb","29 lb","21 lb","24 lb","20 lb","23 lb","35 lb","28 lb","104 lb","206 lb","297 lb","203 lb","54 lb","64 lb","31 lb","22 lb","15 lb","0","0","0","0","0","0","0","0","0","0","0","0","0","0","0","0","0","0","0","0","0","0","0","0","0","0","0","0","0","0","0","0","0","0","0","0"
"Honey Mustard Pretzel Bites Bulk ( RM-05-034-A )","Nuts.com","Englewood","0 lb","99 lb","0","-","99 lb","-","-","SA-05-034-A 7.1","Candy & Snacks :  1.4 %","5 w","4 w","—","SA-05-034-A :   No","Legacy","—","—","50.0 % Week  49 - 53","L-A05-REG-22-034-XXX","1,077","62 lbs","11 lb","16 lb","13 lb","14 lb","14 lb","16 lb","19 lb","34 lb","25 lb","19 lb","21 lb","18 lb","20 lb","31 lb","24 lb","92 lb","181 lb","261 lb","178 lb","47 lb","56 lb","27 lb","20 lb","13 lb","0","0","0","0","0","0","0","0","0","0","0","0","0","0","0","0","0","0","0","0","0","0","0","0","0","0","0","0","0","0","0","0","0","0","0","0"
"Monkey Munch Bulk ( RM-05-038-A )","Nuts.com","—","0 lb","45 lb","5","-","40 lb","-","-","SA-05-038-A 7.7","-","5 w","4 w","—","SA-05-038-A :   No","Legacy","—","—","50.0 % Week  49 - 53","L-A05-REG-22-038-XXX","872","0","0","0","0","0","0","0","0","0","0","0","0","0","0","0","0","0","0","0","0","0","0","0","0","0","0","0","0","0","0","0","0","0","0","0","0","0","0","0","0","0","0","0","0","0","0","0","0","0","0","0","0","0","0","0","0","0","0","0","0","0"
"Peanut Butter Pretzel Bites Bulk ( RM-05-041-A )","Nuts.com","Englewood","0 lb","38 lb","0","-","38 lb","-","-","SA-05-041-A 7.1","Candy & Snacks :  1.2 %","5 w","4 w","—","SA-05-041-A :   No","Legacy","—","—","50.0 % Week  49 - 53","L-A05-REG-22-041-XXX","2,290","98 lbs","9 lb","14 lb","11 lb","12 lb","11 lb","13 lb","16 lb","28 lb","21 lb","16 lb","18 lb","15 lb","17 lb","26 lb","21 lb","77 lb","152 lb","220 lb","150 lb","40 lb","48 lb","23 lb","17 lb","11 lb","0","0","0","0","0","0","0","0","0","0","0","0","0","0","0","0","0","0","0","0","0","0","0","0","0","0","0","0","0","0","0","0","0","0","0","0"
"Dried Papaya Chunks Bulk ( RM-05-054-A )","Nuts.com","Englewood","0 lb","88 lb","0","-","88 lb","-","-","SA-05-054-A 4.3","Candy & Snacks :  0.3 %","5 w","4 w","—","SA-05-054-A :   No","Legacy","—","—","50.0 % Week  49 - 53","L-A05-REG-22-054-XXX","778","0","4 lb","6 lb","5 lb","5 lb","5 lb","6 lb","7 lb","13 lb","10 lb","7 lb","8 lb","7 lb","8 lb","12 lb","9 lb","35 lb","70 lb","101 lb","69 lb","18 lb","22 lb","10 lb","8 lb","5 lb","0","0","0","0","0","0","0","0","0","0","0","0","0","0","0","0","0","0","0","0","0","0","0","0","0","0","0","0","0","0","0","0","0","0","0","0"
"Memphis BBQ Peanuts Bulk ( RM-05-073-A )","Nuts.com","—","0","0","0","-","0","-","-","SA-05-073-A","-","5 w","4 w","—","-","Legacy","—","—","50.0 % Week  49 - 53","-","-","0","0","0","0","0","0","0","0","0","0","0","0","0","0","0","0","0","0","0","0","0","0","0","0","0","0","0","0","0","0","0","0","0","0","0","0","0","0","0","0","0","0","0","0","0","0","0","0","0","0","0","0","0","0","0","0","0","0","0","0","0"
"Healthy Trail Mix Bulk ( RM-05-081-A )","Nuts.com","Englewood","0 lb","75 lb","0","-","75 lb","-","-","SA-05-081-A 3.6","Candy & Snacks :  0.8 %","5 w","4 w","—","SA-05-081-A :   No","Legacy","—","—","50.0 % Week  49 - 53","L-A05-REG-22-081-XXX","2,111","100 lbs","11 lb","18 lb","14 lb","15 lb","15 lb","17 lb","21 lb","36 lb","27 lb","20 lb","23 lb","19 lb","22 lb","33 lb","27 lb","99 lb","196 lb","283 lb","194 lb","51 lb","61 lb","29 lb","21 lb","14 lb","0","0","0","0","0","0","0","0","0","0","0","0","0","0","0","0","0","0","0","0","0","0","0","0","0","0","0","0","0","0","0","0","0","0","0","0"
"Bourbon Street Mix Bulk ( RM-05-086-A )","Nuts.com","Englewood","0 lb","90 lb","0","-","90 lb","-","-","SA-05-086-A 4.0","Candy & Snacks :  1.2 %","5 w","4 w","—","SA-05-086-A :   No","Legacy","—","—","50.0 % Week  49 - 53","L-A05-REG-22-086-XXX","4,607","155 lbs","16 lb","25 lb","20 lb","21 lb","21 lb","24 lb","29 lb","51 lb","38 lb","29 lb","32 lb","27 lb","31 lb","47 lb","37 lb","139 lb","274 lb","396 lb","271 lb","71 lb","86 lb","41 lb","30 lb","20 lb","0","0","0","0","0","0","0","0","0","0","0","0","0","0","0","0","0","0","0","0","0","0","0","0","0","0","0","0","0","0","0","0","0","0","0","0"
"Pbnj Mix Bulk ( RM-05-089-A )","Nuts.com","Englewood","0 lb","20 lb","0","-","0 lb","20 lb","P02004 5/4/26","SA-05-089-A 3.4","Candy & Snacks :  0.4 %","5 w","4 w","—","SA-05-089-A :   No","Legacy","—","—","50.0 % Week  49 - 53","L-A05-REG-22-089-XXX","2,746","73 lbs","6 lb","9 lb","8 lb","8 lb","8 lb","9 lb","11 lb","19 lb","14 lb","11 lb","12 lb","10 lb","12 lb","18 lb","14 lb","53 lb","104 lb","150 lb","103 lb","27 lb","33 lb","16 lb","11 lb","8 lb","0","0","0","0","0","0","0","0","0","0","0","0","0","0","0","0","0","0","0","0","0","0","0","0","0","0","0","0","0","0","0","0","0","0","0","0"
"Sesame Peanuts Bulk ( RM-05-090-A )","Nuts.com","—","0 lb","0 lb","0","-","0 lb","-","-","SA-05-090-A 4.0","-","5 w","4 w","—","SA-05-090-A :   Yes","Legacy","—","—","50.0 % Week  49 - 53","L-A05-REG-22-090-XXX","2,230","0","0","0","0","0","0","0","0","0","0","0","0","0","0","0","0","0","0","0","0","0","0","0","0","0","0","0","0","0","0","0","0","0","0","0","0","0","0","0","0","0","0","0","0","0","0","0","0","0","0","0","0","0","0","0","0","0","0","0","0","0"
"Apple Crisp A La Mode Bulk ( RM-06-109-A )","AG Alchemy","Englewood","0 lb","47 lb","26","-","21 lb","-","-","SA-06-109-A 5.6","Dog S-Wag :  3.4 %","4 w","4 w","—","SA-06-109-A :   No","Legacy","—","—","50.0 % Week  49 - 53","L-A06-REG-24-109-XXX","312","0","2 lb","4 lb","3 lb","3 lb","3 lb","3 lb","4 lb","7 lb","5 lb","4 lb","5 lb","4 lb","4 lb","7 lb","5 lb","17 lb","33 lb","47 lb","32 lb","9 lb","10 lb","5 lb","4 lb","3 lb","0","0","0","0","0","0","0","0","0","0","0","0","0","0","0","0","0","0","0","0","0","0","0","0","0","0","0","0","0","0","0","0","0","0","0","0"
"Bacon and Eggs Bulk ( RM-06-110-A )","AG Alchemy","Englewood","0 lb","54 lb","17","-","38 lb","-","-","SA-06-110-A 7.7","Dog S-Wag :  7.2 %","4 w","4 w","—","SA-06-110-A :   No","Legacy","—","—","50.0 % Week  49 - 53","L-A06-REG-24-110-XXX","898","0","4 lb","5 lb","4 lb","5 lb","5 lb","5 lb","6 lb","11 lb","8 lb","6 lb","7 lb","6 lb","7 lb","10 lb","8 lb","26 lb","51 lb","73 lb","50 lb","13 lb","16 lb","8 lb","6 lb","5 lb","0","0","0","0","0","0","0","0","0","0","0","0","0","0","0","0","0","0","0","0","0","0","0","0","0","0","0","0","0","0","0","0","0","0","0","0"
"Banana Split Bulk ( RM-06-111-A )","AG Alchemy","Englewood","0 lb","36 lb","55","-","-20 lb","-","-","SA-06-111-A 4.8","Dog S-Wag :  3.6 %","4 w","4 w","—","SA-06-111-A :   No","Legacy","—","—","50.0 % Week  49 - 53","L-A06-REG-24-111-XXX","537","1 lb","3 lb","4 lb","4 lb","4 lb","4 lb","4 lb","5 lb","9 lb","7 lb","5 lb","6 lb","5 lb","5 lb","8 lb","7 lb","21 lb","40 lb","58 lb","40 lb","11 lb","13 lb","6 lb","4 lb","4 lb","0","0","0","0","0","0","0","0","0","0","0","0","0","0","0","0","0","0","0","0","0","0","0","0","0","0","0","0","0","0","0","0","0","0","0","0"
"Birthday Cake Bulk ( RM-06-112-A )","AG Alchemy","Englewood","0 lb","48 lb","26","-","22 lb","-","-","SA-06-112-A 4.8","Dog S-Wag :  4.0 %","4 w","4 w","—","SA-06-112-A :   No","Legacy","—","—","50.0 % Week  49 - 53","L-A06-REG-24-112-XXX","637","0","3 lb","5 lb","4 lb","4 lb","4 lb","5 lb","6 lb","10 lb","8 lb","6 lb","6 lb","5 lb","6 lb","9 lb","7 lb","23 lb","46 lb","66 lb","45 lb","12 lb","14 lb","7 lb","5 lb","5 lb","0","0","0","0","0","0","0","0","0","0","0","0","0","0","0","0","0","0","0","0","0","0","0","0","0","0","0","0","0","0","0","0","0","0","0","0"
"Blueberry Pancake Bulk ( RM-06-113-A )","AG Alchemy","Englewood","0 lb","40 lb","41","-","-2 lb","-","-","SA-06-113-A 4.8","Dog S-Wag :  6.0 %","4 w","4 w","—","SA-06-113-A :   No","Legacy","—","—","50.0 % Week  49 - 53","L-A06-REG-24-113-XXX","130","22 lbs","5 lb","7 lb","6 lb","6 lb","6 lb","7 lb","9 lb","15 lb","11 lb","8 lb","10 lb","8 lb","9 lb","14 lb","11 lb","34 lb","68 lb","98 lb","67 lb","18 lb","21 lb","10 lb","7 lb","7 lb","0","0","0","0","0","0","0","0","0","0","0","0","0","0","0","0","0","0","0","0","0","0","0","0","0","0","0","0","0","0","0","0","0","0","0","0"
"Chicken and Waffles Bulk ( RM-06-114-A )","AG Alchemy","Englewood","0 lb","113 lb","37","-","76 lb","-","-","SA-06-114-A 5.3","Dog S-Wag :  10.3 %","4 w","4 w","—","SA-06-114-A :   No","Legacy","—","—","50.0 % Week  49 - 53","L-A06-REG-24-114-XXX","336","0","7 lb","12 lb","9 lb","10 lb","10 lb","11 lb","13 lb","24 lb","18 lb","13 lb","15 lb","13 lb","14 lb","22 lb","17 lb","54 lb","106 lb","153 lb","105 lb","28 lb","33 lb","16 lb","12 lb","11 lb","0","0","0","0","0","0","0","0","0","0","0","0","0","0","0","0","0","0","0","0","0","0","0","0","0","0","0","0","0","0","0","0","0","0","0","0"
"Pumpkin and Blueberry bulk ( RM-06-115-A )","AG Alchemy","Englewood","0 lb","124 lb","72","-","52 lb","-","-","SA-06-115-A 4.8","Dog S-Wag :  9.5 %","4 w","4 w","—","SA-06-115-A :   No","Legacy","—","—","50.0 % Week  49 - 53","L-A06-REG-24-115-XXX","-","0","8 lb","12 lb","9 lb","10 lb","10 lb","11 lb","14 lb","24 lb","18 lb","14 lb","15 lb","13 lb","15 lb","22 lb","18 lb","55 lb","108 lb","156 lb","107 lb","28 lb","34 lb","16 lb","12 lb","11 lb","0","0","0","0","0","0","0","0","0","0","0","0","0","0","0","0","0","0","0","0","0","0","0","0","0","0","0","0","0","0","0","0","0","0","0","0"
"Sweet Potato Pie Bulk ( RM-06-116-A )","AG Alchemy","Englewood","0 lb","0 lb","0","-","0 lb","-","-","SA-06-116-A 7.7","-","4 w","4 w","—","SA-06-116-A :   No","Legacy","—","—","50.0 % Week  49 - 53","L-A06-REG-24-116-XXX","539","0","0","0","0","0","0","0","0","0","0","0","0","0","0","0","0","0","0","0","0","0","0","0","0","0","0","0","0","0","0","0","0","0","0","0","0","0","0","0","0","0","0","0","0","0","0","0","0","0","0","0","0","0","0","0","0","0","0","0","0","0"
"Pumpkin and Cranberry Bulk ( RM-06-117-A )","AG Alchemy","Englewood","0 lb","57 lb","27","-","30 lb","-","-","SA-06-117-A 5.3","Dog S-Wag :  6.1 %","4 w","4 w","—","SA-06-117-A :   No","Legacy","—","—","50.0 % Week  49 - 53","L-A06-REG-24-117-XXX","295","0","4 lb","7 lb","5 lb","6 lb","6 lb","7 lb","8 lb","14 lb","11 lb","8 lb","9 lb","7 lb","9 lb","13 lb","10 lb","32 lb","63 lb","91 lb","62 lb","16 lb","20 lb","9 lb","7 lb","7 lb","0","0","0","0","0","0","0","0","0","0","0","0","0","0","0","0","0","0","0","0","0","0","0","0","0","0","0","0","0","0","0","0","0","0","0","0"
"Chicken and Apple Individual ( RM-06-124-A )","AG Alchemy","Englewood","0 lb","53 lb","51","-","2 lb","-","-","SA-06-124-A 4.0","Dog S-Wag :  4.7 %","4 w","4 w","—","SA-06-124-A :   No","Legacy","—","—","50.0 % Week  49 - 53","L-A06-REG-25-124-XXX","199","4 lbs","4 lb","7 lb","5 lb","6 lb","6 lb","7 lb","8 lb","14 lb","11 lb","8 lb","9 lb","7 lb","9 lb","13 lb","10 lb","32 lb","63 lb","91 lb","63 lb","16 lb","20 lb","9 lb","7 lb","7 lb","0","0","0","0","0","0","0","0","0","0","0","0","0","0","0","0","0","0","0","0","0","0","0","0","0","0","0","0","0","0","0","0","0","0","0","0"
"Meat Lovers Individual ( RM-06-125-A )","AG Alchemy","Englewood","0 lb","61 lb","19","-","43 lb","-","-","SA-06-125-A 4.0","Dog S-Wag :  6.0 %","4 w","4 w","—","SA-06-125-A :   No","Legacy","—","—","50.0 % Week  49 - 53","L-A06-REG-25-125-XXX","-","12 lbs","6 lb","9 lb","7 lb","8 lb","7 lb","8 lb","10 lb","18 lb","14 lb","10 lb","12 lb","10 lb","11 lb","17 lb","13 lb","41 lb","81 lb","117 lb","80 lb","21 lb","25 lb","12 lb","9 lb","9 lb","0","0","0","0","0","0","0","0","0","0","0","0","0","0","0","0","0","0","0","0","0","0","0","0","0","0","0","0","0","0","0","0","0","0","0","0"
"PB & J Individual ( RM-06-126-A )","AG Alchemy","Englewood","0 lb","66 lb","35","-","31 lb","-","-","SA-06-126-A 4.0","Dog S-Wag :  4.5 %","4 w","4 w","—","SA-06-126-A :   No","Legacy","—","—","50.0 % Week  49 - 53","L-A06-REG-25-126-XXX","207","0","4 lb","7 lb","5 lb","6 lb","6 lb","6 lb","8 lb","14 lb","10 lb","8 lb","9 lb","7 lb","8 lb","12 lb","10 lb","31 lb","61 lb","88 lb","61 lb","16 lb","19 lb","9 lb","7 lb","6 lb","0","0","0","0","0","0","0","0","0","0","0","0","0","0","0","0","0","0","0","0","0","0","0","0","0","0","0","0","0","0","0","0","0","0","0","0"
"PB & Carob Cookie Individual ( RM-06-127-A )","AG Alchemy","Englewood","0 lb","36 lb","23","-","13 lb","-","-","SA-06-127-A 4.0","Dog S-Wag :  3.5 %","4 w","4 w","—","SA-06-127-A :   No","Legacy","—","—","50.0 % Week  49 - 53","L-A06-REG-25-127-XXX","348","8 lbs","3 lb","5 lb","4 lb","4 lb","4 lb","5 lb","6 lb","11 lb","8 lb","6 lb","7 lb","6 lb","6 lb","10 lb","8 lb","24 lb","48 lb","69 lb","47 lb","12 lb","15 lb","7 lb","5 lb","5 lb","0","0","0","0","0","0","0","0","0","0","0","0","0","0","0","0","0","0","0","0","0","0","0","0","0","0","0","0","0","0","0","0","0","0","0","0"
"Red Velvet Individual ( RM-06-128-A )","AG Alchemy","Englewood","0 lb","36 lb","28","-","8 lb","-","-","SA-06-128-A 4.0","Dog S-Wag :  2.5 %","4 w","4 w","—","SA-06-128-A :   No","Legacy","—","—","50.0 % Week  49 - 53","L-A06-REG-25-128-XXX","-","0","2 lb","4 lb","3 lb","3 lb","3 lb","3 lb","4 lb","8 lb","6 lb","4 lb","5 lb","4 lb","5 lb","7 lb","5 lb","17 lb","34 lb","49 lb","33 lb","9 lb","11 lb","5 lb","4 lb","4 lb","0","0","0","0","0","0","0","0","0","0","0","0","0","0","0","0","0","0","0","0","0","0","0","0","0","0","0","0","0","0","0","0","0","0","0","0"
"Superfoodie Individual ( RM-06-129-A )","AG Alchemy","—","0 lb","1 lb","1","-","0 lb","-","-","SA-06-129-A 4.0","-","4 w","4 w","—","SA-06-129-A :   No","Legacy","—","—","50.0 % Week  49 - 53","L-A06-REG-25-129-XXX","585","0","0","0","0","0","0","0","0","0","0","0","0","0","0","0","0","0","0","0","0","0","0","0","0","0","0","0","0","0","0","0","0","0","0","0","0","0","0","0","0","0","0","0","0","0","0","0","0","0","0","0","0","0","0","0","0","0","0","0","0","0"
"Farmer's Market Medley Bulk ( RM-06-137-A )","AG Alchemy","Englewood","0 lb","26 lb","16","-","10 lb","-","-","SA-06-137-A 5.0","Dog S-Wag :  4.1 %","4 w","4 w","—","SA-06-137-A :   No","Legacy","—","—","50.0 % Week  49 - 53","-","-","14 lbs","3 lb","5 lb","4 lb","4 lb","4 lb","5 lb","6 lb","10 lb","7 lb","6 lb","6 lb","5 lb","6 lb","9 lb","7 lb","23 lb","45 lb","65 lb","44 lb","12 lb","14 lb","7 lb","5 lb","5 lb","0","0","0","0","0","0","0","0","0","0","0","0","0","0","0","0","0","0","0","0","0","0","0","0","0","0","0","0","0","0","0","0","0","0","0","0"
"Bacon Bits Bulk ( RM-06-138-A )","AG Alchemy","Englewood","0 lb","46 lb","51","-","-5 lb","-","-","SA-06-138-A 5.0","Dog S-Wag :  7.9 %","4 w","4 w","—","SA-06-138-A :   No","Legacy","—","—","50.0 % Week  49 - 53","-","-","32 lbs","6 lb","9 lb","7 lb","8 lb","8 lb","9 lb","11 lb","19 lb","14 lb","11 lb","12 lb","10 lb","12 lb","17 lb","14 lb","43 lb","85 lb","123 lb","84 lb","22 lb","27 lb","13 lb","9 lb","9 lb","0","0","0","0","0","0","0","0","0","0","0","0","0","0","0","0","0","0","0","0","0","0","0","0","0","0","0","0","0","0","0","0","0","0","0","0"
"Better Breath Bites Bulk ( RM-06-139-A )","AG Alchemy","Englewood","0 lb","49 lb","36","-","13 lb","-","-","SA-06-139-A 5.0","Dog S-Wag :  7.7 %","4 w","4 w","—","SA-06-139-A :   No","Legacy","—","—","50.0 % Week  49 - 53","-","-","26 lbs","6 lb","9 lb","7 lb","8 lb","8 lb","9 lb","11 lb","19 lb","14 lb","10 lb","12 lb","10 lb","11 lb","17 lb","14 lb","42 lb","83 lb","120 lb","82 lb","22 lb","26 lb","12 lb","9 lb","9 lb","0","0","0","0","0","0","0","0","0","0","0","0","0","0","0","0","0","0","0","0","0","0","0","0","0","0","0","0","0","0","0","0","0","0","0","0"
"Buffalo Plaid Bandana Individual ( RM-06-048-A )","Sew Many Tails","—","0","3","3","-","0","-","-","SA-06-048-A 1.0","-","4 w","4 w","—","SA-06-048-A :   No","Legacy","—","—","50.0 % Week  49 - 53","-","-","0","0","0","0","0","0","0","0","0","0","0","0","0","0","0","0","0","0","0","0","0","0","0","0","0","0","0","0","0","0","0","0","0","0","0","0","0","0","0","0","0","0","0","0","0","0","0","0","0","0","0","0","0","0","0","0","0","0","0","0","0"
"Holiday Lights Bandana Individual ( RM-06-049-A )","Sew Many Tails","—","0","6","6","-","0","-","-","SA-06-049-A 1.0","-","4 w","4 w","—","SA-06-049-A :   No","Legacy","—","—","50.0 % Week  49 - 53","-","-","0","0","0","0","0","0","0","0","0","0","0","0","0","0","0","0","0","0","0","0","0","0","0","0","0","0","0","0","0","0","0","0","0","0","0","0","0","0","0","0","0","0","0","0","0","0","0","0","0","0","0","0","0","0","0","0","0","0","0","0","0"
"Holiday Lights Bow Tie Individual ( RM-06-052 )","Sew Many Tails","—","0","4","4","-","0","-","-","SA-06-052-A 1.0","-","4 w","4 w","—","SA-06-052-A :   No","Legacy","—","—","50.0 % Week  49 - 53","-","-","0","0","0","0","0","0","0","0","0","0","0","0","0","0","0","0","0","0","0","0","0","0","0","0","0","0","0","0","0","0","0","0","0","0","0","0","0","0","0","0","0","0","0","0","0","0","0","0","0","0","0","0","0","0","0","0","0","0","0","0","0"
"Happy Birthday Bow Tie Individual ( RM-06-071-A )","Sew Many Tails","Englewood","0","72","72","-","0","-","-","SA-06-071-A 1.0","-","4 w","4 w","—","SA-06-071-A :   Yes","Legacy","—","—","50.0 % Week  49 - 53","-","-","0","0","0","0","0","0","0","0","0","0","0","0","0","0","0","0","0","0","0","0","0","0","0","0","0","0","0","0","0","0","0","0","0","0","0","0","0","0","0","0","0","0","0","0","0","0","0","0","0","0","0","0","0","0","0","0","0","0","0","0","0"
"Red Heart Charm Individual ( RM-06-094-A )","Sew Many Tails","—","0","13","13","-","0","-","-","SA-06-094-A 1.0","-","4 w","4 w","—","SA-06-094-A :   No","Legacy","—","—","50.0 % Week  49 - 53","-","-","0","0","0","0","0","0","0","0","0","0","0","0","0","0","0","0","0","0","0","0","0","0","0","0","0","0","0","0","0","0","0","0","0","0","0","0","0","0","0","0","0","0","0","0","0","0","0","0","0","0","0","0","0","0","0","0","0","0","0","0","0"
"Star of David Charm Individual ( RM-06-100-A )","Sew Many Tails","—","0","26","26","-","0","-","-","SA-06-100-A 1.0","-","4 w","4 w","—","SA-06-100-A :   No","Legacy","—","—","50.0 % Week  49 - 53","-","-","0","0","0","0","0","0","0","0","0","0","0","0","0","0","0","0","0","0","0","0","0","0","0","0","0","0","0","0","0","0","0","0","0","0","0","0","0","0","0","0","0","0","0","0","0","0","0","0","0","0","0","0","0","0","0","0","0","0","0","0","0"
"Striped Candy Charm Individual ( RM-06-101-A )","Sew Many Tails","Englewood","0","53","53","-","0","-","-","SA-06-101-A 1.0","-","4 w","4 w","—","SA-06-101-A :   Yes","Legacy","—","—","50.0 % Week  49 - 53","-","-","0","0","0","0","0","0","0","0","0","0","0","0","0","0","0","0","0","0","0","0","0","0","0","0","0","0","0","0","0","0","0","0","0","0","0","0","0","0","0","0","0","0","0","0","0","0","0","0","0","0","0","0","0","0","0","0","0","0","0","0","0"
"Snowflake Bandana Individual ( RM-06-118-A )","Sew Many Tails","—","0","14","14","-","0","-","-","SA-06-118-A 1.0","-","4 w","4 w","—","SA-06-118-A :   No","Legacy","—","—","50.0 % Week  49 - 53","-","-","0","0","0","0","0","0","0","0","0","0","0","0","0","0","0","0","0","0","0","0","0","0","0","0","0","0","0","0","0","0","0","0","0","0","0","0","0","0","0","0","0","0","0","0","0","0","0","0","0","0","0","0","0","0","0","0","0","0","0","0","0"
"Honey Oat Bears Bulk ( RM-06-003-A )","Woofables","Englewood","0 lb","1 lb","1","-","0 lb","-","-","SA-06-003-A 7.7","-","4 w","4 w","—","SA-06-003-A :   Yes","Legacy","—","—","50.0 % Week  49 - 53","L-A06-REG-24-003-XXX","1,400","0","0","0","0","0","0","0","0","0","0","0","0","0","0","0","0","0","0","0","0","0","0","0","0","0","0","0","0","0","0","0","0","0","0","0","0","0","0","0","0","0","0","0","0","0","0","0","0","0","0","0","0","0","0","0","0","0","0","0","0","0"
"Liver Lover Hearts Bulk ( RM-06-026-A )","Woofables","Englewood","0 lb","1 lb","1","-","0 lb","-","-","SA-06-026-A 7.1","-","4 w","4 w","—","SA-06-026-A :   Yes","Legacy","—","—","50.0 % Week  49 - 53","L-A06-REG-24-026-XXX","740","0","0","0","0","0","0","0","0","0","0","0","0","0","0","0","0","0","0","0","0","0","0","0","0","0","0","0","0","0","0","0","0","0","0","0","0","0","0","0","0","0","0","0","0","0","0","0","0","0","0","0","0","0","0","0","0","0","0","0","0","0"
"Pink and Purple Drizzle Hearts Bulk ( RM-06-079-A )","Woofables","—","0 lb","45 lb","45","-","0 lb","-","-","SA-06-079-A 6.7","-","4 w","4 w","—","SA-06-079-A :   Yes","Legacy","—","—","50.0 % Week  49 - 53","L-A06-REG-24-079-XXX","3,392","0","0","0","0","0","0","0","0","0","0","0","0","0","0","0","0","0","0","0","0","0","0","0","0","0","0","0","0","0","0","0","0","0","0","0","0","0","0","0","0","0","0","0","0","0","0","0","0","0","0","0","0","0","0","0","0","0","0","0","0","0"
"Orange White Sprinkles Paws Bulk ( RM-06-083-A )","Woofables","—","0 lb","1 lb","1","-","0 lb","-","-","SA-06-083-A 7.1","-","4 w","4 w","—","SA-06-083-A :   Yes","Legacy","—","—","50.0 % Week  49 - 53","L-A06-REG-24-083-XXX","2,184","0","0","0","0","0","0","0","0","0","0","0","0","0","0","0","0","0","0","0","0","0","0","0","0","0","0","0","0","0","0","0","0","0","0","0","0","0","0","0","0","0","0","0","0","0","0","0","0","0","0","0","0","0","0","0","0","0","0","0","0","0"
"Ampersand Winter Solstice Ground Individual  ( RM-19-007-A )","Ampersand","—","0","35","35","-","0","-","-","SA-19-007-A 1.0","-","6 w","4 w","—","SA-19-007-A :   Yes","Legacy","—","—","50.0 % Week  49 - 53","C-C19-REG-22-007-XXX","287","0","0","0","0","0","0","0","0","0","0","0","0","0","0","0","0","0","0","0","0","0","0","0","0","0","0","0","0","0","0","0","0","0","0","0","0","0","0","0","0","0","0","0","0","0","0","0","0","0","0","0","0","0","0","0","0","0","0","0","0","0"
"Anitas Truly Vanilla Biscotti Individual  ( RM-19-041-A )","Anitas","—","0","60","60","-","0","-","-","SA-19-041-A 0.3","-","3 w","4 w","—","SA-19-041-A :   Yes","Legacy","—","—","50.0 % Week  49 - 53","C-C19-REG-22-041-XXX","632","0","0","0","0","0","0","0","0","0","0","0","0","0","0","0","0","0","0","0","0","0","0","0","0","0","0","0","0","0","0","0","0","0","0","0","0","0","0","0","0","0","0","0","0","0","0","0","0","0","0","0","0","0","0","0","0","0","0","0","0","0"
"Anitas Cocoa and Walnut Biscotti Individual  ( RM-19-042-A )","Anitas","—","0","45","45","-","0","-","-","SA-19-042-A 0.3","-","3 w","4 w","—","SA-19-042-A :   Yes","Legacy","—","—","50.0 % Week  49 - 53","C-C19-REG-22-042-XXX","550","0","0","0","0","0","0","0","0","0","0","0","0","0","0","0","0","0","0","0","0","0","0","0","0","0","0","0","0","0","0","0","0","0","0","0","0","0","0","0","0","0","0","0","0","0","0","0","0","0","0","0","0","0","0","0","0","0","0","0","0","0"
"Anitas Cinnamon Sugar Biscotti Individual  ( RM-19-043-A )","Anitas","—","0","24","24","-","0","-","-","SA-19-043-A 0.3","-","3 w","4 w","—","SA-19-043-A :   Yes","Legacy","—","—","50.0 % Week  49 - 53","C-C19-REG-22-043-XXX","87","0","0","0","0","0","0","0","0","0","0","0","0","0","0","0","0","0","0","0","0","0","0","0","0","0","0","0","0","0","0","0","0","0","0","0","0","0","0","0","0","0","0","0","0","0","0","0","0","0","0","0","0","0","0","0","0","0","0","0","0","0"
"Anitas Cinnamon Sugar Biscotti Individual  EW ( RM-19-043-E )","Anitas","—","0","228","228","-","0","-","-","SA-19-043-E 0.3","-","3 w","4 w","—","SA-19-043-E :   No","Legacy","—","—","50.0 % Week  49 - 53","-","-","0","0","0","0","0","0","0","0","0","0","0","0","0","0","0","0","0","0","0","0","0","0","0","0","0","0","0","0","0","0","0","0","0","0","0","0","0","0","0","0","0","0","0","0","0","0","0","0","0","0","0","0","0","0","0","0","0","0","0","0","0"
"Anitas Dark Chocolate Peppermint Biscotti Individual  ( RM-19-062-A )","Anitas","—","0","4,650","4,650","-","0","-","-","SA-19-062-A 0.3","-","3 w","4 w","—","SA-19-062-A :   Yes","Legacy","—","—","50.0 % Week  49 - 53","C-C19-REG-22-062-XXX","-","0","0","0","0","0","0","0","0","0","0","0","0","0","0","0","0","0","0","0","0","0","0","0","0","0","0","0","0","0","0","0","0","0","0","0","0","0","0","0","0","0","0","0","0","0","0","0","0","0","0","0","0","0","0","0","0","0","0","0","0","0"
"Anitas Dark Chocolate Peppermint Biscotti Individual  EW ( RM-19-062-E )","Anitas","—","0","306","306","-","0","-","-","SA-19-062-E 0.3","-","3 w","4 w","—","SA-19-062-E :   No","Legacy","—","—","50.0 % Week  49 - 53","-","-","0","0","0","0","0","0","0","0","0","0","0","0","0","0","0","0","0","0","0","0","0","0","0","0","0","0","0","0","0","0","0","0","0","0","0","0","0","0","0","0","0","0","0","0","0","0","0","0","0","0","0","0","0","0","0","0","0","0","0","0","0"
"Anitas Gingerbread Biscotti Individual  ( RM-19-063-A )","Anitas","—","0","3,132","3,132","-","0","-","-","SA-19-063-A 0.3","-","3 w","4 w","—","SA-19-063-A :   Yes","Legacy","—","—","50.0 % Week  49 - 53","C-CXX-REG-22-XXX-XXX","16,260","0","0","0","0","0","0","0","0","0","0","0","0","0","0","0","0","0","0","0","0","0","0","0","0","0","0","0","0","0","0","0","0","0","0","0","0","0","0","0","0","0","0","0","0","0","0","0","0","0","0","0","0","0","0","0","0","0","0","0","0","0"
"Anitas Gingerbread Biscotti Individual  EW ( RM-19-063-E )","Anitas","—","0","300","300","-","0","-","-","SA-19-063-E 0.3","-","3 w","4 w","—","SA-19-063-E :   No","Legacy","—","—","50.0 % Week  49 - 53","-","-","0","0","0","0","0","0","0","0","0","0","0","0","0","0","0","0","0","0","0","0","0","0","0","0","0","0","0","0","0","0","0","0","0","0","0","0","0","0","0","0","0","0","0","0","0","0","0","0","0","0","0","0","0","0","0","0","0","0","0","0","0"
"Copper Cow Peppermint Latte Individual  ( RM-19-033-A )","Copper Cow","—","0","7,048","48","-","0","7,000","P02061 6/8/26","SA-19-033-A 0.5","-","5 w","4 w","—","SA-19-033-A :   Yes","Legacy","—","—","50.0 % Week  49 - 53","C-C19-REG-22-033-XXX","111","0","0","0","0","0","0","0","0","0","0","0","0","0","0","0","0","0","0","0","0","0","0","0","0","0","0","0","0","0","0","0","0","0","0","0","0","0","0","0","0","0","0","0","0","0","0","0","0","0","0","0","0","0","0","0","0","0","0","0","0","0"
"Copper Cow London Nog Latte Individual ( RM-19-086-A )","Copper Cow","—","0","32","32","-","0","-","-","SA-19-086-A 0.5","-","5 w","4 w","—","SA-19-086-A :   Yes","Legacy","—","—","50.0 % Week  49 - 53","C-CXX-REG-22-XXX-XXX","16,260","0","0","0","0","0","0","0","0","0","0","0","0","0","0","0","0","0","0","0","0","0","0","0","0","0","0","0","0","0","0","0","0","0","0","0","0","0","0","0","0","0","0","0","0","0","0","0","0","0","0","0","0","0","0","0","0","0","0","0","0","0"
"Copper Cow Dubai Chocolate Latte Individual ( RM-19-087-A )","Copper Cow","—","0","9,800","0","-","0","9,800","P02061 6/8/26","SA-19-087-A","-","5 w","4 w","—","-","Legacy","—","—","50.0 % Week  49 - 53","-","-","0","0","0","0","0","0","0","0","0","0","0","0","0","0","0","0","0","0","0","0","0","0","0","0","0","0","0","0","0","0","0","0","0","0","0","0","0","0","0","0","0","0","0","0","0","0","0","0","0","0","0","0","0","0","0","0","0","0","0","0","0"
"Copper Door Shady Lady Ground Individual  ( RM-19-015-A )","Copper Door","—","0","21","21","-","0","-","-","SA-19-015-A 1.0","-","5 w","4 w","—","SA-19-015-A :   Yes","Legacy","—","—","50.0 % Week  49 - 53","C-C19-REG-22-015-XXX","647","0","0","0","0","0","0","0","0","0","0","0","0","0","0","0","0","0","0","0","0","0","0","0","0","0","0","0","0","0","0","0","0","0","0","0","0","0","0","0","0","0","0","0","0","0","0","0","0","0","0","0","0","0","0","0","0","0","0","0","0","0"
"Copper Door Shady Lady Whole Bean Individual  ( RM-19-016-A )","Copper Door","—","0","21","21","-","0","-","-","SA-19-016-A 1.0","-","5 w","4 w","—","SA-19-016-A :   Yes","Legacy","—","—","50.0 % Week  49 - 53","C-C19-REG-22-016-XXX","769","0","0","0","0","0","0","0","0","0","0","0","0","0","0","0","0","0","0","0","0","0","0","0","0","0","0","0","0","0","0","0","0","0","0","0","0","0","0","0","0","0","0","0","0","0","0","0","0","0","0","0","0","0","0","0","0","0","0","0","0","0"
"Copper Door Brazil Ground Individual  ( RM-19-017-A )","Copper Door","—","0","20","20","-","0","-","-","SA-19-017-A 1.0","-","5 w","4 w","—","SA-19-017-A :   Yes","Legacy","—","—","50.0 % Week  49 - 53","C-C19-REG-22-017-XXX","361","0","0","0","0","0","0","0","0","0","0","0","0","0","0","0","0","0","0","0","0","0","0","0","0","0","0","0","0","0","0","0","0","0","0","0","0","0","0","0","0","0","0","0","0","0","0","0","0","0","0","0","0","0","0","0","0","0","0","0","0","0"
"Copper Door Brazil Whole Bean Individual  ( RM-19-018-A )","Copper Door","—","0","2","2","-","0","-","-","SA-19-018-A 1.0","-","5 w","4 w","—","SA-19-018-A :   Yes","Legacy","—","—","50.0 % Week  49 - 53","C-C19-REG-22-018-XXX","297","0","0","0","0","0","0","0","0","0","0","0","0","0","0","0","0","0","0","0","0","0","0","0","0","0","0","0","0","0","0","0","0","0","0","0","0","0","0","0","0","0","0","0","0","0","0","0","0","0","0","0","0","0","0","0","0","0","0","0","0","0"
"Copper Door Decaf Ground Individual  ( RM-19-019-A )","Copper Door","—","0","73","73","-","0","-","-","SA-19-019-A 1.0","-","5 w","4 w","—","SA-19-019-A :   Yes","Legacy","—","—","50.0 % Week  49 - 53","C-C19-REG-22-019-XXX","776","0","0","0","0","0","0","0","0","0","0","0","0","0","0","0","0","0","0","0","0","0","0","0","0","0","0","0","0","0","0","0","0","0","0","0","0","0","0","0","0","0","0","0","0","0","0","0","0","0","0","0","0","0","0","0","0","0","0","0","0","0"
"Copper Door Decaf Whole Bean Individual  ( RM-19-020-A )","Copper Door","—","0","20","20","-","0","-","-","SA-19-020-A 1.0","-","5 w","4 w","—","SA-19-020-A :   Yes","Legacy","—","—","50.0 % Week  49 - 53","C-C19-REG-22-020-XXX","108","0","0","0","0","0","0","0","0","0","0","0","0","0","0","0","0","0","0","0","0","0","0","0","0","0","0","0","0","0","0","0","0","0","0","0","0","0","0","0","0","0","0","0","0","0","0","0","0","0","0","0","0","0","0","0","0","0","0","0","0","0"
"Copper Door Midnight Mama Ground Individual  ( RM-19-025-A )","Copper Door","—","0","20","20","-","0","-","-","SA-19-025-A 1.0","-","5 w","4 w","—","SA-19-025-A :   Yes","Legacy","—","—","50.0 % Week  49 - 53","C-C19-REG-22-025-XXX","1,554","0","0","0","0","0","0","0","0","0","0","0","0","0","0","0","0","0","0","0","0","0","0","0","0","0","0","0","0","0","0","0","0","0","0","0","0","0","0","0","0","0","0","0","0","0","0","0","0","0","0","0","0","0","0","0","0","0","0","0","0","0"
"Copper Door Midnight Mama Whole Bean Individual  ( RM-19-026-A )","Copper Door","—","0","22","22","-","0","-","-","SA-19-026-A 1.0","-","5 w","4 w","—","SA-19-026-A :   Yes","Legacy","—","—","50.0 % Week  49 - 53","C-C19-REG-22-026-XXX","1,925","0","0","0","0","0","0","0","0","0","0","0","0","0","0","0","0","0","0","0","0","0","0","0","0","0","0","0","0","0","0","0","0","0","0","0","0","0","0","0","0","0","0","0","0","0","0","0","0","0","0","0","0","0","0","0","0","0","0","0","0","0"
"Copper Door Four Sisters Espresso Ground Individual  ( RM-19-027-A )","Copper Door","—","0","20","20","-","0","-","-","SA-19-027-A 1.0","-","5 w","4 w","—","SA-19-027-A :   Yes","Legacy","—","—","50.0 % Week  49 - 53","C-C19-REG-22-027-XXX","1,419","0","0","0","0","0","0","0","0","0","0","0","0","0","0","0","0","0","0","0","0","0","0","0","0","0","0","0","0","0","0","0","0","0","0","0","0","0","0","0","0","0","0","0","0","0","0","0","0","0","0","0","0","0","0","0","0","0","0","0","0","0"
"Copper Door Four Sisters Espresso Whole Bean Individual  ( RM-19-028-A )","Copper Door","—","0","21","21","-","0","-","-","SA-19-028-A 1.0","-","5 w","4 w","—","SA-19-028-A :   Yes","Legacy","—","—","50.0 % Week  49 - 53","C-C19-REG-22-028-XXX","1,610","0","0","0","0","0","0","0","0","0","0","0","0","0","0","0","0","0","0","0","0","0","0","0","0","0","0","0","0","0","0","0","0","0","0","0","0","0","0","0","0","0","0","0","0","0","0","0","0","0","0","0","0","0","0","0","0","0","0","0","0","0"
"Moonstruck Cinnamon Hot Cocoa Individual ( RM-21-038-A )","Moonstruck Chocolate","—","0","40","40","-","0","-","-","SA-21-038-A 0.5","-","5 w","4 w","—","SA-21-038-A :   Yes","Legacy","—","—","50.0 % Week  49 - 53","C-C21-REG-22-038-XXX","4,704","0","0","0","0","0","0","0","0","0","0","0","0","0","0","0","0","0","0","0","0","0","0","0","0","0","0","0","0","0","0","0","0","0","0","0","0","0","0","0","0","0","0","0","0","0","0","0","0","0","0","0","0","0","0","0","0","0","0","0","0","0"
"Moonstruck Cinnamon Hot Cocoa Individual EW ( RM-21-038-E )","Moonstruck Chocolate","—","0","0","0","-","0","-","-","SA-21-038-E","-","5 w","4 w","—","-","Legacy","—","—","50.0 % Week  49 - 53","-","-","0","0","0","0","0","0","0","0","0","0","0","0","0","0","0","0","0","0","0","0","0","0","0","0","0","0","0","0","0","0","0","0","0","0","0","0","0","0","0","0","0","0","0","0","0","0","0","0","0","0","0","0","0","0","0","0","0","0","0","0","0"
"Moonstruck Horchata Hot Cocoa Individual EW ( RM-21-073-E )","Moonstruck Chocolate","Englewood","0","62","62","-","0","-","-","SA-21-073-E","-","5 w","4 w","—","-","Legacy","—","—","50.0 % Week  49 - 53","-","-","0","0","0","0","0","0","0","0","0","0","0","0","0","0","0","0","0","0","0","0","0","0","0","0","0","0","0","0","0","0","0","0","0","0","0","0","0","0","0","0","0","0","0","0","0","0","0","0","0","0","0","0","0","0","0","0","0","0","0","0","0"
"Ampersand Congo Ground Individual  (merged) ( RM-19-001-A ) , ( RM-19-001-E )","Ampersand","Taylor Englewood","0","411","231","-","0","180","P02129 7/26/26","SA-19-001-A 1.0 SA-19-001-E 1.0","Bakery & Cafe @TY :  0.4 % Bakery & Cafe @EW :  0.3 % Custom Mug & Treats :  0.8 %","6 w","4 w","—","Active","Legacy","—","—","50.0 % Week  49 - 53","C-C19-REG-22-001-XXX","1,212","127","29","43","35","38","37","41","51","88","69","51","58","48","55","82","66","248","495","731","499","133","160","75","54","54","0","0","0","0","0","0","0","0","0","0","0","0","0","0","0","0","0","0","0","0","0","0","0","0","0","0","0","0","0","0","0","0","0","0","0","0"
"Ampersand Congo Whole Bean Individual  (merged) ( RM-19-002-A ) , ( RM-19-002-E )","Ampersand","Taylor Englewood","0","482","182","-","0","300","P02129 7/26/26 P02108 7/7/26","SA-19-002-A 1.0 SA-19-002-E 1.0","Bakery & Cafe @TY :  0.5 % Bakery & Cafe @EW :  0.7 % Custom Mug & Treats :  0.1 %","6 w","4 w","—","Active","Legacy","—","—","50.0 % Week  49 - 53","C-C19-REG-22-002-XXX","442","87","32","48","38","41","41","45","56","97","76","56","64","53","60","91","73","274","547","807","550","147","176","83","60","58","0","0","0","0","0","0","0","0","0","0","0","0","0","0","0","0","0","0","0","0","0","0","0","0","0","0","0","0","0","0","0","0","0","0","0","0"
"Ampersand Ethiopia Ground Individual  (merged) ( RM-19-003-A ) , ( RM-19-003-E )","Ampersand","Taylor Englewood","0","442","442","-","0","-","-","SA-19-003-A 1.0 SA-19-003-E 1.0","Bakery & Cafe @TY :  0.3 % Bakery & Cafe @EW :  0.3 % Custom Mug & Treats :  0.7 %","6 w","4 w","—","Active","Legacy","—","—","50.0 % Week  49 - 53","C-C19-REG-22-003-XXX","574","0","19","29","23","25","25","27","34","59","46","34","39","32","36","55","44","166","330","488","333","89","107","50","36","36","0","0","0","0","0","0","0","0","0","0","0","0","0","0","0","0","0","0","0","0","0","0","0","0","0","0","0","0","0","0","0","0","0","0","0","0"
"Ampersand Ethiopia Whole Bean Individual  (merged) ( RM-19-004-A ) , ( RM-19-004-E )","Ampersand","Taylor Englewood","0","707","527","-","0","180","P02129 7/26/26","SA-19-004-A 1.0 SA-19-004-E 1.0","Bakery & Cafe @TY :  0.6 % Bakery & Cafe @EW :  0.8 % Custom Mug & Treats :  1.6 %","6 w","4 w","—","Active","Legacy","—","—","50.0 % Week  49 - 53","C-C19-REG-22-004-XXX","333","101","42","63","50","55","54","60","74","128","100","74","85","70","80","119","97","361","721","1065","726","194","233","109","79","79","0","0","0","0","0","0","0","0","0","0","0","0","0","0","0","0","0","0","0","0","0","0","0","0","0","0","0","0","0","0","0","0","0","0","0","0"
"Ampersand Honduras Ground Individual  (merged) ( RM-19-005-A ) , ( RM-19-005-E )","Ampersand","Taylor Englewood","0","791","491","-","0","300","P02108 7/7/26","SA-19-005-A 1.0 SA-19-005-E 1.0","Bakery & Cafe @TY :  0.7 % Bakery & Cafe @EW :  0.7 % Custom Mug & Treats :  1.0 %","6 w","4 w","—","Active","Legacy","—","—","50.0 % Week  49 - 53","C-C19-REG-22-005-XXX","926","115","47","70","56","61","60","67","82","143","111","82","95","78","89","133","108","402","802","1185","808","215","259","121","87","87","0","0","0","0","0","0","0","0","0","0","0","0","0","0","0","0","0","0","0","0","0","0","0","0","0","0","0","0","0","0","0","0","0","0","0","0"
"Ampersand Honduras Whole Bean Individual  (merged) ( RM-19-006-A ) , ( RM-19-006-E )","Ampersand","Taylor Englewood","0","987","507","-","0","480","P02129 7/26/26 P02108 7/7/26","SA-19-006-A 1.0 SA-19-006-E 1.0","Bakery & Cafe @TY :  1.0 % Bakery & Cafe @EW :  1.0 % Custom Mug & Treats :  2.2 %","6 w","4 w","—","Active","Legacy","—","—","50.0 % Week  49 - 53","C-C19-REG-22-006-XXX","175","103","65","98","79","85","84","94","115","200","156","115","132","109","124","187","151","563","1123","1659","1131","302","362","170","122","122","0","0","0","0","0","0","0","0","0","0","0","0","0","0","0","0","0","0","0","0","0","0","0","0","0","0","0","0","0","0","0","0","0","0","0","0"
"Ampersand Peru Ground Individual  (merged) ( RM-19-009-A ) , ( RM-19-009-E )","Ampersand","Taylor Englewood","0","1,239","1,239","-","0","-","-","SA-19-009-A 1.0 SA-19-009-E 1.0","Bakery & Cafe @TY :  0.9 % Bakery & Cafe @EW :  1.0 % Custom Mug & Treats :  1.7 %","6 w","4 w","—","Active","Legacy","—","—","50.0 % Week  49 - 53","C-C19-REG-22-009-XXX","4,622","0","60","90","72","78","77","86","106","184","143","106","122","100","114","172","139","518","1034","1527","1041","278","333","156","113","112","0","0","0","0","0","0","0","0","0","0","0","0","0","0","0","0","0","0","0","0","0","0","0","0","0","0","0","0","0","0","0","0","0","0","0","0"
"Ampersand Peru Whole Bean Individual  (merged) ( RM-19-010-A ) , ( RM-19-010-E )","Ampersand","Taylor Englewood","0","1,912","1,522","-","390","-","-","SA-19-010-A 1.0 SA-19-010-E 1.0","Bakery & Cafe @TY :  1.2 % Bakery & Cafe @EW :  1.3 % Custom Mug & Treats :  1.0 %","6 w","4 w","—","Active","Legacy","—","—","50.0 % Week  49 - 53","C-C19-REG-22-010-XXX","7,683","0","79","119","96","104","102","114","141","244","190","141","161","133","151","228","184","687","1370","2024","1380","368","442","207","149","147","0","0","0","0","0","0","0","0","0","0","0","0","0","0","0","0","0","0","0","0","0","0","0","0","0","0","0","0","0","0","0","0","0","0","0","0"
"Ampersand Sumatra Ground Individual  (merged) ( RM-19-011-A ) , ( RM-19-011-E )","Ampersand","Taylor Englewood","0","596","356","-","0","240","P02129 7/26/26 P02108 7/7/26","SA-19-011-A 1.0 SA-19-011-E 1.0","Bakery & Cafe @TY :  0.6 % Bakery & Cafe @EW :  0.8 % Custom Mug & Treats :  1.6 %","6 w","4 w","—","Active","Legacy","—","—","50.0 % Week  49 - 53","C-C19-REG-22-011-XXX","946","124","40","60","48","52","51","57","70","123","95","71","81","67","76","114","92","345","688","1017","693","185","222","104","75","75","0","0","0","0","0","0","0","0","0","0","0","0","0","0","0","0","0","0","0","0","0","0","0","0","0","0","0","0","0","0","0","0","0","0","0","0"
"Ampersand Sumatra Whole Bean Individual  (merged) ( RM-19-012-A ) , ( RM-19-012-E )","Ampersand","Taylor Englewood","0","869","449","-","0","420","P02129 7/26/26 P02108 7/7/26","SA-19-012-A 1.0 SA-19-012-E 1.0","Bakery & Cafe @TY :  0.8 % Bakery & Cafe @EW :  1.0 % Custom Mug & Treats :  0.7 %","6 w","4 w","—","Active","Legacy","—","—","50.0 % Week  49 - 53","C-C19-REG-22-012-XXX","1,741","109","53","80","64","70","69","77","94","164","128","94","108","89","102","153","123","461","921","1360","927","247","297","139","100","99","0","0","0","0","0","0","0","0","0","0","0","0","0","0","0","0","0","0","0","0","0","0","0","0","0","0","0","0","0","0","0","0","0","0","0","0"
"Copper Cow Classic Latte Individual  (merged) ( RM-19-066-A ) , ( RM-19-066-E )","Copper Cow","Taylor Englewood","0","1,584","884","-","0","700","P02126 7/21/26","SA-19-066-A 0.5 SA-19-066-E 0.5","Bakery & Cafe @TY :  0.7 % Bakery & Cafe @EW :  0.7 % Custom Mug & Treats :  0.7 %","5 w","4 w","—","Active","Legacy","—","—","50.0 % Week  49 - 53","C-C19-REG-22-066-XXX, C-CXX-REG-22-XXX-XXX","16,118","16","90","136","109","118","116","130","160","278","216","160","184","151","172","259","209","781","1558","2302","1569","418","503","235","170","168","0","0","0","0","0","0","0","0","0","0","0","0","0","0","0","0","0","0","0","0","0","0","0","0","0","0","0","0","0","0","0","0","0","0","0","0"
"Copper Cow Salted Caramel Latte Individual  (merged) ( RM-19-067-A ) , ( RM-19-067-E )","Copper Cow","Taylor Englewood","0","2,322","1,622","-","0","700","P02126 7/21/26","SA-19-067-A 0.5 SA-19-067-E 0.5","Bakery & Cafe @TY :  1.2 % Bakery & Cafe @EW :  1.7 % Custom Mug & Treats :  1.2 %","5 w","4 w","—","Active","Legacy","—","—","50.0 % Week  49 - 53","C-C19-REG-22-067-XXX","1,078","211","165","248","199","216","212","237","292","508","395","292","335","276","314","472","381","1427","2849","4209","2869","765","920","430","310","306","0","0","0","0","0","0","0","0","0","0","0","0","0","0","0","0","0","0","0","0","0","0","0","0","0","0","0","0","0","0","0","0","0","0","0","0"
"Copper Cow Churro Latte Individual  (merged) ( RM-19-068-A ) , ( RM-19-068-E )","Copper Cow","Taylor Englewood","0","1,938","1,238","-","0","700","P02126 7/21/26","SA-19-068-A 0.5 SA-19-068-E 0.5","Bakery & Cafe @TY :  0.9 % Bakery & Cafe @EW :  0.8 % Custom Mug & Treats :  1.8 %","5 w","4 w","—","Active","Legacy","—","—","50.0 % Week  49 - 53","C-C19-REG-22-068-XXX","4,850","106","121","181","146","158","155","173","214","370","289","213","245","202","230","346","279","1043","2080","3073","2094","559","671","314","227","226","0","0","0","0","0","0","0","0","0","0","0","0","0","0","0","0","0","0","0","0","0","0","0","0","0","0","0","0","0","0","0","0","0","0","0","0"
"Copper Cow Creamer ( RM-19-072-A )","Copper Cow","Englewood Taylor","0","15,188","5,636","-","452","9,100","P02126 7/21/26 P02061 6/8/26","","Bakery & Cafe @EW :  4.2 % Bakery & Cafe @TY :  3.7 % Custom Mug & Treats :  4.9 %","5 w","4 w","—","4  Disc 8  Active","Legacy","—","—","50.0 % Week  49 - 53","C-C19-REG-22-031-XXX, C-C19-REG-22-032-XXX, C-C19-REG-22-033-XXX, C-C19-REG-22-066-XXX, C-C19-REG-22-067-XXX, C-C19-REG-22-068-XXX, C-C19-REG-22-077-XXX, C-CXX-REG-22-XXX-XXX","56,376","0","507","762","613","664","652","729","897","1558","1214","898","1031","848","967","1453","1173","4385","8750","12923","8810","2350","2823","1322","954","944","0","0","0","0","0","0","0","0","0","0","0","0","0","0","0","0","0","0","0","0","0","0","0","0","0","0","0","0","0","0","0","0","0","0","0","0"
"Copper Cow Vanilla Latte Individual  (merged) ( RM-19-077-A ) , ( RM-19-077-E )","Copper Cow","Taylor Englewood","0","1,812","1,812","-","0","-","-","SA-19-077-A 0.5 SA-19-077-E 0.5","Bakery & Cafe @TY :  1.0 % Bakery & Cafe @EW :  1.0 % Custom Mug & Treats :  1.2 %","5 w","4 w","—","Active","Legacy","—","—","50.0 % Week  49 - 53","C-C19-REG-22-077-XXX","5,758","280","131","197","158","172","169","188","232","403","314","232","267","219","250","376","303","1134","2261","3340","2277","607","729","342","246","244","0","0","0","0","0","0","0","0","0","0","0","0","0","0","0","0","0","0","0","0","0","0","0","0","0","0","0","0","0","0","0","0","0","0","0","0"
"Rock Sugar Swizzle Sticks Individual  ( RM-19-044-A )","Matcha Outlet","Englewood","0","268","268","-","0","-","-","SA-19-044-A 0.3","-","4 w","4 w","—","SA-19-044-A :   Yes SA-19-044-E :   Yes","Legacy","—","—","50.0 % Week  49 - 53","C-C19-REG-22-044-XXX","2,977","0","0","0","0","0","0","0","0","0","0","0","0","0","0","0","0","0","0","0","0","0","0","0","0","0","0","0","0","0","0","0","0","0","0","0","0","0","0","0","0","0","0","0","0","0","0","0","0","0","0","0","0","0","0","0","0","0","0","0","0","0"
"Moonstruck Mint Hot Cocoa Individual (merged) ( RM-21-037-A ) , ( RM-21-037-E )","Moonstruck Chocolate","Taylor Englewood","0","1,642","1,642","-","0","-","-","SA-21-037-A 0.5 SA-21-037-E 0.5","Bakery & Cafe @TY :  0.9 % Bakery & Cafe @EW :  0.5 % Custom Mug & Treats :  1.0 %","5 w","4 w","—","Active","Legacy","—","—","50.0 % Week  49 - 53","C-C21-REG-22-037-XXX","3,635","465","119","179","144","156","153","172","211","366","286","211","243","200","228","343","276","1032","2055","3035","2069","552","663","311","224","222","0","0","0","0","0","0","0","0","0","0","0","0","0","0","0","0","0","0","0","0","0","0","0","0","0","0","0","0","0","0","0","0","0","0","0","0"
"Moonstruck Dark Chocolate Hot Cocoa Individual (merged) ( RM-21-074-A ) , ( RM-21-074-E )","Moonstruck Chocolate","Taylor Englewood","0","2,654","2,654","-","0","-","-","SA-21-074-A 0.5 SA-21-074-E 0.5","Bakery & Cafe @TY :  1.3 % Bakery & Cafe @EW :  0.7 % Custom Mug & Treats :  1.4 %","5 w","4 w","—","Active","Legacy","—","—","50.0 % Week  49 - 53","C-C21-REG-22-074-XXX","3,380","217","175","262","211","229","225","252","310","536","419","309","356","293","334","502","405","1512","3012","4447","3032","808","971","455","328","325","0","0","0","0","0","0","0","0","0","0","0","0","0","0","0","0","0","0","0","0","0","0","0","0","0","0","0","0","0","0","0","0","0","0","0","0"
"Moonstruck Milk Chocolate Hot Cocoa Individual (merged) ( RM-21-075-A ) , ( RM-21-075-E )","Moonstruck Chocolate","Taylor Englewood","0","1,150","1,150","-","0","-","-","SA-21-075-A 0.5 SA-21-075-E 0.5","Bakery & Cafe @TY :  1.1 % Bakery & Cafe @EW :  0.8 % Custom Mug & Treats :  1.9 %","5 w","4 w","—","Active","Legacy","—","—","50.0 % Week  49 - 53","C-C21-REG-22-075-XXX","20,373","1234","146","219","177","191","188","210","259","449","350","259","297","245","279","419","338","1264","2520","3721","2537","676","812","381","275","273","0","0","0","0","0","0","0","0","0","0","0","0","0","0","0","0","0","0","0","0","0","0","0","0","0","0","0","0","0","0","0","0","0","0","0","0"
"Moonstruck Golden Milk Hot Cocoa Individual (merged) ( RM-21-076-A ) , ( RM-21-076-E )","Moonstruck Chocolate","Taylor Englewood","0","1,012","1,012","-","0","-","-","SA-21-076-A 0.5 SA-21-076-E 0.5","Bakery & Cafe @TY :  0.5 % Bakery & Cafe @EW :  0.7 % Custom Mug & Treats :  0.3 %","5 w","4 w","—","Active","Legacy","—","—","50.0 % Week  49 - 53","C-C21-REG-22-076-XXX","11,608","380","72","109","87","95","93","104","128","222","173","128","147","121","138","207","167","625","1248","1843","1257","335","403","188","136","133","0","0","0","0","0","0","0","0","0","0","0","0","0","0","0","0","0","0","0","0","0","0","0","0","0","0","0","0","0","0","0","0","0","0","0","0"
" Cusa Lemon Black Tea 4pk ( RM-20-072-A )","Cusa Tea","—","0","0","0","-","0","-","-","SA-20-072-A","-","4 w","4 w","—","-","Legacy","—","—","50.0 % Week  49 - 53","-","-","0","0","0","0","0","0","0","0","0","0","0","0","0","0","0","0","0","0","0","0","0","0","0","0","0","0","0","0","0","0","0","0","0","0","0","0","0","0","0","0","0","0","0","0","0","0","0","0","0","0","0","0","0","0","0","0","0","0","0","0","0"
"Cusa Jasmine Green Tea 4pk ( RM-20-074-A )","Cusa Tea","—","0","0","0","-","0","-","-","SA-20-074-A","-","4 w","4 w","—","-","Legacy","—","—","50.0 % Week  49 - 53","-","-","0","0","0","0","0","0","0","0","0","0","0","0","0","0","0","0","0","0","0","0","0","0","0","0","0","0","0","0","0","0","0","0","0","0","0","0","0","0","0","0","0","0","0","0","0","0","0","0","0","0","0","0","0","0","0","0","0","0","0","0","0"
"Cusa Mango Green Tea 4pk ( RM-20-075-A )","Cusa Tea","—","0","0","0","-","0","-","-","SA-20-075-A","-","4 w","4 w","—","-","Legacy","—","—","50.0 % Week  49 - 53","-","-","0","0","0","0","0","0","0","0","0","0","0","0","0","0","0","0","0","0","0","0","0","0","0","0","0","0","0","0","0","0","0","0","0","0","0","0","0","0","0","0","0","0","0","0","0","0","0","0","0","0","0","0","0","0","0","0","0","0","0","0","0"
"Cusa Spicy Chai Tea 4pk ( RM-20-078-A )","Cusa Tea","—","0","0","0","-","0","-","-","SA-20-078-A","-","4 w","4 w","—","-","Legacy","—","—","50.0 % Week  49 - 53","-","-","0","0","0","0","0","0","0","0","0","0","0","0","0","0","0","0","0","0","0","0","0","0","0","0","0","0","0","0","0","0","0","0","0","0","0","0","0","0","0","0","0","0","0","0","0","0","0","0","0","0","0","0","0","0","0","0","0","0","0","0","0"
"Cusa Immune Boost Herbal Tea 4pk ( RM-20-079-A )","Cusa Tea","—","0","0","0","-","0","-","-","SA-20-079-A","-","4 w","4 w","—","-","Legacy","—","—","50.0 % Week  49 - 53","-","-","0","0","0","0","0","0","0","0","0","0","0","0","0","0","0","0","0","0","0","0","0","0","0","0","0","0","0","0","0","0","0","0","0","0","0","0","0","0","0","0","0","0","0","0","0","0","0","0","0","0","0","0","0","0","0","0","0","0","0","0","0"
"Cusa Peach Black Tea Individual ( RM-20-084-A )","Cusa Tea","—","0","120","120","-","0","-","-","SA-20-084-A 0.3","-","4 w","4 w","—","SA-20-084-A :   Yes","Legacy","—","—","50.0 % Week  49 - 53","C-CXX-REG-22-XXX-XXX","16,260","0","0","0","0","0","0","0","0","0","0","0","0","0","0","0","0","0","0","0","0","0","0","0","0","0","0","0","0","0","0","0","0","0","0","0","0","0","0","0","0","0","0","0","0","0","0","0","0","0","0","0","0","0","0","0","0","0","0","0","0","0"
"Teatulia Black Tea Individual  ( RM-20-053-A )","Teatulia","—","0","0","0","-","0","-","-","SA-20-053-A","-","2 w","6 w","—","-","Legacy","—","—","50.0 % Week  49 - 53","-","-","0","0","0","0","0","0","0","0","0","0","0","0","0","0","0","0","0","0","0","0","0","0","0","0","0","0","0","0","0","0","0","0","0","0","0","0","0","0","0","0","0","0","0","0","0","0","0","0","0","0","0","0","0","0","0","0","0","0","0","0","0"
"Teatulia White Sachets Individual  ( RM-20-056-A )","Teatulia","—","0","45","45","-","0","-","-","SA-20-056-A 0.2","-","2 w","6 w","—","SA-20-056-A :   Yes","Legacy","—","—","50.0 % Week  49 - 53","C-C20-REG-22-056-XXX","-","0","0","0","0","0","0","0","0","0","0","0","0","0","0","0","0","0","0","0","0","0","0","0","0","0","0","0","0","0","0","0","0","0","0","0","0","0","0","0","0","0","0","0","0","0","0","0","0","0","0","0","0","0","0","0","0","0","0","0","0","0"
"Art of Tea Jasmine Reserve Tea Individual  (merged) ( RM-20-045-A ) , ( RM-20-045-E )","Art of Tea","Taylor Englewood","0","2,818","2,700","-","118","-","-","","Bakery & Cafe @TY :  0.6 % Bakery & Cafe @EW :  0.7 % Custom Mug & Treats :  1.8 %","6 w","4 w","—","Active","Legacy","—","—","50.0 % Week  49 - 53","C-C20-REG-22-045-XXX","50","811","198","298","239","259","255","285","351","609","475","351","403","331","378","568","458","1714","3421","5054","3445","919","1104","517","373","375","0","0","0","0","0","0","0","0","0","0","0","0","0","0","0","0","0","0","0","0","0","0","0","0","0","0","0","0","0","0","0","0","0","0","0","0"
"Art of Tea White Coconut Creme Tea Individual  (merged) ( RM-20-047-A ) , ( RM-20-047-E )","Art of Tea","Taylor Englewood","0","3,272","3,120","-","152","-","-","","Bakery & Cafe @TY :  0.6 % Bakery & Cafe @EW :  0.8 % Custom Mug & Treats :  0.9 %","6 w","4 w","—","Active","Legacy","—","—","50.0 % Week  49 - 53","C-C20-REG-22-047-XXX","70","780","224","337","271","293","288","322","396","689","537","397","456","375","427","642","518","1938","3869","5715","3896","1039","1248","584","422","417","0","0","0","0","0","0","0","0","0","0","0","0","0","0","0","0","0","0","0","0","0","0","0","0","0","0","0","0","0","0","0","0","0","0","0","0"
"Art of Tea Green Pomegranate Tea Individual  (merged) ( RM-20-048-A ) , ( RM-20-048-E )","Art of Tea","Taylor Englewood","0","3,650","3,650","-","0","-","-","SA-20-048-A 0.2 SA-20-048-E 0.2","Bakery & Cafe @TY :  0.5 % Bakery & Cafe @EW :  0.8 % Custom Mug & Treats :  1.2 %","6 w","4 w","—","Active","Legacy","—","—","50.0 % Week  49 - 53","C-C20-REG-22-048-XXX","315","37","189","285","229","248","244","271","335","582","453","335","384","316","361","541","437","1636","3269","4830","3292","878","1055","494","356","355","0","0","0","0","0","0","0","0","0","0","0","0","0","0","0","0","0","0","0","0","0","0","0","0","0","0","0","0","0","0","0","0","0","0","0","0"
"Art of Tea Happy Tea Individual  (merged) ( RM-20-049-A ) , ( RM-20-049-E )","Art of Tea","Taylor Englewood","0","4,245","4,245","-","0","-","-","SA-20-049-A 0.2 SA-20-049-E 0.2","Bakery & Cafe @TY :  0.9 % Bakery & Cafe @EW :  0.7 % Custom Mug & Treats :  1.2 %","6 w","4 w","—","Active","Legacy","—","—","50.0 % Week  49 - 53","C-C20-REG-22-049-XXX","-","1108","284","426","343","371","365","408","502","871","679","502","577","475","541","814","656","2454","4892","7224","4924","1313","1577","739","533","528","0","0","0","0","0","0","0","0","0","0","0","0","0","0","0","0","0","0","0","0","0","0","0","0","0","0","0","0","0","0","0","0","0","0","0","0"
"Art of Tea Dark Chocolate Peppermint Tea Individual  (merged) ( RM-20-050-A ) , ( RM-20-050-E )","Art of Tea","Taylor Englewood","0","3,090","3,090","-","0","-","-","SA-20-050-A 0.2 SA-20-050-E 0.2","Bakery & Cafe @TY :  0.5 % Bakery & Cafe @EW :  0.7 % Custom Mug & Treats :  0.7 %","6 w","4 w","—","Active","Legacy","—","—","50.0 % Week  49 - 53","C-C20-REG-22-050-XXX","1,358","522","175","263","211","229","225","251","309","538","419","310","355","292","333","500","404","1512","3018","4458","3039","811","974","456","329","326","0","0","0","0","0","0","0","0","0","0","0","0","0","0","0","0","0","0","0","0","0","0","0","0","0","0","0","0","0","0","0","0","0","0","0","0"
"Art of Tea French Lemon Ginger Tea Individual  (merged) ( RM-20-051-A ) , ( RM-20-051-E )","Art of Tea","Taylor Englewood","0","4,035","3,900","-","135","-","-","","Bakery & Cafe @TY :  0.6 % Bakery & Cafe @EW :  0.8 % Custom Mug & Treats :  1.3 %","6 w","4 w","—","Active","Legacy","—","—","50.0 % Week  49 - 53","C-CXX-REG-22-XXX-XXX","16,260","335","215","323","260","281","276","308","380","661","515","380","437","359","410","615","497","1858","3710","5481","3736","997","1197","560","404","403","0","0","0","0","0","0","0","0","0","0","0","0","0","0","0","0","0","0","0","0","0","0","0","0","0","0","0","0","0","0","0","0","0","0","0","0"
"Art of Tea Bright Eye Tumeric Ginger Tea Individual  (merged) ( RM-20-052-A ) , ( RM-20-052-E )","Art of Tea","Taylor Englewood","0","4,535","4,535","-","0","-","-","SA-20-052-A 0.2 SA-20-052-E 0.2","Bakery & Cafe @TY :  0.7 % Bakery & Cafe @EW :  0.8 % Custom Mug & Treats :  0.7 %","6 w","4 w","—","Active","Legacy","—","—","50.0 % Week  49 - 53","C-C20-REG-22-052-XXX","6,904","104","246","370","298","322","317","354","436","757","590","436","501","412","470","706","570","2130","4250","6277","4279","1141","1371","642","463","457","0","0","0","0","0","0","0","0","0","0","0","0","0","0","0","0","0","0","0","0","0","0","0","0","0","0","0","0","0","0","0","0","0","0","0","0"
"Art of Tea Earl Grey Creme Sachets Individual  (merged) ( RM-20-065-A ) , ( RM-20-065-E )","Art of Tea","Taylor Englewood","0","2,560","2,455","-","105","-","-","","Bakery & Cafe @TY :  0.6 % Bakery & Cafe @EW :  1.0 % Custom Mug & Treats :  7.1 %","6 w","4 w","—","Active","Legacy","—","—","50.0 % Week  49 - 53","C-C20-REG-22-065-XXX","4,972","1164","216","324","260","281","277","308","380","661","515","380","436","359","410","615","497","1864","3727","5506","3751","1002","1203","562","405","440","0","0","0","0","0","0","0","0","0","0","0","0","0","0","0","0","0","0","0","0","0","0","0","0","0","0","0","0","0","0","0","0","0","0","0","0"
"Art of Tea Apricot Escape Tea Individual  ( RM-20-070-A )","Art of Tea","Englewood Taylor","0","4,165","4,165","-","0","-","-","FG-48-003-A 0.5 SA-20-070-A 0.2 SA-39-088-A 0.1 SA-48-054-A 0.5","Bakery & Cafe @EW :  1.2 % Bakery & Cafe @TY :  0.6 % Custom Mug & Treats :  0.4 %","6 w","4 w","—","5  Active","Legacy","—","—","50.0 % Week  49 - 53","C-C20-REG-22-070-XXX","1,475","0","207","313","250","271","267","296","366","638","496","367","420","345","394","591","478","1789","3579","5288","3605","962","1156","540","390","383","0","0","0","0","0","0","0","0","0","0","0","0","0","0","0","0","0","0","0","0","0","0","0","0","0","0","0","0","0","0","0","0","0","0","0","0"
"Art of Tea Egyptian Chamomile Tea Individual (merged) ( RM-20-081-A ) , ( RM-20-081-E )","Art of Tea","Taylor Englewood","0","2,831","2,725","-","106","-","-","","Bakery & Cafe @TY :  0.6 % Bakery & Cafe @EW :  0.7 % Custom Mug & Treats :  1.5 %","6 w","4 w","—","Active","Legacy","—","—","50.0 % Week  49 - 53","C-C20-REG-22-081-XXX","1,846","1085","220","331","266","288","283","317","390","677","527","390","448","368","420","631","509","1905","3801","5613","3826","1021","1226","574","414","414","0","0","0","0","0","0","0","0","0","0","0","0","0","0","0","0","0","0","0","0","0","0","0","0","0","0","0","0","0","0","0","0","0","0","0","0"
"Art of Tea Masala Chai Individual (merged) ( RM-20-082-A ) , ( RM-20-082-E )","Art of Tea","Taylor Englewood","0","3,544","3,435","-","109","-","-","","Bakery & Cafe @TY :  0.6 % Bakery & Cafe @EW :  0.7 % Custom Mug & Treats :  1.3 %","6 w","4 w","—","Active","Legacy","—","—","50.0 % Week  49 - 53","C-C20-REG-22-054-XXX","78","976","217","326","262","284","279","312","384","666","519","384","441","363","413","621","501","1875","3741","5525","3766","1004","1207","565","408","406","0","0","0","0","0","0","0","0","0","0","0","0","0","0","0","0","0","0","0","0","0","0","0","0","0","0","0","0","0","0","0","0","0","0","0","0"
"Art of Tea English Breakfast Individual (merged) ( RM-20-083-A ) , ( RM-20-083-E )","Art of Tea","Taylor Englewood","0","2,609","2,490","-","119","-","-","","Bakery & Cafe @TY :  0.5 % Bakery & Cafe @EW :  0.5 % Custom Mug & Treats :  0.2 %","6 w","4 w","—","Active","Legacy","—","—","50.0 % Week  49 - 53","C-CXX-REG-22-XXX-XXX","16,260","595","164","246","198","214","210","235","289","502","392","289","333","274","312","469","378","1414","2820","4165","2839","757","910","426","307","302","0","0","0","0","0","0","0","0","0","0","0","0","0","0","0","0","0","0","0","0","0","0","0","0","0","0","0","0","0","0","0","0","0","0","0","0"
"Lemon Individual ( RM-03-098-A )","Brownie Points","—","0","18","18","-","0","-","-","SA-03-098-A 1.0","-","6 w","4 w","—","SA-03-098-A :   Yes","Legacy","—","—","50.0 % Week  49 - 53","C-C03-REG-25-098-XXX","8,600","0","0","0","0","0","0","0","0","0","0","0","0","0","0","0","0","0","0","0","0","0","0","0","0","0","0","0","0","0","0","0","0","0","0","0","0","0","0","0","0","0","0","0","0","0","0","0","0","0","0","0","0","0","0","0","0","0","0","0","0","0"
"Salty Caramel Individual ( RM-45-003-A )","Brownie Points","—","32","0","0","-","0","-","-","SA-45-003-A 1.0","-","6 w","4 w","—","SA-45-003-A :   Yes","Legacy","—","—","50.0 % Week  49 - 53","C-B45-REG-24-003-XXX","866","0","0","0","0","0","0","0","0","0","0","0","0","0","0","0","0","0","0","0","0","0","0","0","0","0","0","0","0","0","0","0","0","0","0","0","0","0","0","0","0","0","0","0","0","0","0","0","0","0","0","0","0","0","0","0","0","0","0","0","0","0"
"Classic Vanilla Blondie Individual ( RM-45-004-A )","Brownie Points","—","32","0","0","-","0","-","-","SA-45-004-A 1.0","-","6 w","4 w","—","SA-45-004-A :   Yes","Legacy","—","—","50.0 % Week  49 - 53","C-B45-REG-24-004-XXX","3,019","0","0","0","0","0","0","0","0","0","0","0","0","0","0","0","0","0","0","0","0","0","0","0","0","0","0","0","0","0","0","0","0","0","0","0","0","0","0","0","0","0","0","0","0","0","0","0","0","0","0","0","0","0","0","0","0","0","0","0","0","0"
"PB & Caramel Individual ( RM-45-005-A )","Brownie Points","—","32","0","0","-","0","-","-","SA-45-005-A 1.0","-","6 w","4 w","—","SA-45-005-A :   Yes","Legacy","—","—","50.0 % Week  49 - 53","C-B45-REG-24-005-XXX","6,700","0","0","0","0","0","0","0","0","0","0","0","0","0","0","0","0","0","0","0","0","0","0","0","0","0","0","0","0","0","0","0","0","0","0","0","0","0","0","0","0","0","0","0","0","0","0","0","0","0","0","0","0","0","0","0","0","0","0","0","0","0"
"Cookies & Cream individual ( RM-45-006-A )","Brownie Points","—","32","0","0","-","0","-","-","SA-45-006-A 1.0","-","6 w","4 w","—","SA-45-006-A :   Yes","Legacy","—","—","50.0 % Week  49 - 53","C-B45-REG-24-006-XXX","4,242","0","0","0","0","0","0","0","0","0","0","0","0","0","0","0","0","0","0","0","0","0","0","0","0","0","0","0","0","0","0","0","0","0","0","0","0","0","0","0","0","0","0","0","0","0","0","0","0","0","0","0","0","0","0","0","0","0","0","0","0","0"
"Birthday Cake Individual ( RM-45-007-A )","Brownie Points","—","32","0","0","-","0","-","-","SA-45-007-A 1.0","-","6 w","4 w","—","SA-45-007-A :   Yes","Legacy","—","—","50.0 % Week  49 - 53","C-B45-REG-24-007-XXX","3,232","0","0","0","0","0","0","0","0","0","0","0","0","0","0","0","0","0","0","0","0","0","0","0","0","0","0","0","0","0","0","0","0","0","0","0","0","0","0","0","0","0","0","0","0","0","0","0","0","0","0","0","0","0","0","0","0","0","0","0","0","0"
"Butterscotch Individual ( RM-45-009-A )","Brownie Points","—","32","0","0","-","0","-","-","SA-45-009-A 1.0","-","6 w","4 w","—","SA-45-009-A :   Yes","Legacy","—","—","50.0 % Week  49 - 53","C-B45-REG-24-009-XXX","1,714","0","0","0","0","0","0","0","0","0","0","0","0","0","0","0","0","0","0","0","0","0","0","0","0","0","0","0","0","0","0","0","0","0","0","0","0","0","0","0","0","0","0","0","0","0","0","0","0","0","0","0","0","0","0","0","0","0","0","0","0","0"
"Caramel Crunch Individual ( RM-45-010-A )","Brownie Points","—","32","0","0","-","0","-","-","SA-45-010-A 1.0","-","6 w","4 w","—","SA-45-010-A :   Yes","Legacy","—","—","50.0 % Week  49 - 53","C-B45-REG-24-010-XXX","1,076","0","0","0","0","0","0","0","0","0","0","0","0","0","0","0","0","0","0","0","0","0","0","0","0","0","0","0","0","0","0","0","0","0","0","0","0","0","0","0","0","0","0","0","0","0","0","0","0","0","0","0","0","0","0","0","0","0","0","0","0","0"
"Cookie Jar Individual ( RM-45-011-A )","Brownie Points","—","32","0","0","-","0","-","-","SA-45-011-A 1.0","-","6 w","4 w","—","SA-45-011-A :   Yes","Legacy","—","—","50.0 % Week  49 - 53","C-B45-REG-24-011-XXX","-","0","0","0","0","0","0","0","0","0","0","0","0","0","0","0","0","0","0","0","0","0","0","0","0","0","0","0","0","0","0","0","0","0","0","0","0","0","0","0","0","0","0","0","0","0","0","0","0","0","0","0","0","0","0","0","0","0","0","0","0","0"
"Raspberry Caramel Fudge Individual ( RM-45-013-A )","Brownie Points","—","32","0","0","-","0","-","-","SA-45-013-A 1.0","-","6 w","4 w","—","SA-45-013-A :   Yes","Legacy","—","—","50.0 % Week  49 - 53","C-B45-REG-24-013-XXX","956","0","0","0","0","0","0","0","0","0","0","0","0","0","0","0","0","0","0","0","0","0","0","0","0","0","0","0","0","0","0","0","0","0","0","0","0","0","0","0","0","0","0","0","0","0","0","0","0","0","0","0","0","0","0","0","0","0","0","0","0","0"
"Gluten Free Salty Caramel Individual ( RM-45-014-A )","Brownie Points","—","32","0","0","-","0","-","-","SA-45-014-A 1.0","-","6 w","4 w","—","SA-45-014-A :   Yes","Legacy","—","—","50.0 % Week  49 - 53","C-B45-REG-24-014-XXX","563","0","0","0","0","0","0","0","0","0","0","0","0","0","0","0","0","0","0","0","0","0","0","0","0","0","0","0","0","0","0","0","0","0","0","0","0","0","0","0","0","0","0","0","0","0","0","0","0","0","0","0","0","0","0","0","0","0","0","0","0","0"
"Gluten Free Chocolate Fudge Individual ( RM-45-015-A )","Brownie Points","—","32","0","0","-","0","-","-","SA-45-015-A 1.0","-","6 w","4 w","—","SA-45-015-A :   Yes","Legacy","—","—","50.0 % Week  49 - 53","C-B45-REG-24-015-XXX","676","0","0","0","0","0","0","0","0","0","0","0","0","0","0","0","0","0","0","0","0","0","0","0","0","0","0","0","0","0","0","0","0","0","0","0","0","0","0","0","0","0","0","0","0","0","0","0","0","0","0","0","0","0","0","0","0","0","0","0","0","0"
"Gluten Free Birthday Cake Individual ( RM-45-016-A )","Brownie Points","—","32","0","0","-","0","-","-","SA-45-016-A 1.0","-","6 w","4 w","—","SA-45-016-A :   Yes","Legacy","—","—","50.0 % Week  49 - 53","C-B45-REG-24-016-XXX","280","0","0","0","0","0","0","0","0","0","0","0","0","0","0","0","0","0","0","0","0","0","0","0","0","0","0","0","0","0","0","0","0","0","0","0","0","0","0","0","0","0","0","0","0","0","0","0","0","0","0","0","0","0","0","0","0","0","0","0","0","0"
"Lemon Bar Individual ( RM-45-017-A )","Brownie Points","—","32","0","0","-","0","-","-","SA-45-017-A 1.0","-","6 w","4 w","—","SA-45-017-A :   Yes","Legacy","—","—","50.0 % Week  49 - 53","C-B45-REG-25-017-XXX","1,746","0","0","0","0","0","0","0","0","0","0","0","0","0","0","0","0","0","0","0","0","0","0","0","0","0","0","0","0","0","0","0","0","0","0","0","0","0","0","0","0","0","0","0","0","0","0","0","0","0","0","0","0","0","0","0","0","0","0","0","0","0"
"Cafe Au Lait Individual ( RM-45-020-A )","Brownie Points","—","32","0","0","-","0","-","-","SA-45-020-A 1.0","-","6 w","4 w","—","SA-45-020-A :   Yes","Legacy","—","—","50.0 % Week  49 - 53","C-B45-REG-25-020-XXX","1,464","0","0","0","0","0","0","0","0","0","0","0","0","0","0","0","0","0","0","0","0","0","0","0","0","0","0","0","0","0","0","0","0","0","0","0","0","0","0","0","0","0","0","0","0","0","0","0","0","0","0","0","0","0","0","0","0","0","0","0","0","0"
"Classic Walnut Fudge Individual ( RM-45-023-A )","Brownie Points","—","32","0","0","-","0","-","-","SA-45-023-A 1.0","-","6 w","4 w","—","SA-45-023-A :   Yes","Legacy","—","—","50.0 % Week  49 - 53","C-B45-REG-25-023-XXX","3,986","0","0","0","0","0","0","0","0","0","0","0","0","0","0","0","0","0","0","0","0","0","0","0","0","0","0","0","0","0","0","0","0","0","0","0","0","0","0","0","0","0","0","0","0","0","0","0","0","0","0","0","0","0","0","0","0","0","0","0","0","0"
"Pecan Praline Individual ( RM-45-025-A )","Brownie Points","—","32","0","0","-","0","-","-","SA-45-025-A 1.0","-","6 w","4 w","—","SA-45-025-A :   Yes","Legacy","—","—","50.0 % Week  49 - 53","C-B45-REG-25-025-XXX","5,184","0","0","0","0","0","0","0","0","0","0","0","0","0","0","0","0","0","0","0","0","0","0","0","0","0","0","0","0","0","0","0","0","0","0","0","0","0","0","0","0","0","0","0","0","0","0","0","0","0","0","0","0","0","0","0","0","0","0","0","0","0"
"Chocolate Toffee Biscotti Individual ( RM-45-026-A )","Brownie Points","—","32","0","0","-","0","-","-","SA-45-026-A 1.0","-","6 w","4 w","—","SA-45-026-A :   Yes","Legacy","—","—","50.0 % Week  49 - 53","C-B45-REG-25-026-XXX","19,332","0","0","0","0","0","0","0","0","0","0","0","0","0","0","0","0","0","0","0","0","0","0","0","0","0","0","0","0","0","0","0","0","0","0","0","0","0","0","0","0","0","0","0","0","0","0","0","0","0","0","0","0","0","0","0","0","0","0","0","0","0"
"Iced Pumpkin Spice Individual EW ( RM-03-048-E )","C. Kreugers","—","0","0","0","-","0","-","-","SA-03-048-E","-","5 w","4 w","—","-","Legacy","—","—","0 % Week  49 - 53","-","-","0","0","0","0","0","0","0","0","0","0","0","0","0","0","0","0","0","0","0","0","0","0","0","0","0","0","0","0","0","0","0","0","0","0","0","0","0","0","0","0","0","0","0","0","0","0","0","0","0","0","0","0","0","0","0","0","0","0","0","0","0"
"Iced Valentines Individual  ( RM-03-054-A )","C. Kreugers","—","0","315","315","-","0","-","-","SA-03-054-A 1.0","-","5 w","4 w","—","SA-03-054-A :   Yes","Legacy","—","—","0 % Week  49 - 53","C-C03-REG-22-054-XXX","2,688","0","0","0","0","0","0","0","0","0","0","0","0","0","0","0","0","0","0","0","0","0","0","0","0","0","0","0","0","0","0","0","0","0","0","0","0","0","0","0","0","0","0","0","0","0","0","0","0","0","0","0","0","0","0","0","0","0","0","0","0","0"
"Gluten Free Crispy Pecan Shortbread Individual ( RM-03-074-A )","C. Kreugers","—","0","0","-2","-","0","-","-","SA-03-074-A 1.0","-","5 w","4 w","—","SA-03-074-A :   Yes","Legacy","—","—","0 % Week  49 - 53","C-C03-REG-22-074-XXX","4,416","0","0","0","0","0","0","0","0","0","0","0","0","0","0","0","0","0","0","0","0","0","0","0","0","0","0","0","0","0","0","0","0","0","0","0","0","0","0","0","0","0","0","0","0","0","0","0","0","0","0","0","0","0","0","0","0","0","0","0","0","0"
"Salted Caramel Individual ( RM-03-080-A )","Cravory","—","0","0","0","-","0","-","-","SA-03-080-A","-","4 w","4 w","—","-","Legacy","—","—","50.0 % Week  49 - 53","-","-","0","0","0","0","0","0","0","0","0","0","0","0","0","0","0","0","0","0","0","0","0","0","0","0","0","0","0","0","0","0","0","0","0","0","0","0","0","0","0","0","0","0","0","0","0","0","0","0","0","0","0","0","0","0","0","0","0","0","0","0","0"
"Red Velvet Individual ( RM-03-082-A )","Cravory","—","0","0","0","-","0","-","-","SA-03-082-A","-","4 w","4 w","—","-","Legacy","—","—","50.0 % Week  49 - 53","-","-","0","0","0","0","0","0","0","0","0","0","0","0","0","0","0","0","0","0","0","0","0","0","0","0","0","0","0","0","0","0","0","0","0","0","0","0","0","0","0","0","0","0","0","0","0","0","0","0","0","0","0","0","0","0","0","0","0","0","0","0","0"
"Double Chocolate Individual ( RM-03-087-A )","Cravory","—","0","0","0","-","0","-","-","SA-03-087-A","-","4 w","4 w","—","-","Legacy","—","—","50.0 % Week  49 - 53","-","-","0","0","0","0","0","0","0","0","0","0","0","0","0","0","0","0","0","0","0","0","0","0","0","0","0","0","0","0","0","0","0","0","0","0","0","0","0","0","0","0","0","0","0","0","0","0","0","0","0","0","0","0","0","0","0","0","0","0","0","0","0"
"Gingerbread Spice Individual ( RM-03-092-A )","Cravory","—","0","0","0","-","0","-","-","SA-03-092-A","-","4 w","4 w","—","-","Legacy","—","—","50.0 % Week  49 - 53","-","-","0","0","0","0","0","0","0","0","0","0","0","0","0","0","0","0","0","0","0","0","0","0","0","0","0","0","0","0","0","0","0","0","0","0","0","0","0","0","0","0","0","0","0","0","0","0","0","0","0","0","0","0","0","0","0","0","0","0","0","0","0"
"Stuffed Cookies & Cream Individual ( RM-03-014-A )","D'vine","—","0","0","0","-","0","-","-","SA-03-014-A","-","7 w","6 w","—","-","Legacy","—","—","50.0 % Week  49 - 53","-","-","0","0","0","0","0","0","0","0","0","0","0","0","0","0","0","0","0","0","0","0","0","0","0","0","0","0","0","0","0","0","0","0","0","0","0","0","0","0","0","0","0","0","0","0","0","0","0","0","0","0","0","0","0","0","0","0","0","0","0","0","0"
"Stuffed Chocolate Caramel Pretzel Individual ( RM-03-015-A )","D'vine","—","0","0","0","-","0","-","-","SA-03-015-A","-","7 w","6 w","—","-","Legacy","—","—","50.0 % Week  49 - 53","-","-","0","0","0","0","0","0","0","0","0","0","0","0","0","0","0","0","0","0","0","0","0","0","0","0","0","0","0","0","0","0","0","0","0","0","0","0","0","0","0","0","0","0","0","0","0","0","0","0","0","0","0","0","0","0","0","0","0","0","0","0","0"
"Stuffed Peanut Butter Nutella Individual ( RM-03-019-A )","D'vine","—","0","0","0","-","0","-","-","SA-03-019-A","-","7 w","6 w","—","-","Legacy","—","—","50.0 % Week  49 - 53","-","-","0","0","0","0","0","0","0","0","0","0","0","0","0","0","0","0","0","0","0","0","0","0","0","0","0","0","0","0","0","0","0","0","0","0","0","0","0","0","0","0","0","0","0","0","0","0","0","0","0","0","0","0","0","0","0","0","0","0","0","0","0"
"Sprinkles Individual (merged) ( RM-03-095-A ) , ( RM-03-095-E )","Brownie Points","Taylor Englewood","0","1,508","1,508","-","0","-","-","SA-03-095-A 1.0 SA-03-095-E 1.0","Bakery & Cafe @TY :  2.2 % Bakery & Cafe @EW :  2.0 % Custom Mug & Treats :  1.7 %","6 w","4 w","—","Active","Legacy","—","—","50.0 % Week  49 - 53","C-C03-REG-25-095-XXX","7,343","1038","148","223","179","194","190","213","262","455","355","262","301","248","283","425","343","1281","2555","3774","2573","686","824","386","279","274","0","0","0","0","0","0","0","0","0","0","0","0","0","0","0","0","0","0","0","0","0","0","0","0","0","0","0","0","0","0","0","0","0","0","0","0"
"Classic Chocolate Chip Individual (merged) ( RM-03-096-A ) , ( RM-03-096-E )","Brownie Points","Taylor Englewood","0","2,008","2,008","-","0","-","-","SA-03-096-A 1.0 SA-03-096-E 1.0","Bakery & Cafe @TY :  3.5 % Bakery & Cafe @EW :  5.2 % Custom Mug & Treats :  2.2 %","6 w","4 w","—","Active","Legacy","—","—","50.0 % Week  49 - 53","C-C03-REG-25-096-XXX","5,100","2210","249","375","301","326","320","357","440","765","596","441","506","416","474","712","575","2151","4296","6346","4326","1154","1386","649","468","460","0","0","0","0","0","0","0","0","0","0","0","0","0","0","0","0","0","0","0","0","0","0","0","0","0","0","0","0","0","0","0","0","0","0","0","0"
"Double Fudge Individual (merged) ( RM-03-097-A ) , ( RM-03-097-E )","Brownie Points","Taylor Englewood","0","2,164","2,164","-","0","-","-","SA-03-097-A 1.0 SA-03-097-E 1.0","Bakery & Cafe @TY :  3.3 % Dog S-Wag :  0.2 % Bakery & Cafe @EW :  3.9 % Custom Mug & Treats :  2.0 %","6 w","4 w","—","Active","Legacy","—","—","50.0 % Week  49 - 53","C-C03-REG-25-097-XXX","9,192","1754","226","340","273","296","291","325","400","694","541","400","459","378","431","647","522","1952","3895","5752","3922","1046","1256","588","425","417","0","0","0","0","0","0","0","0","0","0","0","0","0","0","0","0","0","0","0","0","0","0","0","0","0","0","0","0","0","0","0","0","0","0","0","0"
"Lemon Individual EW ( RM-03-098-E )","Brownie Points","Englewood","0","115","115","-","0","-","-","SA-03-098-E 1.0","-","6 w","4 w","—","SA-03-098-E :   Yes","Legacy","—","—","50.0 % Week  49 - 53","-","-","0","0","0","0","0","0","0","0","0","0","0","0","0","0","0","0","0","0","0","0","0","0","0","0","0","0","0","0","0","0","0","0","0","0","0","0","0","0","0","0","0","0","0","0","0","0","0","0","0","0","0","0","0","0","0","0","0","0","0","0","0"
"Salted Caramel Individual (merged) ( RM-03-099-A ) , ( RM-03-099-E )","Brownie Points","Taylor Englewood","0","1,531","1,531","-","0","-","-","SA-03-099-A 1.0 SA-03-099-E 1.0","Bakery & Cafe @TY :  2.5 % Bakery & Cafe @EW :  2.2 % Custom Mug & Treats :  1.7 %","6 w","4 w","—","Active","Legacy","—","—","50.0 % Week  49 - 53","C-C03-REG-25-099-XXX","4,995","1276","168","252","203","219","215","241","297","515","401","297","341","281","320","481","388","1449","2889","4267","2909","776","932","437","315","310","0","0","0","0","0","0","0","0","0","0","0","0","0","0","0","0","0","0","0","0","0","0","0","0","0","0","0","0","0","0","0","0","0","0","0","0"
"Classic Chocolate Fudge Individual (merged) ( RM-45-001-A ) , ( RM-45-001-E )","Brownie Points","Taylor Englewood","32","521","553","-","0","-","-","SA-45-001-A 1.0 SA-45-001-E 1.0","Bakery & Cafe @TY :  3.2 % Dog S-Wag :  0.0 % Bakery & Cafe @EW :  3.7 % Custom Mug & Treats :  3.3 %","6 w","4 w","—","Active","Legacy","—","—","50.0 % Week  49 - 53","C-B45-REG-24-001-XXX","4,724","3410","222","334","268","291","285","319","393","682","532","393","451","371","423","636","513","1919","3830","5656","3856","1028","1235","579","417","412","0","0","0","0","0","0","0","0","0","0","0","0","0","0","0","0","0","0","0","0","0","0","0","0","0","0","0","0","0","0","0","0","0","0","0","0"
"Original Kitchen Sink Individual EW ( RM-45-002-E )","Brownie Points","Englewood","0","305","305","-","0","-","-","SA-45-002-E 1.0","Bakery & Cafe @EW :  3.2 % Custom Mug & Treats :  1.8 %","6 w","4 w","—","SA-45-002-E :   No","Legacy","—","—","50.0 % Week  49 - 53","-","-","0","17","28","21","23","23","23","30","55","42","31","35","28","32","47","39","148","307","456","311","84","101","46","33","34","0","0","0","0","0","0","0","0","0","0","0","0","0","0","0","0","0","0","0","0","0","0","0","0","0","0","0","0","0","0","0","0","0","0","0","0"
"Coffee Toffee Individual (merged) ( RM-45-008-A ) , ( RM-45-008-E )","Brownie Points","Taylor Englewood","32","263","295","-","0","-","-","SA-45-008-A 1.0 SA-45-008-E 1.0","Bakery & Cafe @TY :  2.1 % Bakery & Cafe @EW :  2.2 % Custom Mug & Treats :  1.8 %","6 w","4 w","—","Active","Legacy","—","—","50.0 % Week  49 - 53","C-B45-REG-24-008-XXX","265","2211","142","214","172","186","183","204","252","437","340","252","289","238","271","407","329","1229","2451","3620","2468","658","791","370","267","263","0","0","0","0","0","0","0","0","0","0","0","0","0","0","0","0","0","0","0","0","0","0","0","0","0","0","0","0","0","0","0","0","0","0","0","0"
"Triple Chocolate Crunch Individual EW ( RM-45-012-E )","Brownie Points","Englewood","0","307","307","-","0","-","-","SA-45-012-E 1.0","Bakery & Cafe @EW :  1.7 % Custom Mug & Treats :  1.6 %","6 w","4 w","—","SA-45-012-E :   No","Legacy","—","—","50.0 % Week  49 - 53","-","-","0","9","15","11","12","12","13","16","29","22","16","18","15","17","25","21","79","164","244","166","45","54","24","18","19","0","0","0","0","0","0","0","0","0","0","0","0","0","0","0","0","0","0","0","0","0","0","0","0","0","0","0","0","0","0","0","0","0","0","0","0"
"Cinnamon Streusel Individual (merged) ( RM-45-018-A ) , ( RM-45-018-E )","Brownie Points","Taylor Englewood","32","308","340","-","0","-","-","SA-45-018-A 1.0 SA-45-018-E 1.0","Bakery & Cafe @TY :  1.3 % Bakery & Cafe @EW :  1.2 % Custom Mug & Treats :  0.8 %","6 w","4 w","—","Active","Legacy","—","—","50.0 % Week  49 - 53","C-B45-REG-25-018-XXX","728","1357","86","128","103","112","110","123","151","263","205","151","174","143","163","245","198","739","1475","2178","1485","396","476","223","161","158","0","0","0","0","0","0","0","0","0","0","0","0","0","0","0","0","0","0","0","0","0","0","0","0","0","0","0","0","0","0","0","0","0","0","0","0"
"Peanut Butter Fudge Individual (merged) ( RM-45-019-A ) , ( RM-45-019-E )","Brownie Points","Taylor Englewood","32","344","376","-","0","-","-","SA-45-019-A 1.0 SA-45-019-E 1.0","Bakery & Cafe @TY :  2.0 % Dog S-Wag :  0.0 % Bakery & Cafe @EW :  2.0 % Custom Mug & Treats :  2.3 %","6 w","4 w","—","Active","Legacy","—","—","50.0 % Week  49 - 53","C-B45-REG-25-019-XXX","9,992","2128","136","205","165","178","175","196","241","419","326","241","277","228","260","391","315","1179","2351","3472","2367","631","758","355","256","253","0","0","0","0","0","0","0","0","0","0","0","0","0","0","0","0","0","0","0","0","0","0","0","0","0","0","0","0","0","0","0","0","0","0","0","0"
"Berry Score Individual (merged) ( RM-45-021-A ) , ( RM-45-021-E )","Brownie Points","Taylor Englewood","32","254","286","-","0","-","-","SA-45-021-A 1.0 SA-45-021-E 1.0","Bakery & Cafe @TY :  2.4 % Bakery & Cafe @EW :  2.0 % Custom Mug & Treats :  1.4 %","6 w","4 w","—","Active","Legacy","—","—","50.0 % Week  49 - 53","C-B45-REG-25-021-XXX","4,628","2542","161","242","195","211","207","232","285","494","385","285","327","269","307","462","372","1391","2774","4097","2793","745","895","419","302","297","0","0","0","0","0","0","0","0","0","0","0","0","0","0","0","0","0","0","0","0","0","0","0","0","0","0","0","0","0","0","0","0","0","0","0","0"
"Minty Cookies and Cream Individual (merged) ( RM-45-022-A ) , ( RM-45-022-E )","Brownie Points","Taylor Englewood","32","291","323","-","0","-","-","SA-45-022-A 1.0 SA-45-022-E 1.0","Bakery & Cafe @TY :  2.2 % Dog S-Wag :  0.0 % Bakery & Cafe @EW :  2.4 % Custom Mug & Treats :  1.4 %","6 w","4 w","—","Active","Legacy","—","—","50.0 % Week  49 - 53","C-B45-REG-25-022-XXX","2,630","2352","151","227","183","198","195","218","268","465","362","268","308","253","289","434","350","1308","2610","3855","2628","701","842","394","284","280","0","0","0","0","0","0","0","0","0","0","0","0","0","0","0","0","0","0","0","0","0","0","0","0","0","0","0","0","0","0","0","0","0","0","0","0"
"Iced Buttercream Individual (merged) ( RM-03-042-A ) , ( RM-03-042-E )","C. Kreugers","Taylor Englewood","0","1,741","1,291","-","450","-","-","SA-03-042-A 1.0 SA-03-042-E 1.0","Bakery & Cafe @TY :  2.2 % Bakery & Cafe @EW :  1.7 % Custom Mug & Treats :  1.3 %","5 w","4 w","—","Active","Legacy","—","—","0 % Week  49 - 53","C-C03-REG-22-042-XXX","10,650","432","145","218","175","190","186","209","257","445","347","257","295","243","277","416","336","836","1667","2462","1678","671","806","378","273","268","0","0","0","0","0","0","0","0","0","0","0","0","0","0","0","0","0","0","0","0","0","0","0","0","0","0","0","0","0","0","0","0","0","0","0","0"
"Iced Sunshine Lime Individual (merged) ( RM-03-045-A ) , ( RM-03-045-E )","C. Kreugers","Taylor Englewood","0","1,918","1,918","-","0","-","-","SA-03-045-A 1.0 SA-03-045-E 1.0","Bakery & Cafe @TY :  1.8 % Custom Mug & Treats :  0.4 %","5 w","4 w","—","Active","Legacy","—","—","0 % Week  49 - 53","C-C03-REG-22-045-XXX","4,950","0","114","171","138","150","147","165","203","350","274","202","233","192","218","329","265","659","1311","1935","1319","527","633","298","214","210","0","0","0","0","0","0","0","0","0","0","0","0","0","0","0","0","0","0","0","0","0","0","0","0","0","0","0","0","0","0","0","0","0","0","0","0"
"Iced Peanut Butter with Fudge Individual (merged) ( RM-03-047-A ) , ( RM-03-047-E )","C. Kreugers","Taylor Englewood","0","2,517","1,617","-","450","450","P02130 7/26/26","SA-03-047-A 1.0 SA-03-047-E 1.0","Bakery & Cafe @TY :  2.8 % Bakery & Cafe @EW :  2.5 % Custom Mug & Treats :  2.4 %","5 w","4 w","—","Active","Legacy","—","—","0 % Week  49 - 53","C-C03-REG-22-047-XXX","1,964","261","186","279","224","243","238","267","328","570","444","328","377","310","354","532","429","1069","2132","3149","2147","859","1031","483","349","344","0","0","0","0","0","0","0","0","0","0","0","0","0","0","0","0","0","0","0","0","0","0","0","0","0","0","0","0","0","0","0","0","0","0","0","0"
"Iced Apple Pie Individual (merged) ( RM-03-050-A ) , ( RM-03-050-E )","C. Kreugers","Taylor Englewood","0","1,856","956","-","450","450","P02130 7/26/26","SA-03-050-A 1.0 SA-03-050-E 1.0","Bakery & Cafe @TY :  1.8 % Bakery & Cafe @EW :  1.5 % Custom Mug & Treats :  1.5 %","5 w","4 w","—","Active","Legacy","—","—","0 % Week  49 - 53","C-C03-REG-22-050-XXX","4,139","5","118","177","143","155","152","170","209","363","283","209","240","198","225","339","273","681","1357","2004","1366","546","656","308","222","219","0","0","0","0","0","0","0","0","0","0","0","0","0","0","0","0","0","0","0","0","0","0","0","0","0","0","0","0","0","0","0","0","0","0","0","0"
"Iced Maple Butter Pecan Individual (merged) ( RM-03-051-A ) , ( RM-03-051-E )","C. Kreugers","Taylor Englewood","0","2,051","1,601","-","0","450","P02130 7/26/26","SA-03-051-A 1.0 SA-03-051-E 1.0","Bakery & Cafe @TY :  2.6 % Bakery & Cafe @EW :  1.8 % Custom Mug & Treats :  1.2 %","5 w","4 w","—","Active","Legacy","—","—","0 % Week  49 - 53","C-C03-REG-22-051-XXX","1,309","556","174","261","210","228","224","251","308","534","417","308","354","292","332","500","403","1003","1999","2952","2013","805","967","453","327","321","0","0","0","0","0","0","0","0","0","0","0","0","0","0","0","0","0","0","0","0","0","0","0","0","0","0","0","0","0","0","0","0","0","0","0","0"
"Iced Strawberry Individual (merged) ( RM-03-055-A ) , ( RM-03-055-E )","C. Kreugers","Taylor Englewood","0","1,859","959","-","450","450","P02130 7/26/26","SA-03-055-A 1.0 SA-03-055-E 1.0","Bakery & Cafe @TY :  2.2 % Bakery & Cafe @EW :  2.0 % Custom Mug & Treats :  1.8 %","5 w","4 w","—","Active","Legacy","—","—","0 % Week  49 - 53","C-C03-REG-22-055-XXX","11,223","442","146","219","176","191","187","209","258","447","349","258","296","244","278","418","337","840","1675","2473","1686","674","810","380","274","270","0","0","0","0","0","0","0","0","0","0","0","0","0","0","0","0","0","0","0","0","0","0","0","0","0","0","0","0","0","0","0","0","0","0","0","0"
"Iced Birthday Cake Individual (merged) ( RM-03-056-A ) , ( RM-03-056-E )","C. Kreugers","Taylor Englewood","0","2,409","1,059","-","450","900","P02130 7/26/26","SA-03-056-A 1.0 SA-03-056-E 1.0","Bakery & Cafe @TY :  3.0 % Dog S-Wag :  0.2 % Bakery & Cafe @EW :  3.0 % Custom Mug & Treats :  1.8 %","5 w","4 w","—","Active","Legacy","—","—","0 % Week  49 - 53","C-C03-REG-22-056-XXX","2,303","640","204","306","246","266","262","293","360","625","487","360","414","341","388","584","471","1172","2338","3453","2354","942","1131","530","382","376","0","0","0","0","0","0","0","0","0","0","0","0","0","0","0","0","0","0","0","0","0","0","0","0","0","0","0","0","0","0","0","0","0","0","0","0"
"Iced Caramel Cheesecake Individual (merged) ( RM-03-057-A ) , ( RM-03-057-E )","C. Kreugers","Taylor Englewood","0","3,292","1,942","-","450","900","P02130 7/26/26","SA-03-057-A 1.0 SA-03-057-E 1.0","Bakery & Cafe @TY :  3.9 % Bakery & Cafe @EW :  3.4 % Custom Mug & Treats :  3.3 %","5 w","4 w","—","Active","Legacy","—","—","0 % Week  49 - 53","C-C03-REG-22-057-XXX","1,882","645","263","395","318","344","338","378","465","807","629","465","535","440","501","754","608","1515","3021","4461","3041","1216","1461","685","494","487","0","0","0","0","0","0","0","0","0","0","0","0","0","0","0","0","0","0","0","0","0","0","0","0","0","0","0","0","0","0","0","0","0","0","0","0"
"Iced Cinnamon Bun Individual (merged) ( RM-03-058-A ) , ( RM-03-058-E )","C. Kreugers","Taylor Englewood","0","1,950","1,500","-","0","450","P02130 7/26/26","SA-03-058-A 1.0 SA-03-058-E 1.0","Bakery & Cafe @TY :  1.8 % Bakery & Cafe @EW :  1.5 % Custom Mug & Treats :  1.4 %","5 w","4 w","—","Active","Legacy","—","—","0 % Week  49 - 53","C-C03-REG-22-058-XXX","8,123","0","123","185","149","161","158","177","218","378","295","218","250","206","235","353","285","710","1415","2090","1425","570","685","321","231","228","0","0","0","0","0","0","0","0","0","0","0","0","0","0","0","0","0","0","0","0","0","0","0","0","0","0","0","0","0","0","0","0","0","0","0","0"
"Iced Red Velvet Individual (merged) ( RM-03-061-A ) , ( RM-03-061-E )","C. Kreugers","Taylor Englewood","0","3,145","1,795","-","450","900","P02130 7/26/26","SA-03-061-A 1.0 SA-03-061-E 1.0","Bakery & Cafe @TY :  4.1 % Bakery & Cafe @EW :  3.9 % Custom Mug & Treats :  2.4 %","5 w","4 w","—","Active","Legacy","—","—","0 % Week  49 - 53","C-C03-REG-22-061-XXX","1,828","1002","277","416","335","362","356","398","490","850","663","490","563","463","528","794","640","1596","3182","4700","3204","1281","1539","721","520","511","0","0","0","0","0","0","0","0","0","0","0","0","0","0","0","0","0","0","0","0","0","0","0","0","0","0","0","0","0","0","0","0","0","0","0","0"
"Gluten Free Chocolate Chip Individual (merged) ( RM-03-070-A ) , ( RM-03-070-E )","C. Kreugers","Taylor Englewood","0","627","447","-","0","180","P02130 7/26/26","SA-03-070-A 1.0 SA-03-070-E 1.0","Bakery & Cafe @TY :  0.8 % Bakery & Cafe @EW :  0.8 % Custom Mug & Treats :  1.9 %","5 w","4 w","—","Active","Legacy","—","—","0 % Week  49 - 53","C-C03-REG-22-070-XXX","919","240","54","81","65","71","69","78","95","166","129","95","110","90","103","155","125","311","621","917","625","250","300","141","101","102","0","0","0","0","0","0","0","0","0","0","0","0","0","0","0","0","0","0","0","0","0","0","0","0","0","0","0","0","0","0","0","0","0","0","0","0"
"Gluten Free Peanut Butter Individual (merged) ( RM-03-071-A ) , ( RM-03-071-E )","C. Kreugers","Taylor Englewood","0","720","480","-","0","240","P02130 7/26/26","SA-03-071-A 1.0 SA-03-071-E 1.0","Bakery & Cafe @TY :  0.5 % Bakery & Cafe @EW :  0.8 %","5 w","4 w","—","Active","Legacy","—","—","0 % Week  49 - 53","C-C03-REG-22-071-XXX","3,782","0","34","51","41","44","44","48","60","104","81","60","69","56","64","97","78","195","389","575","392","157","189","88","64","62","0","0","0","0","0","0","0","0","0","0","0","0","0","0","0","0","0","0","0","0","0","0","0","0","0","0","0","0","0","0","0","0","0","0","0","0"
"Gluten Free White Chocolate Cherry Oatmeal Individual (merged) ( RM-03-073-A ) , ( RM-03-073-E )","C. Kreugers","Taylor Englewood","0","615","495","-","0","120","P02130 7/26/26","SA-03-073-A 1.0 SA-03-073-E 1.0","Bakery & Cafe @TY :  0.7 % Bakery & Cafe @EW :  0.7 % Custom Mug & Treats :  1.1 %","5 w","4 w","—","Active","Legacy","—","—","0 % Week  49 - 53","C-CXX-REG-22-XXX-XXX","16,260","159","45","67","54","58","57","64","79","137","107","79","91","75","85","128","103","257","513","758","517","207","248","116","84","83","0","0","0","0","0","0","0","0","0","0","0","0","0","0","0","0","0","0","0","0","0","0","0","0","0","0","0","0","0","0","0","0","0","0","0","0"
"Cranberry Apricot Oat Individual (merged) ( RM-03-100-A ) , ( RM-03-100-E )","C. Kreugers","Taylor Englewood","0","1,491","735","-","324","432","P02130 7/26/26 P02110 7/7/26","SA-03-100-A 1.0 SA-03-100-E 1.0","Bakery & Cafe @TY :  1.9 % Bakery & Cafe @EW :  1.5 % Custom Mug & Treats :  2.5 %","5 w","4 w","—","Active","Legacy","—","—","0 % Week  49 - 53","C-C03-REG-25-100-XXX","2,199","375","125","187","151","163","160","179","221","383","298","221","253","209","238","358","288","718","1432","2115","1442","577","693","325","234","232","0","0","0","0","0","0","0","0","0","0","0","0","0","0","0","0","0","0","0","0","0","0","0","0","0","0","0","0","0","0","0","0","0","0","0","0"
"Butterscotch Chip Individual (merged) ( RM-03-101-A ) , ( RM-03-101-E )","C. Kreugers","Taylor Englewood","0","1,065","741","-","0","324","P02130 7/26/26","SA-03-101-A 1.0 SA-03-101-E 1.0","Bakery & Cafe @TY :  1.3 % Bakery & Cafe @EW :  1.5 % Custom Mug & Treats :  1.1 %","5 w","4 w","—","Active","Legacy","—","—","0 % Week  49 - 53","C-C03-REG-25-101-XXX","6,765","244","87","130","105","113","112","125","153","267","208","153","176","145","165","248","200","500","997","1473","1004","402","483","226","163","161","0","0","0","0","0","0","0","0","0","0","0","0","0","0","0","0","0","0","0","0","0","0","0","0","0","0","0","0","0","0","0","0","0","0","0","0"
"Chocolate Triple Chip Individual (merged) ( RM-03-025-A ) , ( RM-03-025-E )","D'vine","Taylor Englewood","0","4,552","3,585","-","967","-","-","SA-03-025-A 1.0 SA-03-025-E 1.0","Bakery & Cafe @TY :  7.6 % Dog S-Wag :  0.0 % Bakery & Cafe @EW :  7.7 % Custom Mug & Treats :  7.3 %","7 w","6 w","—","Active","Legacy","—","—","50.0 % Week  49 - 53","C-C03-REG-22-025-XXX","13,934","6930","514","771","621","672","660","738","909","1577","1229","909","1044","859","979","1472","1187","4439","8855","13078","8915","2377","2856","1338","965","952","0","0","0","0","0","0","0","0","0","0","0","0","0","0","0","0","0","0","0","0","0","0","0","0","0","0","0","0","0","0","0","0","0","0","0","0"
"Sugar Individual (merged) ( RM-03-027-A ) , ( RM-03-027-E )","D'vine","Taylor Englewood","0","2,182","2,182","-","0","-","-","SA-03-027-A 1.0 SA-03-027-E 1.0","Bakery & Cafe @TY :  2.1 % Bakery & Cafe @EW :  1.8 % Custom Mug & Treats :  2.3 %","7 w","6 w","—","Active","Legacy","—","—","50.0 % Week  49 - 53","C-C03-REG-22-027-XXX","301","944","140","210","169","183","180","201","247","429","335","247","284","234","267","401","323","1209","2410","3559","2426","647","777","364","263","260","0","0","0","0","0","0","0","0","0","0","0","0","0","0","0","0","0","0","0","0","0","0","0","0","0","0","0","0","0","0","0","0","0","0","0","0"
"Peanut Butter Individual (merged) ( RM-03-033-A ) , ( RM-03-033-E )","D'vine","Taylor Englewood","0","2,995","2,995","-","0","-","-","SA-03-033-A 1.0 SA-03-033-E 1.0","Bakery & Cafe @TY :  3.3 % Bakery & Cafe @EW :  3.2 % Custom Mug & Treats :  2.6 %","7 w","6 w","—","Active","Legacy","—","—","50.0 % Week  49 - 53","C-C03-REG-22-033-XXX","890","2213","222","334","269","291","286","320","393","683","532","393","452","372","424","637","514","1922","3833","5661","3859","1029","1236","579","418","411","0","0","0","0","0","0","0","0","0","0","0","0","0","0","0","0","0","0","0","0","0","0","0","0","0","0","0","0","0","0","0","0","0","0","0","0"
"Stuffed Churro Individual (merged) ( RM-03-093-A ) , ( RM-03-093-E )","D'vine","Taylor Englewood","0","2,616","2,616","-","0","-","-","SA-03-093-A 1.0 SA-03-093-E 1.0","Bakery & Cafe @TY :  3.8 % Bakery & Cafe @EW :  4.5 % Custom Mug & Treats :  1.9 %","7 w","6 w","—","Active","Legacy","—","—","50.0 % Week  49 - 53","C-C03-REG-25-093-XXX","17,411","3282","264","397","319","345","339","379","467","811","632","467","536","441","503","755","610","2280","4550","6720","4581","1222","1468","687","496","487","0","0","0","0","0","0","0","0","0","0","0","0","0","0","0","0","0","0","0","0","0","0","0","0","0","0","0","0","0","0","0","0","0","0","0","0"
"Cedar & Tobacco Individual ( RM-16-010-A )","Calyan","Englewood","0","422","72","-","0","350","P02103 7/5/26","SA-16-010-A 1.0","Gourmet Goods & Spa :  2.6 %","6 w","4 w","—","SA-16-010-A :   No","Legacy","—","—","50.0 % Week  49 - 53","-","-","0","23","32","27","28","28","32","38","66","53","38","43","35","42","67","53","198","396","587","383","105","125","59","41","32","0","0","0","0","0","0","0","0","0","0","0","0","0","0","0","0","0","0","0","0","0","0","0","0","0","0","0","0","0","0","0","0","0","0","0","0"
"Lavender + Bergamot Room Spray Individual ( RM-16-086-A )","Calyan","—","0","155","155","-","0","-","-","FG-48-014-A 1.0 FG-48-015-A 1.0 SA-16-086-A 1.0 SA-48-069-A 1.0","-","6 w","4 w","—","2  Disc 2  Active","Legacy","—","—","50.0 % Week  49 - 53","-","-","0","0","0","0","0","0","0","0","0","0","0","0","0","0","0","0","0","0","0","0","0","0","0","0","0","0","0","0","0","0","0","0","0","0","0","0","0","0","0","0","0","0","0","0","0","0","0","0","0","0","0","0","0","0","0","0","0","0","0","0","0"
"Evergreen + Eucalyptus Room Spray Individual ( RM-16-087-A )","Calyan","Englewood","0","0","-1","-","0","-","-","FG-48-010-A 1.0 FG-48-011-A 1.0 FG-48-012-A 1.0 SA-16-087-A 1.0","-","6 w","4 w","—","1  Disc 3  Active","Legacy","—","—","50.0 % Week  49 - 53","-","-","0","0","0","0","0","0","0","0","0","0","0","0","0","0","0","0","0","0","0","0","0","0","0","0","0","0","0","0","0","0","0","0","0","0","0","0","0","0","0","0","0","0","0","0","0","0","0","0","0","0","0","0","0","0","0","0","0","0","0","0","0"
"Seaside + Citrus Room Spray Individual ( RM-16-088-A )","Calyan","—","0","152","152","-","0","-","-","SA-16-088-A 1.0","-","6 w","4 w","—","SA-16-088-A :   Yes","Legacy","—","—","50.0 % Week  49 - 53","-","-","0","0","0","0","0","0","0","0","0","0","0","0","0","0","0","0","0","0","0","0","0","0","0","0","0","0","0","0","0","0","0","0","0","0","0","0","0","0","0","0","0","0","0","0","0","0","0","0","0","0","0","0","0","0","0","0","0","0","0","0","0"
"Aspen + Fog Room Spray Individual ( RM-16-089-A )","Calyan","Englewood","0","65","156","-","-91","-","-","FG-48-024-A 1.0 SA-16-089-A 1.0 SA-48-081-A 1.0","-","6 w","4 w","—","2  Disc 1  Active","Legacy","—","—","50.0 % Week  49 - 53","-","-","0","0","0","0","0","0","0","0","0","0","0","0","0","0","0","0","0","0","0","0","0","0","0","0","0","0","0","0","0","0","0","0","0","0","0","0","0","0","0","0","0","0","0","0","0","0","0","0","0","0","0","0","0","0","0","0","0","0","0","0","0"
"Oakmoss + Amber Room Spray Individual ( RM-16-090-A )","Calyan","—","0","158","158","-","0","-","-","SA-16-090-A 1.0","-","6 w","4 w","—","SA-16-090-A :   No","Legacy","—","—","50.0 % Week  49 - 53","-","-","0","0","0","0","0","0","0","0","0","0","0","0","0","0","0","0","0","0","0","0","0","0","0","0","0","0","0","0","0","0","0","0","0","0","0","0","0","0","0","0","0","0","0","0","0","0","0","0","0","0","0","0","0","0","0","0","0","0","0","0","0"
"Vetiver + Tonka Room Spray Individual ( RM-16-091-A )","Calyan","—","0","5","5","-","0","-","-","SA-16-091-A 1.0","-","6 w","4 w","—","SA-16-091-A :   No","Legacy","—","—","50.0 % Week  49 - 53","-","-","0","0","0","0","0","0","0","0","0","0","0","0","0","0","0","0","0","0","0","0","0","0","0","0","0","0","0","0","0","0","0","0","0","0","0","0","0","0","0","0","0","0","0","0","0","0","0","0","0","0","0","0","0","0","0","0","0","0","0","0","0"
"Lemon + Sage Room Spray Individual ( RM-16-092-A )","Calyan","Englewood","0","0","5","-","-106","-","-","FG-48-005-A 1.0 FG-48-006-A 1.0 SA-16-092-A 1.0 SA-48-057-A 1.0","-","6 w","4 w","—","2  Disc 2  Active","Legacy","—","—","50.0 % Week  49 - 53","-","-","0","0","0","0","0","0","0","0","0","0","0","0","0","0","0","0","0","0","0","0","0","0","0","0","0","0","0","0","0","0","0","0","0","0","0","0","0","0","0","0","0","0","0","0","0","0","0","0","0","0","0","0","0","0","0","0","0","0","0","0","0"
"Rose + Peony Room Spray Individual ( RM-16-093-A )","Calyan","—","0","352","352","-","0","-","-","SA-16-093-A 1.0","-","6 w","4 w","—","SA-16-093-A :   No","Legacy","—","—","50.0 % Week  49 - 53","-","-","0","0","0","0","0","0","0","0","0","0","0","0","0","0","0","0","0","0","0","0","0","0","0","0","0","0","0","0","0","0","0","0","0","0","0","0","0","0","0","0","0","0","0","0","0","0","0","0","0","0","0","0","0","0","0","0","0","0","0","0","0"
"Lavender + Bergamot Candle Individual ( RM-16-094-A )","Calyan","Englewood","0","458","124","-","54","280","P02125 7/21/26 P02103 7/5/26","FG-48-002-A 1.0 FG-48-003-A 1.0 SA-16-094-A 1.0 SA-48-053-A 1.0","Gourmet Goods & Spa :  4.9 %","6 w","4 w","—","4  Active","Legacy","—","—","50.0 % Week  49 - 53","-","-","225","43","59","50","53","53","60","70","124","99","71","80","66","79","126","98","370","740","1098","716","196","234","110","76","60","0","0","0","0","0","0","0","0","0","0","0","0","0","0","0","0","0","0","0","0","0","0","0","0","0","0","0","0","0","0","0","0","0","0","0","0"
"Evergreen + Eucalyptus Candle Individual ( RM-16-095-A )","Calyan","Englewood","0","642","312","-","330","-","-","","Gourmet Goods & Spa :  5.6 %","6 w","4 w","—","5  Active","Legacy","—","—","50.0 % Week  49 - 53","-","-","140","49","68","58","60","60","68","81","142","114","82","92","76","91","145","113","424","848","1258","820","225","268","125","87","69","0","0","0","0","0","0","0","0","0","0","0","0","0","0","0","0","0","0","0","0","0","0","0","0","0","0","0","0","0","0","0","0","0","0","0","0"
"Rose + Peony Candle Individual ( RM-16-096-A )","Calyan","—","0","0","5","-","-133","-","-","SA-16-096-A 1.0","-","6 w","4 w","—","SA-16-096-A :   Yes","Legacy","—","—","50.0 % Week  49 - 53","-","-","0","0","0","0","0","0","0","0","0","0","0","0","0","0","0","0","0","0","0","0","0","0","0","0","0","0","0","0","0","0","0","0","0","0","0","0","0","0","0","0","0","0","0","0","0","0","0","0","0","0","0","0","0","0","0","0","0","0","0","0","0"
"Mahogany + Cashmere Candle Individual ( RM-16-097-A )","Calyan","Englewood","0","1,078","408","-","570","100","P02125 7/21/26","SA-16-097-A 1.0","Gourmet Goods & Spa :  6.8 %","6 w","4 w","—","SA-16-097-A :   No","Legacy","—","—","50.0 % Week  49 - 53","-","-","0","60","83","70","73","73","83","98","172","138","99","112","92","111","176","137","516","1031","1530","997","273","326","153","106","84","0","0","0","0","0","0","0","0","0","0","0","0","0","0","0","0","0","0","0","0","0","0","0","0","0","0","0","0","0","0","0","0","0","0","0","0"
"Oakmoss + Amber Candle Individual ( RM-16-098-A )","Calyan","Englewood","0","411","211","-","120","80","P02125 7/21/26","SA-16-098-A 1.0","Gourmet Goods & Spa :  2.9 %","6 w","4 w","—","SA-16-098-A :   No","Legacy","—","—","50.0 % Week  49 - 53","-","-","0","26","36","30","32","32","36","42","74","60","43","48","40","48","76","59","222","444","659","429","118","140","66","46","36","0","0","0","0","0","0","0","0","0","0","0","0","0","0","0","0","0","0","0","0","0","0","0","0","0","0","0","0","0","0","0","0","0","0","0","0"
"Aspen + Fog Candle Individual ( RM-16-099-A )","Calyan","Englewood","0","265","-45","-","0","310","P02125 7/21/26 P02103 7/5/26","SA-16-099-A 1.0","Gourmet Goods & Spa :  3.3 %","6 w","4 w","—","SA-16-099-A :   No","Legacy","—","—","50.0 % Week  49 - 53","-","-","194","29","40","34","35","35","40","47","83","67","48","54","44","53","85","66","249","498","738","481","132","157","74","51","40","0","0","0","0","0","0","0","0","0","0","0","0","0","0","0","0","0","0","0","0","0","0","0","0","0","0","0","0","0","0","0","0","0","0","0","0"
"Desert + Agave Candle Individual ( RM-16-100-A )","Calyan","Englewood","0","0","5","-","-125","-","-","SA-16-100-A 1.0","-","6 w","4 w","—","SA-16-100-A :   Yes","Legacy","—","—","50.0 % Week  49 - 53","-","-","0","0","0","0","0","0","0","0","0","0","0","0","0","0","0","0","0","0","0","0","0","0","0","0","0","0","0","0","0","0","0","0","0","0","0","0","0","0","0","0","0","0","0","0","0","0","0","0","0","0","0","0","0","0","0","0","0","0","0","0","0"
"Passionfruit + Ginger Candle Individual ( RM-16-101-A )","Calyan","Englewood","0","0","-1","-","0","-","-","SA-16-101-A 1.0","-","6 w","4 w","—","SA-16-101-A :   Yes","Legacy","—","—","50.0 % Week  49 - 53","-","-","0","0","0","0","0","0","0","0","0","0","0","0","0","0","0","0","0","0","0","0","0","0","0","0","0","0","0","0","0","0","0","0","0","0","0","0","0","0","0","0","0","0","0","0","0","0","0","0","0","0","0","0","0","0","0","0","0","0","0","0","0"
"Vetiver + Tonka Candle Individual ( RM-16-102-A )","Calyan","Englewood","0","282","72","-","0","210","P02125 7/21/26 P02103 7/5/26","SA-16-102-A 1.0","Gourmet Goods & Spa :  2.6 %","6 w","4 w","—","SA-16-102-A :   No","Legacy","—","—","50.0 % Week  49 - 53","-","-","84","23","32","27","28","28","32","38","66","53","38","43","35","43","68","53","199","397","589","384","105","126","59","41","32","0","0","0","0","0","0","0","0","0","0","0","0","0","0","0","0","0","0","0","0","0","0","0","0","0","0","0","0","0","0","0","0","0","0","0","0"
"Redwood + Vanilla Candle Individual ( RM-16-103-A )","Calyan","Englewood","0","650","164","-","456","30","P02125 7/21/26","SA-16-103-A 1.0","Gourmet Goods & Spa :  3.6 %","6 w","4 w","—","SA-16-103-A :   No","Legacy","—","—","50.0 % Week  49 - 53","-","-","0","32","44","37","39","39","44","52","91","73","52","59","49","58","93","72","272","544","808","527","144","172","81","56","44","0","0","0","0","0","0","0","0","0","0","0","0","0","0","0","0","0","0","0","0","0","0","0","0","0","0","0","0","0","0","0","0","0","0","0","0"
"Seaside & Citrus Individual ( RM-16-031-A )","Calyan Wax Co.","Englewood","0","471","81","-","390","-","-","SA-16-031-A 1.0","Gourmet Goods & Spa :  3.1 %","6 w","4 w","—","SA-16-031-A :   No","Legacy","—","—","50.0 % Week  49 - 53","-","-","0","27","37","32","33","33","37","44","78","62","45","50","41","50","79","62","232","464","689","449","123","147","69","48","38","0","0","0","0","0","0","0","0","0","0","0","0","0","0","0","0","0","0","0","0","0","0","0","0","0","0","0","0","0","0","0","0","0","0","0","0"
"HS Full of Gratitude Individual ( RM-16-051-A )","Homesick","—","0","4","4","-","0","-","-","SA-16-051-A 1.0","-","4 w","8 w","—","SA-16-051-A :   Yes","Legacy","—","—","50.0 % Week  49 - 53","-","-","0","0","0","0","0","0","0","0","0","0","0","0","0","0","0","0","0","0","0","0","0","0","0","0","0","0","0","0","0","0","0","0","0","0","0","0","0","0","0","0","0","0","0","0","0","0","0","0","0","0","0","0","0","0","0","0","0","0","0","0","0"
"HS Cheers to You Individual ( RM-16-052-A )","Homesick","—","0","2","2","-","0","-","-","SA-16-052-A 1.0","-","4 w","8 w","—","SA-16-052-A :   Yes","Legacy","—","—","50.0 % Week  49 - 53","-","-","0","0","0","0","0","0","0","0","0","0","0","0","0","0","0","0","0","0","0","0","0","0","0","0","0","0","0","0","0","0","0","0","0","0","0","0","0","0","0","0","0","0","0","0","0","0","0","0","0","0","0","0","0","0","0","0","0","0","0","0","0"
"HS Reading Nook Individual ( RM-16-053-A )","Homesick","—","0","5","5","-","0","-","-","SA-16-053-A 1.0","-","4 w","8 w","—","SA-16-053-A :   Yes","Legacy","—","—","50.0 % Week  49 - 53","-","-","0","0","0","0","0","0","0","0","0","0","0","0","0","0","0","0","0","0","0","0","0","0","0","0","0","0","0","0","0","0","0","0","0","0","0","0","0","0","0","0","0","0","0","0","0","0","0","0","0","0","0","0","0","0","0","0","0","0","0","0","0"
"HS City Lights Individual ( RM-16-054-A )","Homesick","—","0","3","3","-","0","-","-","SA-16-054-A 1.0","-","4 w","8 w","—","SA-16-054-A :   Yes","Legacy","—","—","50.0 % Week  49 - 53","-","-","0","0","0","0","0","0","0","0","0","0","0","0","0","0","0","0","0","0","0","0","0","0","0","0","0","0","0","0","0","0","0","0","0","0","0","0","0","0","0","0","0","0","0","0","0","0","0","0","0","0","0","0","0","0","0","0","0","0","0","0","0"
"HS Love Story Individual ( RM-16-055-A )","Homesick","—","0","202","202","-","0","-","-","FG-48-031-A 1.0 FG-48-032-A 1.0 FG-48-033-A 1.0 SA-16-055-A 1.0","-","4 w","8 w","—","1  Disc 3  Active","Legacy","—","—","50.0 % Week  49 - 53","-","-","0","0","0","0","0","0","0","0","0","0","0","0","0","0","0","0","0","0","0","0","0","0","0","0","0","0","0","0","0","0","0","0","0","0","0","0","0","0","0","0","0","0","0","0","0","0","0","0","0","0","0","0","0","0","0","0","0","0","0","0","0"
"HS Birthday Frosting Individual ( RM-16-056-A )","Homesick","—","0","2","2","-","0","-","-","SA-16-056-A 1.0","-","4 w","8 w","—","SA-16-056-A :   Yes","Legacy","—","—","50.0 % Week  49 - 53","-","-","0","0","0","0","0","0","0","0","0","0","0","0","0","0","0","0","0","0","0","0","0","0","0","0","0","0","0","0","0","0","0","0","0","0","0","0","0","0","0","0","0","0","0","0","0","0","0","0","0","0","0","0","0","0","0","0","0","0","0","0","0"
"HS Great Outdoors Individual ( RM-16-058-A )","Homesick","—","0","4","4","-","0","-","-","SA-16-058-A 1.0","-","4 w","8 w","—","SA-16-058-A :   Yes","Legacy","—","—","50.0 % Week  49 - 53","-","-","0","0","0","0","0","0","0","0","0","0","0","0","0","0","0","0","0","0","0","0","0","0","0","0","0","0","0","0","0","0","0","0","0","0","0","0","0","0","0","0","0","0","0","0","0","0","0","0","0","0","0","0","0","0","0","0","0","0","0","0","0"
"HS Morning Mimosas Individual ( RM-16-059-A )","Homesick","—","0","2","2","-","0","-","-","SA-16-059-A 1.0","-","4 w","8 w","—","SA-16-059-A :   Yes","Legacy","—","—","50.0 % Week  49 - 53","-","-","0","0","0","0","0","0","0","0","0","0","0","0","0","0","0","0","0","0","0","0","0","0","0","0","0","0","0","0","0","0","0","0","0","0","0","0","0","0","0","0","0","0","0","0","0","0","0","0","0","0","0","0","0","0","0","0","0","0","0","0","0"
"HS Housewarming Individual ( RM-16-063-A )","Homesick","—","0","2","2","-","0","-","-","SA-16-063-A 1.0","-","4 w","8 w","—","SA-16-063-A :   Yes","Legacy","—","—","50.0 % Week  49 - 53","-","-","0","0","0","0","0","0","0","0","0","0","0","0","0","0","0","0","0","0","0","0","0","0","0","0","0","0","0","0","0","0","0","0","0","0","0","0","0","0","0","0","0","0","0","0","0","0","0","0","0","0","0","0","0","0","0","0","0","0","0","0","0"
"Homesick on the beach individual ( RM-16-064-A )","Homesick","—","0","0","5","-","-156","-","-","","-","4 w","8 w","—","2  Disc 3  Active","Legacy","—","—","50.0 % Week  49 - 53","-","-","0","0","0","0","0","0","0","0","0","0","0","0","0","0","0","0","0","0","0","0","0","0","0","0","0","0","0","0","0","0","0","0","0","0","0","0","0","0","0","0","0","0","0","0","0","0","0","0","0","0","0","0","0","0","0","0","0","0","0","0","0"
"HS Howdy Individual ( RM-16-069-A )","Homesick","—","0","4","4","-","0","-","-","SA-16-069-A 1.0","-","4 w","8 w","—","SA-16-069-A :   Yes","Legacy","—","—","50.0 % Week  49 - 53","-","-","0","0","0","0","0","0","0","0","0","0","0","0","0","0","0","0","0","0","0","0","0","0","0","0","0","0","0","0","0","0","0","0","0","0","0","0","0","0","0","0","0","0","0","0","0","0","0","0","0","0","0","0","0","0","0","0","0","0","0","0","0"
"HS On the Green Individual ( RM-16-071-A )","Homesick","—","0","4","4","-","0","-","-","SA-16-071-A 1.0","-","4 w","8 w","—","SA-16-071-A :   Yes","Legacy","—","—","50.0 % Week  49 - 53","-","-","0","0","0","0","0","0","0","0","0","0","0","0","0","0","0","0","0","0","0","0","0","0","0","0","0","0","0","0","0","0","0","0","0","0","0","0","0","0","0","0","0","0","0","0","0","0","0","0","0","0","0","0","0","0","0","0","0","0","0","0","0"
"Matchbook Individual ( RM-16-037-A )","Maryland Match","—","0","0","-2,017","-","0","-","-","SA-16-037-A 1.0 SA-48-060-A 1.0","-","12 w","12 w","—","SA-16-037-A :   No SA-48-060-A :   No","Legacy","—","—","50.0 % Week  49 - 53","C-CXX-REG-22-XXX-XXX","16,260","0","221","530","299","352","325","277","320","979","555","454","384","367","404","469","506","1677","3903","5511","4250","1026","1290","564","470","324","0","0","0","0","0","0","0","0","0","0","0","0","0","0","0","0","0","0","0","0","0","0","0","0","0","0","0","0","0","0","0","0","0","0","0","0"
"Small Sugarwish Matches ( RM-16-105-A )","Maryland Match","—","0","4,722","-1","-","4,723","-","-","","-","12 w","12 w","—","3  Disc 15  Active","Legacy","—","—","50.0 % Week  49 - 53","-","-","0","0","0","0","0","0","0","0","0","0","0","0","0","0","0","0","0","0","0","0","0","0","0","0","0","0","0","0","0","0","0","0","0","0","0","0","0","0","0","0","0","0","0","0","0","0","0","0","0","0","0","0","0","0","0","0","0","0","0","0","0"
"Aperol Spritz Individual ( RM-16-077-A )","Penn & Beech","—","0","264","48","-","216","-","-","SA-16-077-A 1.0","-","4 w","6 w","—","SA-16-077-A :   No","Legacy","—","—","50.0 % Week  49 - 53","-","-","0","0","0","0","0","0","0","0","0","0","0","0","0","0","0","0","0","0","0","0","0","0","0","0","0","0","0","0","0","0","0","0","0","0","0","0","0","0","0","0","0","0","0","0","0","0","0","0","0","0","0","0","0","0","0","0","0","0","0","0","0"
"Lavender Fields Individual ( RM-16-078-A )","Penn & Beech","—","0","1","1","-","0","-","-","SA-16-078-A 1.0","-","4 w","6 w","—","SA-16-078-A :   Yes","Legacy","—","—","50.0 % Week  49 - 53","-","-","0","0","0","0","0","0","0","0","0","0","0","0","0","0","0","0","0","0","0","0","0","0","0","0","0","0","0","0","0","0","0","0","0","0","0","0","0","0","0","0","0","0","0","0","0","0","0","0","0","0","0","0","0","0","0","0","0","0","0","0","0"
"Cashmere Individual ( RM-16-079-A )","Penn & Beech","—","0","268","52","-","216","-","-","SA-16-079-A 1.0","-","4 w","6 w","—","SA-16-079-A :   No","Legacy","—","—","50.0 % Week  49 - 53","-","-","0","0","0","0","0","0","0","0","0","0","0","0","0","0","0","0","0","0","0","0","0","0","0","0","0","0","0","0","0","0","0","0","0","0","0","0","0","0","0","0","0","0","0","0","0","0","0","0","0","0","0","0","0","0","0","0","0","0","0","0","0"
"P&B Bergamot Individual ( RM-16-080-A )","Penn & Beech","—","0","4","4","-","0","-","-","SA-16-080-A 1.0","-","4 w","6 w","—","SA-16-080-A :   Yes","Legacy","—","—","50.0 % Week  49 - 53","-","-","0","0","0","0","0","0","0","0","0","0","0","0","0","0","0","0","0","0","0","0","0","0","0","0","0","0","0","0","0","0","0","0","0","0","0","0","0","0","0","0","0","0","0","0","0","0","0","0","0","0","0","0","0","0","0","0","0","0","0","0","0"
"P&B Gardenia Individual ( RM-16-081-A )","Penn & Beech","Englewood","0","4","4","-","0","-","-","SA-16-081-A 1.0","-","4 w","6 w","—","SA-16-081-A :   Yes","Legacy","—","—","50.0 % Week  49 - 53","-","-","0","0","0","0","0","0","0","0","0","0","0","0","0","0","0","0","0","0","0","0","0","0","0","0","0","0","0","0","0","0","0","0","0","0","0","0","0","0","0","0","0","0","0","0","0","0","0","0","0","0","0","0","0","0","0","0","0","0","0","0","0"
"P&B Orange Zest Individual ( RM-16-082-A )","Penn & Beech","—","0","4","4","-","0","-","-","SA-16-082-A 1.0","-","4 w","6 w","—","SA-16-082-A :   Yes","Legacy","—","—","50.0 % Week  49 - 53","-","-","0","0","0","0","0","0","0","0","0","0","0","0","0","0","0","0","0","0","0","0","0","0","0","0","0","0","0","0","0","0","0","0","0","0","0","0","0","0","0","0","0","0","0","0","0","0","0","0","0","0","0","0","0","0","0","0","0","0","0","0","0"
"P&B Rain Individual ( RM-16-083-A )","Penn & Beech","Englewood","0","269","77","-","192","-","-","SA-16-083-A 1.0","-","4 w","6 w","—","SA-16-083-A :   Yes","Legacy","—","—","50.0 % Week  49 - 53","-","-","0","0","0","0","0","0","0","0","0","0","0","0","0","0","0","0","0","0","0","0","0","0","0","0","0","0","0","0","0","0","0","0","0","0","0","0","0","0","0","0","0","0","0","0","0","0","0","0","0","0","0","0","0","0","0","0","0","0","0","0","0"
"Beech Villa ( RM-16-108-A )","Penn & Beech","Englewood","0","232","40","-","192","-","-","FG-48-013-A 1.0 FG-48-014-A 1.0 FG-48-015-A 1.0 SA-16-108-A 1.0","Gourmet Goods & Spa :  4.5 %","4 w","6 w","—","4  Active","Legacy","—","—","50.0 % Week  49 - 53","-","-","390","39","54","46","48","48","54","64","113","91","65","73","60","72","115","90","337","674","1000","652","179","213","100","69","55","0","0","0","0","0","0","0","0","0","0","0","0","0","0","0","0","0","0","0","0","0","0","0","0","0","0","0","0","0","0","0","0","0","0","0","0"
"Wix Mint Julep Individual ( RM-16-039-A )","Wixology","—","0","5","5","-","0","-","-","SA-16-039-A 1.0","-","4 w","8 w","—","SA-16-039-A :   Yes","Legacy","—","—","50.0 % Week  49 - 53","-","-","0","0","0","0","0","0","0","0","0","0","0","0","0","0","0","0","0","0","0","0","0","0","0","0","0","0","0","0","0","0","0","0","0","0","0","0","0","0","0","0","0","0","0","0","0","0","0","0","0","0","0","0","0","0","0","0","0","0","0","0","0"
"Wix Sidecar Individual ( RM-16-040-A )","Wixology","—","0","5","5","-","0","-","-","SA-16-040-A 1.0","-","4 w","8 w","—","SA-16-040-A :   Yes","Legacy","—","—","50.0 % Week  49 - 53","-","-","0","0","0","0","0","0","0","0","0","0","0","0","0","0","0","0","0","0","0","0","0","0","0","0","0","0","0","0","0","0","0","0","0","0","0","0","0","0","0","0","0","0","0","0","0","0","0","0","0","0","0","0","0","0","0","0","0","0","0","0","0"
"Wix Barrel Aged Cider Individual ( RM-16-042-A )","Wixology","—","0","3","3","-","0","-","-","SA-16-042-A 1.0","-","4 w","8 w","—","SA-16-042-A :   Yes","Legacy","—","—","50.0 % Week  49 - 53","-","-","0","0","0","0","0","0","0","0","0","0","0","0","0","0","0","0","0","0","0","0","0","0","0","0","0","0","0","0","0","0","0","0","0","0","0","0","0","0","0","0","0","0","0","0","0","0","0","0","0","0","0","0","0","0","0","0","0","0","0","0","0"
"Wix Bellini Individual ( RM-16-044-A )","Wixology","—","0","2","2","-","0","-","-","SA-16-044-A 1.0","-","4 w","8 w","—","SA-16-044-A :   Yes","Legacy","—","—","50.0 % Week  49 - 53","-","-","0","0","0","0","0","0","0","0","0","0","0","0","0","0","0","0","0","0","0","0","0","0","0","0","0","0","0","0","0","0","0","0","0","0","0","0","0","0","0","0","0","0","0","0","0","0","0","0","0","0","0","0","0","0","0","0","0","0","0","0","0"
"Wix Cosmopolitan Individual ( RM-16-046-A )","Wixology","—","0","7","7","-","0","-","-","SA-16-046-A 1.0","-","4 w","8 w","—","SA-16-046-A :   Yes","Legacy","—","—","50.0 % Week  49 - 53","-","-","0","0","0","0","0","0","0","0","0","0","0","0","0","0","0","0","0","0","0","0","0","0","0","0","0","0","0","0","0","0","0","0","0","0","0","0","0","0","0","0","0","0","0","0","0","0","0","0","0","0","0","0","0","0","0","0","0","0","0","0","0"
"Wixology Paloma Individual ( RM-16-084-A )","Wixology","—","0","2","2","-","0","-","-","SA-16-084-A 1.0","-","4 w","8 w","—","SA-16-084-A :   Yes","Legacy","—","—","50.0 % Week  49 - 53","-","-","0","0","0","0","0","0","0","0","0","0","0","0","0","0","0","0","0","0","0","0","0","0","0","0","0","0","0","0","0","0","0","0","0","0","0","0","0","0","0","0","0","0","0","0","0","0","0","0","0","0","0","0","0","0","0","0","0","0","0","0","0"
"Wixology Char 4 Individual ( RM-16-085-A )","Wixology","—","0","62","156","-","-94","-","-","","-","4 w","8 w","—","2  Disc 3  Active","Legacy","—","—","50.0 % Week  49 - 53","-","-","0","0","0","0","0","0","0","0","0","0","0","0","0","0","0","0","0","0","0","0","0","0","0","0","0","0","0","0","0","0","0","0","0","0","0","0","0","0","0","0","0","0","0","0","0","0","0","0","0","0","0","0","0","0","0","0","0","0","0","0","0"
"Clark and Hopkins - Chesapeake Bay Individual ( RM-46-020 )","Clark + Hopkins","Englewood","0","145","1","-","24","120","P02132 7/26/26 P02091 6/24/26","SA-46-020 1.0","Hot Sauce :  2.9 %","5 w","4 w","—","SA-46-020 :   No","Legacy","—","—","50.0 % Week  49 - 53","-","-","0","9","14","11","12","12","13","16","29","21","16","18","15","17","26","20","77","152","215","145","39","46","22","16","19","0","0","0","0","0","0","0","0","0","0","0","0","0","0","0","0","0","0","0","0","0","0","0","0","0","0","0","0","0","0","0","0","0","0","0","0"
"Clark and Hopkins - Florida Individual ( RM-46-021 )","Clark + Hopkins","—","0","49","1","-","48","-","-","SA-46-021 1.0","-","5 w","4 w","—","SA-46-021 :   No","Legacy","—","—","50.0 % Week  49 - 53","-","-","0","0","0","0","0","0","0","0","0","0","0","0","0","0","0","0","0","0","0","0","0","0","0","0","0","0","0","0","0","0","0","0","0","0","0","0","0","0","0","0","0","0","0","0","0","0","0","0","0","0","0","0","0","0","0","0","0","0","0","0","0"
"Clark and Hopkins - District Sauce Individual ( RM-46-022 )","Clark + Hopkins","Englewood","0","133","1","-","0","132","P02132 7/26/26 P02091 6/24/26","SA-46-022 1.0","Hot Sauce :  2.5 %","5 w","4 w","—","SA-46-022 :   No","Legacy","—","—","50.0 % Week  49 - 53","-","-","0","8","12","9","10","10","11","14","25","18","13","15","12","14","22","17","65","129","183","123","33","39","19","14","16","0","0","0","0","0","0","0","0","0","0","0","0","0","0","0","0","0","0","0","0","0","0","0","0","0","0","0","0","0","0","0","0","0","0","0","0"
"Clark and Hopkins - Ethiopia Individual ( RM-46-023 )","Clark + Hopkins","Englewood","0","1","1","-","0","-","-","SA-46-023 1.0","-","5 w","4 w","—","SA-46-023 :   Yes","Legacy","—","—","50.0 % Week  49 - 53","-","-","0","0","0","0","0","0","0","0","0","0","0","0","0","0","0","0","0","0","0","0","0","0","0","0","0","0","0","0","0","0","0","0","0","0","0","0","0","0","0","0","0","0","0","0","0","0","0","0","0","0","0","0","0","0","0","0","0","0","0","0","0"
"Clark and Hopkins -Virginia Individual ( RM-46-024 )","Clark + Hopkins","Englewood","0","97","1","-","0","96","P02132 7/26/26","SA-46-024 1.0","-","5 w","4 w","—","SA-46-024 :   Yes","Legacy","—","—","50.0 % Week  49 - 53","-","-","0","0","0","0","0","0","0","0","0","0","0","0","0","0","0","0","0","0","0","0","0","0","0","0","0","0","0","0","0","0","0","0","0","0","0","0","0","0","0","0","0","0","0","0","0","0","0","0","0","0","0","0","0","0","0","0","0","0","0","0","0"
"Clark and Hopkins - Assam Individual ( RM-46-025 )","Clark + Hopkins","Englewood","0","118","34","-","0","84","P02132 7/26/26","SA-46-025 1.0","Hot Sauce :  2.6 %","5 w","4 w","—","SA-46-025 :   No","Legacy","—","—","50.0 % Week  49 - 53","-","-","4","8","12","10","11","10","12","14","26","19","14","16","13","15","23","18","69","136","192","129","34","41","20","14","17","0","0","0","0","0","0","0","0","0","0","0","0","0","0","0","0","0","0","0","0","0","0","0","0","0","0","0","0","0","0","0","0","0","0","0","0"
"Clark and Hopkins - Oaxaca Individual ( RM-46-026 )","Clark + Hopkins","Englewood","0","230","74","-","0","156","P02132 7/26/26","SA-46-026 1.0","Hot Sauce :  5.4 %","5 w","4 w","—","SA-46-026 :   No","Legacy","—","—","50.0 % Week  49 - 53","-","-","18","16","25","20","22","21","24","29","53","38","29","33","26","30","47","37","140","276","391","263","70","83","40","29","35","0","0","0","0","0","0","0","0","0","0","0","0","0","0","0","0","0","0","0","0","0","0","0","0","0","0","0","0","0","0","0","0","0","0","0","0"
"Clark and Hopkins - Arizona Individual ( RM-46-027 )","Clark + Hopkins","Englewood","0","121","1","-","0","120","P02091 6/24/26 P02051 6/2/26","SA-46-027 1.0","-","5 w","4 w","—","SA-46-027 :   Yes","Legacy","—","—","50.0 % Week  49 - 53","-","-","0","0","0","0","0","0","0","0","0","0","0","0","0","0","0","0","0","0","0","0","0","0","0","0","0","0","0","0","0","0","0","0","0","0","0","0","0","0","0","0","0","0","0","0","0","0","0","0","0","0","0","0","0","0","0","0","0","0","0","0","0"
"Elijah's Extreme - Reaper Individual ( RM-46-030 )","Elijah's Extreme","Englewood","0","1","1","-","0","-","-","SA-46-030 1.0","-","4 w","4 w","—","SA-46-030 :   Yes","Legacy","—","—","0 % Week  49 - 53","-","-","0","0","0","0","0","0","0","0","0","0","0","0","0","0","0","0","0","0","0","0","0","0","0","0","0","0","0","0","0","0","0","0","0","0","0","0","0","0","0","0","0","0","0","0","0","0","0","0","0","0","0","0","0","0","0","0","0","0","0","0","0"
"Elijah's Extreme - Ghost Pepper Individual ( RM-46-031 )","Elijah's Extreme","—","0","3","3","-","0","-","-","SA-46-031 1.0","-","4 w","4 w","—","SA-46-031 :   No","Legacy","—","—","0 % Week  49 - 53","-","-","0","0","0","0","0","0","0","0","0","0","0","0","0","0","0","0","0","0","0","0","0","0","0","0","0","0","0","0","0","0","0","0","0","0","0","0","0","0","0","0","0","0","0","0","0","0","0","0","0","0","0","0","0","0","0","0","0","0","0","0","0"
"Elijah's Extreme - Regret Reserve Individual ( RM-46-033 )","Elijah's Extreme","Englewood","0","1","1","-","0","-","-","SA-46-033 1.0","-","4 w","4 w","—","SA-46-033 :   Yes","Legacy","—","—","0 % Week  49 - 53","-","-","0","0","0","0","0","0","0","0","0","0","0","0","0","0","0","0","0","0","0","0","0","0","0","0","0","0","0","0","0","0","0","0","0","0","0","0","0","0","0","0","0","0","0","0","0","0","0","0","0","0","0","0","0","0","0","0","0","0","0","0","0"
"Hot Ones - The Classic - Original Individual ( RM-46-001 )","Heatonist","Englewood","0","344","140","-","0","204","P02143 7/29/26 P02127 7/22/26","SA-46-001 1.0","Hot Sauce :  9.2 %","4 w","4 w","—","SA-46-001 :   No","Legacy","—","—","50.0 % Week  49 - 53","-","-","16","28","44","34","37","36","41","50","90","65","49","57","45","52","80","63","240","474","670","450","120","143","69","50","60","0","0","0","0","0","0","0","0","0","0","0","0","0","0","0","0","0","0","0","0","0","0","0","0","0","0","0","0","0","0","0","0","0","0","0","0"
"Hot Ones - The Classic - Garlic Fresno Individual ( RM-46-002 )","Heatonist","Englewood","0","299","-1","-","180","120","P02127 7/22/26","SA-46-002 1.0","Hot Sauce :  10.7 %","4 w","4 w","—","SA-46-002 :   No","Legacy","—","—","50.0 % Week  49 - 53","-","-","122","33","51","40","43","42","48","59","105","76","58","66","53","61","94","74","280","554","783","526","140","167","80","59","70","0","0","0","0","0","0","0","0","0","0","0","0","0","0","0","0","0","0","0","0","0","0","0","0","0","0","0","0","0","0","0","0","0","0","0","0"
"Hot Ones - The Classic Buffalo Hot Sauce Individual ( RM-46-004 )","Heatonist","Englewood","0","307","91","-","0","216","P02143 7/29/26 P02127 7/22/26","SA-46-004 1.0","Hot Sauce :  8.0 %","4 w","4 w","—","SA-46-004 :   No","Legacy","—","—","50.0 % Week  49 - 53","-","-","7","24","38","30","32","32","36","44","79","57","43","49","40","45","70","55","209","413","584","392","104","124","60","44","52","0","0","0","0","0","0","0","0","0","0","0","0","0","0","0","0","0","0","0","0","0","0","0","0","0","0","0","0","0","0","0","0","0","0","0","0"
"Hot Ones - The Classic - Sriracha Hot Sauce Individual ( RM-46-005 )","Heatonist","Englewood","0","234","90","-","0","144","P02143 7/29/26 P02127 7/22/26","SA-46-005 1.0","Hot Sauce :  5.7 %","4 w","4 w","—","SA-46-005 :   No","Legacy","—","—","50.0 % Week  49 - 53","-","-","0","18","27","21","23","23","26","31","56","41","31","35","28","32","50","39","150","296","418","281","75","89","43","31","37","0","0","0","0","0","0","0","0","0","0","0","0","0","0","0","0","0","0","0","0","0","0","0","0","0","0","0","0","0","0","0","0","0","0","0","0"
"Hot Ones - The Classic - Los Calientes- Barbacoa Individual ( RM-46-006 )","Heatonist","—","0","145","1","-","144","-","-","SA-46-006 1.0","-","4 w","4 w","—","SA-46-006 :   No","Legacy","—","—","50.0 % Week  49 - 53","-","-","0","0","0","0","0","0","0","0","0","0","0","0","0","0","0","0","0","0","0","0","0","0","0","0","0","0","0","0","0","0","0","0","0","0","0","0","0","0","0","0","0","0","0","0","0","0","0","0","0","0","0","0","0","0","0","0","0","0","0","0","0"
"Hot Ones - The Classic - Los Calientes - Rojo Individual ( RM-46-007 )","Heatonist","Englewood","0","308","8","-","0","300","P02143 7/29/26 P02127 7/22/26","SA-46-007 1.0","Hot Sauce :  8.7 %","4 w","4 w","—","SA-46-007 :   No","Legacy","—","—","50.0 % Week  49 - 53","-","-","32","26","41","32","35","34","38","47","85","61","46","53","43","49","76","59","226","447","632","424","113","135","65","47","56","0","0","0","0","0","0","0","0","0","0","0","0","0","0","0","0","0","0","0","0","0","0","0","0","0","0","0","0","0","0","0","0","0","0","0","0"
"Hot Ones - Salsa Amarilla - Mango Habenero Individual ( RM-46-009 )","Heatonist","Englewood","0","590","2","-","228","360","P02143 7/29/26 P02127 7/22/26","SA-46-009 1.0","Hot Sauce :  14.5 %","4 w","4 w","—","SA-46-009 :   No","Legacy","—","—","50.0 % Week  49 - 53","-","-","0","44","69","54","59","57","65","80","142","103","78","89","72","82","127","100","379","749","1059","711","190","226","109","79","94","0","0","0","0","0","0","0","0","0","0","0","0","0","0","0","0","0","0","0","0","0","0","0","0","0","0","0","0","0","0","0","0","0","0","0","0"
"Karma - Good Karma Individual ( RM-46-010 )","Karma Sauce","Englewood","0","143","59","-","0","84","P02131 7/26/26","SA-46-010 1.0","Hot Sauce :  4.2 %","4 w","4 w","—","SA-46-010 :   No","Legacy","—","—","50.0 % Week  49 - 53","-","-","24","13","20","16","17","17","19","23","42","30","23","26","21","24","37","29","111","219","310","208","55","66","32","23","28","0","0","0","0","0","0","0","0","0","0","0","0","0","0","0","0","0","0","0","0","0","0","0","0","0","0","0","0","0","0","0","0","0","0","0","0"
"Karma - Smokey Karma Individual ( RM-46-011 )","Karma Sauce","—","0","1","1","-","0","-","-","SA-46-011 1.0","-","4 w","4 w","—","SA-46-011 :   No","Legacy","—","—","50.0 % Week  49 - 53","-","-","0","0","0","0","0","0","0","0","0","0","0","0","0","0","0","0","0","0","0","0","0","0","0","0","0","0","0","0","0","0","0","0","0","0","0","0","0","0","0","0","0","0","0","0","0","0","0","0","0","0","0","0","0","0","0","0","0","0","0","0","0"
"Karma - Cosmic Dumplin Individual ( RM-46-012 )","Karma Sauce","Englewood","0","209","113","-","0","96","P02131 7/26/26","SA-46-012 1.0","Hot Sauce :  6.1 %","4 w","4 w","—","SA-46-012 :   No","Legacy","—","—","50.0 % Week  49 - 53","-","-","30","19","29","23","25","24","27","33","60","43","33","38","30","35","53","42","159","314","445","299","80","95","46","33","40","0","0","0","0","0","0","0","0","0","0","0","0","0","0","0","0","0","0","0","0","0","0","0","0","0","0","0","0","0","0","0","0","0","0","0","0"
"Karma - Scorpion Disco Individual ( RM-46-013 )","Karma Sauce","Englewood","0","171","75","-","0","96","P02131 7/26/26","SA-46-013 1.0","Hot Sauce :  5.0 %","4 w","4 w","—","SA-46-013 :   No","Legacy","—","—","50.0 % Week  49 - 53","-","-","24","15","24","18","20","20","22","27","49","35","27","31","25","28","44","34","130","257","364","244","65","78","37","27","32","0","0","0","0","0","0","0","0","0","0","0","0","0","0","0","0","0","0","0","0","0","0","0","0","0","0","0","0","0","0","0","0","0","0","0","0"
"Karma - Lift Off Individual ( RM-46-014 )","Karma Sauce","—","0","1","1","-","0","-","-","SA-46-014 1.0","-","4 w","4 w","—","SA-46-014 :   No","Legacy","—","—","50.0 % Week  49 - 53","-","-","0","0","0","0","0","0","0","0","0","0","0","0","0","0","0","0","0","0","0","0","0","0","0","0","0","0","0","0","0","0","0","0","0","0","0","0","0","0","0","0","0","0","0","0","0","0","0","0","0","0","0","0","0","0","0","0","0","0","0","0","0"
"Karma - Cherry Bomb Individual ( RM-46-016 )","Karma Sauce","Englewood","0","144","60","-","0","84","P02131 7/26/26","SA-46-016 1.0","Hot Sauce :  4.2 %","4 w","4 w","—","SA-46-016 :   No","Legacy","—","—","50.0 % Week  49 - 53","-","-","20","13","20","15","17","16","19","23","41","30","22","26","21","24","37","29","109","215","305","205","55","65","31","23","27","0","0","0","0","0","0","0","0","0","0","0","0","0","0","0","0","0","0","0","0","0","0","0","0","0","0","0","0","0","0","0","0","0","0","0","0"
"Karma - Bad Karma Individual ( RM-46-017 )","Karma Sauce","Englewood","0","155","95","-","0","60","P02131 7/26/26","SA-46-017 1.0","Hot Sauce :  4.5 %","4 w","4 w","—","SA-46-017 :   No","Legacy","—","—","50.0 % Week  49 - 53","-","-","20","14","21","17","18","18","20","25","44","32","24","28","22","25","39","31","117","230","326","219","58","69","33","24","29","0","0","0","0","0","0","0","0","0","0","0","0","0","0","0","0","0","0","0","0","0","0","0","0","0","0","0","0","0","0","0","0","0","0","0","0"
"Karma - Ghost Island Individual ( RM-46-018 )","Karma Sauce","Englewood","0","208","88","-","0","120","P02131 7/26/26","SA-46-018 1.0","Hot Sauce :  5.8 %","4 w","4 w","—","SA-46-018 :   No","Legacy","—","—","50.0 % Week  49 - 53","-","-","21","18","28","22","24","23","26","32","57","41","31","36","29","33","51","40","152","301","426","286","76","91","44","32","38","0","0","0","0","0","0","0","0","0","0","0","0","0","0","0","0","0","0","0","0","0","0","0","0","0","0","0","0","0","0","0","0","0","0","0","0"
"Karma - Cosmic Disco Individual ( RM-46-019 )","Karma Sauce","—","0","1","1","-","0","-","-","SA-46-019 1.0","-","4 w","4 w","—","SA-46-019 :   No","Legacy","—","—","50.0 % Week  49 - 53","-","-","0","0","0","0","0","0","0","0","0","0","0","0","0","0","0","0","0","0","0","0","0","0","0","0","0","0","0","0","0","0","0","0","0","0","0","0","0","0","0","0","0","0","0","0","0","0","0","0","0","0","0","0","0","0","0","0","0","0","0","0","0"
"RM-01-029-A ( RM-01-029-A )","Saltopia","—","0 lb","72 lb","72","-","0 lb","-","-","SA-01-029-A Infinity","-","4 w","4 w","—","SA-01-029-A :   No","Legacy","—","—","50.0 % Week  49 - 53","L-A01-REG-22-029-XXX","-","0","0","0","0","0","0","0","0","0","0","0","0","0","0","0","0","0","0","0","0","0","0","0","0","0","0","0","0","0","0","0","0","0","0","0","0","0","0","0","0","0","0","0","0","0","0","0","0","0","0","0","0","0","0","0","0","0","0","0","0","0"
"Cabin Fever Individual ( RM-39-051-A )","Saltopia","Englewood","0","293","223","-","30","40","P02138 7/28/26","SA-39-051-A 1.0","Gourmet Goods & Spa :  1.6 %","4 w","4 w","—","SA-39-051-A :   No","Legacy","—","—","50.0 % Week  49 - 53","-","-","0","14","19","16","17","17","19","23","40","32","23","26","21","25","40","31","119","237","352","229","63","75","35","24","19","0","0","0","0","0","0","0","0","0","0","0","0","0","0","0","0","0","0","0","0","0","0","0","0","0","0","0","0","0","0","0","0","0","0","0","0"
"Herbs De Provence Individual ( RM-39-052-A )","Saltopia","—","0","150","150","-","0","-","-","SA-39-052-A 1.0","-","4 w","4 w","—","SA-39-052-A :   Yes","Legacy","—","—","50.0 % Week  49 - 53","-","-","0","0","0","0","0","0","0","0","0","0","0","0","0","0","0","0","0","0","0","0","0","0","0","0","0","0","0","0","0","0","0","0","0","0","0","0","0","0","0","0","0","0","0","0","0","0","0","0","0","0","0","0","0","0","0","0","0","0","0","0","0"
"Holy Moly Individual ( RM-39-053-A )","Saltopia","Englewood","0","282","212","-","30","40","P02138 7/28/26","SA-39-053-A 1.0","Gourmet Goods & Spa :  1.2 %","4 w","4 w","—","SA-39-053-A :   No","Legacy","—","—","50.0 % Week  49 - 53","-","-","0","10","14","12","12","12","14","17","29","24","17","19","16","19","30","23","88","175","260","169","46","55","26","18","14","0","0","0","0","0","0","0","0","0","0","0","0","0","0","0","0","0","0","0","0","0","0","0","0","0","0","0","0","0","0","0","0","0","0","0","0"
"Kitchen’s Keeper Individual ( RM-39-054-A )","Saltopia","Englewood","0","328","203","-","75","50","P02138 7/28/26","SA-39-054-A 1.0","Gourmet Goods & Spa :  2.3 %","4 w","4 w","—","SA-39-054-A :   No","Legacy","—","—","50.0 % Week  49 - 53","-","-","0","21","28","24","25","25","28","34","59","47","34","38","32","38","60","47","177","353","524","341","94","112","52","36","29","0","0","0","0","0","0","0","0","0","0","0","0","0","0","0","0","0","0","0","0","0","0","0","0","0","0","0","0","0","0","0","0","0","0","0","0"
"Pucker Up Buster Individual ( RM-39-055-A )","Saltopia","Englewood","0","282","173","-","69","40","P02138 7/28/26","SA-39-055-A 1.0","Gourmet Goods & Spa :  1.2 %","4 w","4 w","—","SA-39-055-A :   No","Legacy","—","—","50.0 % Week  49 - 53","-","-","0","10","14","12","13","13","14","17","30","24","17","19","16","19","31","24","90","179","266","173","47","57","27","18","15","0","0","0","0","0","0","0","0","0","0","0","0","0","0","0","0","0","0","0","0","0","0","0","0","0","0","0","0","0","0","0","0","0","0","0","0"
"Root Mates Individual ( RM-39-056-A )","Saltopia","—","0","5","5","-","0","-","-","SA-39-056-A 1.0","-","4 w","4 w","—","SA-39-056-A :   Yes","Legacy","—","—","50.0 % Week  49 - 53","-","-","0","0","0","0","0","0","0","0","0","0","0","0","0","0","0","0","0","0","0","0","0","0","0","0","0","0","0","0","0","0","0","0","0","0","0","0","0","0","0","0","0","0","0","0","0","0","0","0","0","0","0","0","0","0","0","0","0","0","0","0","0"
"Scarborough Fair Individual ( RM-39-057-A )","Saltopia","—","0","148","148","-","0","-","-","SA-39-057-A 1.0","-","4 w","4 w","—","SA-39-057-A :   Yes","Legacy","—","—","50.0 % Week  49 - 53","-","-","0","0","0","0","0","0","0","0","0","0","0","0","0","0","0","0","0","0","0","0","0","0","0","0","0","0","0","0","0","0","0","0","0","0","0","0","0","0","0","0","0","0","0","0","0","0","0","0","0","0","0","0","0","0","0","0","0","0","0","0","0"
"Thyme To Spare Individual ( RM-39-058-A )","Saltopia","—","0","2","2","-","0","-","-","SA-39-058-A 1.0","-","4 w","4 w","—","SA-39-058-A :   Yes","Legacy","—","—","50.0 % Week  49 - 53","-","-","0","0","0","0","0","0","0","0","0","0","0","0","0","0","0","0","0","0","0","0","0","0","0","0","0","0","0","0","0","0","0","0","0","0","0","0","0","0","0","0","0","0","0","0","0","0","0","0","0","0","0","0","0","0","0","0","0","0","0","0","0"
"Sea Salt Sampler ( 3 x 6 oz bags) Individual ( RM-39-077-A )","Saltopia","Englewood","0","233","233","-","0","-","-","","Gourmet Goods & Spa :  2.0 %","4 w","4 w","—","5  Active","Legacy","—","—","50.0 % Week  49 - 53","-","-","0","18","25","21","22","22","25","29","52","41","30","33","28","33","53","41","155","309","458","299","82","98","46","32","25","0","0","0","0","0","0","0","0","0","0","0","0","0","0","0","0","0","0","0","0","0","0","0","0","0","0","0","0","0","0","0","0","0","0","0","0"
"Sour Cherry Jam Individual ( RM-39-027-A )","Stonewall Kitchen","—","0","1","1","-","0","-","-","SA-39-027-A 1.0","-","4 w","4 w","—","SA-39-027-A :   Yes","Legacy","—","—","50.0 % Week  49 - 53","-","-","0","0","0","0","0","0","0","0","0","0","0","0","0","0","0","0","0","0","0","0","0","0","0","0","0","0","0","0","0","0","0","0","0","0","0","0","0","0","0","0","0","0","0","0","0","0","0","0","0","0","0","0","0","0","0","0","0","0","0","0","0"
"Fig & Ginger Jam Individual ( RM-39-029-A )","Stonewall Kitchen","Englewood","0","262","238","-","0","24","P02140 7/28/26","SA-39-029-A 1.0","Gourmet Goods & Spa :  1.0 %","4 w","4 w","—","SA-39-029-A :   No","Legacy","—","—","50.0 % Week  49 - 53","-","-","0","9","12","10","11","11","12","15","26","21","15","17","14","16","26","20","77","153","227","148","41","48","23","16","12","0","0","0","0","0","0","0","0","0","0","0","0","0","0","0","0","0","0","0","0","0","0","0","0","0","0","0","0","0","0","0","0","0","0","0","0"
"Mixed Berry Jam Individual ( RM-39-030-A )","Stonewall Kitchen","—","0","7","7","-","0","-","-","SA-39-030-A 1.0","-","4 w","4 w","—","SA-39-030-A :   Yes","Legacy","—","—","50.0 % Week  49 - 53","-","-","0","0","0","0","0","0","0","0","0","0","0","0","0","0","0","0","0","0","0","0","0","0","0","0","0","0","0","0","0","0","0","0","0","0","0","0","0","0","0","0","0","0","0","0","0","0","0","0","0","0","0","0","0","0","0","0","0","0","0","0","0"
"Seedless Raspberry Jam Individual ( RM-39-031-A )","Stonewall Kitchen","Englewood","0","203","203","-","0","-","-","SA-39-031-A 1.0","Gourmet Goods & Spa :  1.8 %","4 w","4 w","—","SA-39-031-A :   No","Legacy","—","—","50.0 % Week  49 - 53","-","-","0","16","22","19","20","20","22","26","46","37","27","30","25","30","47","37","138","276","409","267","73","87","41","28","22","0","0","0","0","0","0","0","0","0","0","0","0","0","0","0","0","0","0","0","0","0","0","0","0","0","0","0","0","0","0","0","0","0","0","0","0"
"Red Pepper Jelly Individual ( RM-39-032-A )","Stonewall Kitchen","—","0","4","4","-","0","-","-","SA-39-032-A 1.0","-","4 w","4 w","—","SA-39-032-A :   Yes","Legacy","—","—","50.0 % Week  49 - 53","-","-","0","0","0","0","0","0","0","0","0","0","0","0","0","0","0","0","0","0","0","0","0","0","0","0","0","0","0","0","0","0","0","0","0","0","0","0","0","0","0","0","0","0","0","0","0","0","0","0","0","0","0","0","0","0","0","0","0","0","0","0","0"
"Hot Pepper Jelly Individual ( RM-39-033-A )","Stonewall Kitchen","Englewood","0","280","208","-","36","36","P02140 7/28/26","SA-39-033-A 1.0","Gourmet Goods & Spa :  1.6 %","4 w","4 w","—","SA-39-033-A :   No","Legacy","—","—","50.0 % Week  49 - 53","-","-","0","14","19","16","17","17","19","22","39","32","23","25","21","25","40","31","118","236","350","228","62","75","35","24","19","0","0","0","0","0","0","0","0","0","0","0","0","0","0","0","0","0","0","0","0","0","0","0","0","0","0","0","0","0","0","0","0","0","0","0","0"
"Roasted Garlic & Onion Jam Individual ( RM-39-034-A )","Stonewall Kitchen","—","0","8","8","-","0","-","-","SA-39-034-A 1.0","-","4 w","4 w","—","SA-39-034-A :   Yes","Legacy","—","—","50.0 % Week  49 - 53","-","-","0","0","0","0","0","0","0","0","0","0","0","0","0","0","0","0","0","0","0","0","0","0","0","0","0","0","0","0","0","0","0","0","0","0","0","0","0","0","0","0","0","0","0","0","0","0","0","0","0","0","0","0","0","0","0","0","0","0","0","0","0"
"Maple Bacon Onion Jam Individual ( RM-39-035-A )","Stonewall Kitchen","Englewood","0","277","205","-","36","36","P02140 7/28/26","SA-39-035-A 1.0","Gourmet Goods & Spa :  1.2 %","4 w","4 w","—","SA-39-035-A :   No","Legacy","—","—","50.0 % Week  49 - 53","-","-","0","11","15","13","13","13","15","18","31","25","18","20","17","20","32","25","94","187","278","181","50","59","28","19","15","0","0","0","0","0","0","0","0","0","0","0","0","0","0","0","0","0","0","0","0","0","0","0","0","0","0","0","0","0","0","0","0","0","0","0","0"
"Bourbon Bacon Jam Individual ( RM-39-036-A )","Stonewall Kitchen","Englewood","0","198","198","-","0","-","-","SA-39-036-A 1.0","Gourmet Goods & Spa :  1.4 %","4 w","4 w","—","SA-39-036-A :   No","Legacy","—","—","50.0 % Week  49 - 53","-","-","0","13","17","15","15","15","17","21","36","29","21","23","19","23","37","29","108","216","321","209","57","68","32","22","18","0","0","0","0","0","0","0","0","0","0","0","0","0","0","0","0","0","0","0","0","0","0","0","0","0","0","0","0","0","0","0","0","0","0","0","0"
"Hot Pepper Peach Jam Individual ( RM-39-037-A )","Stonewall Kitchen","—","0","7","79","-","-72","-","-","SA-39-037-A 1.0","-","4 w","4 w","—","SA-39-037-A :   Yes","Legacy","—","—","50.0 % Week  49 - 53","-","-","0","0","0","0","0","0","0","0","0","0","0","0","0","0","0","0","0","0","0","0","0","0","0","0","0","0","0","0","0","0","0","0","0","0","0","0","0","0","0","0","0","0","0","0","0","0","0","0","0","0","0","0","0","0","0","0","0","0","0","0","0"
"Sweet Honey Mustard Individual ( RM-39-038-A )","Stonewall Kitchen","Englewood","0","272","236","-","0","36","P02140 7/28/26","SA-39-038-A 1.0","Gourmet Goods & Spa :  0.9 %","4 w","4 w","—","SA-39-038-A :   No","Legacy","—","—","50.0 % Week  49 - 53","-","-","0","8","11","9","10","10","11","13","23","18","13","15","12","15","23","18","68","136","203","132","36","43","20","14","11","0","0","0","0","0","0","0","0","0","0","0","0","0","0","0","0","0","0","0","0","0","0","0","0","0","0","0","0","0","0","0","0","0","0","0","0"
"Blue Cheese Herb Mustard Individual ( RM-39-039-A )","Stonewall Kitchen","Englewood","0","242","218","-","0","24","P02140 7/28/26","SA-39-039-A 1.0","Gourmet Goods & Spa :  0.7 %","4 w","4 w","—","SA-39-039-A :   No","Legacy","—","—","50.0 % Week  49 - 53","-","-","0","6","8","7","7","7","8","10","18","14","10","11","9","11","18","14","52","105","155","101","28","33","15","11","9","0","0","0","0","0","0","0","0","0","0","0","0","0","0","0","0","0","0","0","0","0","0","0","0","0","0","0","0","0","0","0","0","0","0","0","0"
"Horseradish Mustard Individual ( RM-39-040-A )","Stonewall Kitchen","Englewood","0","275","251","-","0","24","P02140 7/28/26","SA-39-040-A 1.0","Gourmet Goods & Spa :  1.2 %","4 w","4 w","—","SA-39-040-A :   No","Legacy","—","—","50.0 % Week  49 - 53","-","-","0","10","14","12","12","12","14","17","29","24","17","19","16","19","30","23","88","175","260","169","46","55","26","18","14","0","0","0","0","0","0","0","0","0","0","0","0","0","0","0","0","0","0","0","0","0","0","0","0","0","0","0","0","0","0","0","0","0","0","0","0"
"Maine Maple Champagne Mustard Individual ( RM-39-041-A )","Stonewall Kitchen","—","0","136","148","-","-12","-","-","SA-39-041-A 1.0","-","4 w","4 w","—","SA-39-041-A :   Yes","Legacy","—","—","50.0 % Week  49 - 53","-","-","0","0","0","0","0","0","0","0","0","0","0","0","0","0","0","0","0","0","0","0","0","0","0","0","0","0","0","0","0","0","0","0","0","0","0","0","0","0","0","0","0","0","0","0","0","0","0","0","0","0","0","0","0","0","0","0","0","0","0","0","0"
"Horseradish Bacon Mustard Dip Individual ( RM-39-042-A )","Stonewall Kitchen","—","0","2","2","-","0","-","-","SA-39-042-A 1.0","-","4 w","4 w","—","SA-39-042-A :   Yes","Legacy","—","—","50.0 % Week  49 - 53","-","-","0","0","0","0","0","0","0","0","0","0","0","0","0","0","0","0","0","0","0","0","0","0","0","0","0","0","0","0","0","0","0","0","0","0","0","0","0","0","0","0","0","0","0","0","0","0","0","0","0","0","0","0","0","0","0","0","0","0","0","0","0"
"Raspberry Honey Mustard Dip Individual ( RM-39-043-A )","Stonewall Kitchen","—","0","4","4","-","0","-","-","SA-39-043-A 1.0","-","4 w","4 w","—","SA-39-043-A :   Yes","Legacy","—","—","50.0 % Week  49 - 53","-","-","0","0","0","0","0","0","0","0","0","0","0","0","0","0","0","0","0","0","0","0","0","0","0","0","0","0","0","0","0","0","0","0","0","0","0","0","0","0","0","0","0","0","0","0","0","0","0","0","0","0","0","0","0","0","0","0","0","0","0","0","0"
"Dark Chocolate Sea Salt Caramel Individual ( RM-39-044-A )","Stonewall Kitchen","Englewood","0","265","217","-","48","-","-","SA-39-044-A 1.0","-","4 w","4 w","—","SA-39-044-A :   Yes","Legacy","—","—","50.0 % Week  49 - 53","-","-","0","0","0","0","0","0","0","0","0","0","0","0","0","0","0","0","0","0","0","0","0","0","0","0","0","0","0","0","0","0","0","0","0","0","0","0","0","0","0","0","0","0","0","0","0","0","0","0","0","0","0","0","0","0","0","0","0","0","0","0","0"
"Sea Salt Caramel Individual ( RM-39-045-A )","Stonewall Kitchen","Englewood","0","147","147","-","0","-","-","FG-48-018-A 1.0 SA-39-045-A 1.0 SA-48-074-A 1.0","Gourmet Goods & Spa :  1.0 %","4 w","4 w","—","3  Active","Legacy","—","—","50.0 % Week  49 - 53","-","-","0","9","12","10","11","11","12","14","25","20","14","16","13","16","25","20","74","149","221","144","39","47","22","15","12","0","0","0","0","0","0","0","0","0","0","0","0","0","0","0","0","0","0","0","0","0","0","0","0","0","0","0","0","0","0","0","0","0","0","0","0"
"Bittersweet Chocolate Individual ( RM-39-046-A )","Stonewall Kitchen","—","0","1","1","-","0","-","-","SA-39-046-A 1.0","-","4 w","4 w","—","SA-39-046-A :   Yes","Legacy","—","—","50.0 % Week  49 - 53","-","-","0","0","0","0","0","0","0","0","0","0","0","0","0","0","0","0","0","0","0","0","0","0","0","0","0","0","0","0","0","0","0","0","0","0","0","0","0","0","0","0","0","0","0","0","0","0","0","0","0","0","0","0","0","0","0","0","0","0","0","0","0"
"Bourbon Pecan Caramel Individual ( RM-39-047-A )","Stonewall Kitchen","Englewood","0","202","202","-","0","-","-","SA-39-047-A 1.0","Gourmet Goods & Spa :  0.6 %","4 w","4 w","—","SA-39-047-A :   No","Legacy","—","—","50.0 % Week  49 - 53","-","-","0","6","8","6","7","7","8","9","16","13","9","10","8","10","16","13","48","95","141","92","25","30","14","10","8","0","0","0","0","0","0","0","0","0","0","0","0","0","0","0","0","0","0","0","0","0","0","0","0","0","0","0","0","0","0","0","0","0","0","0","0"
"Dulce de Leche Individual ( RM-39-048-A )","Stonewall Kitchen","Englewood","0","257","233","-","0","24","P02140 7/28/26","SA-39-048-A 1.0","Gourmet Goods & Spa :  1.0 %","4 w","4 w","—","SA-39-048-A :   No","Legacy","—","—","50.0 % Week  49 - 53","-","-","0","9","12","11","11","11","12","15","26","21","15","17","14","17","26","21","77","154","229","149","41","49","23","16","13","0","0","0","0","0","0","0","0","0","0","0","0","0","0","0","0","0","0","0","0","0","0","0","0","0","0","0","0","0","0","0","0","0","0","0","0"
"Coffee Caramel Individual ( RM-39-049-A )","Stonewall Kitchen","Englewood","0","99","3","-","0","96","P02140 7/28/26","SA-39-049-A 1.0","Gourmet Goods & Spa :  0.2 %","4 w","4 w","—","SA-39-049-A :   No","Legacy","—","—","50.0 % Week  49 - 53","-","-","0","2","3","2","2","2","3","3","6","5","3","4","3","4","6","5","17","34","51","33","9","11","5","4","3","0","0","0","0","0","0","0","0","0","0","0","0","0","0","0","0","0","0","0","0","0","0","0","0","0","0","0","0","0","0","0","0","0","0","0","0"
"Wild Maine Blueberry Jam Individual ( RM-39-050-A )","Stonewall Kitchen","Englewood","0","295","175","-","84","36","P02140 7/28/26","SA-39-050-A 1.0","Gourmet Goods & Spa :  1.7 %","4 w","4 w","—","SA-39-050-A :   No","Legacy","—","—","50.0 % Week  49 - 53","-","-","0","15","21","18","19","19","21","25","44","35","25","28","23","28","45","35","131","262","389","253","69","83","39","27","21","0","0","0","0","0","0","0","0","0","0","0","0","0","0","0","0","0","0","0","0","0","0","0","0","0","0","0","0","0","0","0","0","0","0","0","0"
"Strawberry Jam Individual ( RM-39-067-A )","Stonewall Kitchen","Englewood","0","17","3","-","14","-","-","","-","4 w","4 w","—","1  Disc 4  Active","Legacy","—","—","50.0 % Week  49 - 53","-","-","0","0","0","0","0","0","0","0","0","0","0","0","0","0","0","0","0","0","0","0","0","0","0","0","0","0","0","0","0","0","0","0","0","0","0","0","0","0","0","0","0","0","0","0","0","0","0","0","0","0","0","0","0","0","0","0","0","0","0","0","0"
"Hot Pepper Bacon Jam Individual ( RM-39-001-A )","Terrapin Ridge","—","0","55","5","-","50","-","-","SA-39-001-A 1.0","-","4 w","4 w","—","SA-39-001-A :   Yes","Legacy","—","—","50.0 % Week  49 - 53","-","-","0","0","0","0","0","0","0","0","0","0","0","0","0","0","0","0","0","0","0","0","0","0","0","0","0","0","0","0","0","0","0","0","0","0","0","0","0","0","0","0","0","0","0","0","0","0","0","0","0","0","0","0","0","0","0","0","0","0","0","0","0"
"Balsamic Onion Jam Individual ( RM-39-002-A )","Terrapin Ridge","Englewood","0","315","207","-","0","108","P02135 7/27/26","SA-39-002-A 1.0","Gourmet Goods & Spa :  1.5 %","4 w","4 w","—","SA-39-002-A :   No","Legacy","—","—","50.0 % Week  49 - 53","-","-","0","14","19","16","17","17","19","22","39","31","22","25","21","25","40","31","117","233","346","225","62","74","34","24","19","0","0","0","0","0","0","0","0","0","0","0","0","0","0","0","0","0","0","0","0","0","0","0","0","0","0","0","0","0","0","0","0","0","0","0","0"
"Apple Maple Bacon Jam Individual ( RM-39-003-A )","Terrapin Ridge","—","0","5","5","-","0","-","-","SA-39-003-A 1.0","-","4 w","4 w","—","SA-39-003-A :   Yes","Legacy","—","—","50.0 % Week  49 - 53","-","-","0","0","0","0","0","0","0","0","0","0","0","0","0","0","0","0","0","0","0","0","0","0","0","0","0","0","0","0","0","0","0","0","0","0","0","0","0","0","0","0","0","0","0","0","0","0","0","0","0","0","0","0","0","0","0","0","0","0","0","0","0"
"Cranberry Relish Individual ( RM-39-004-A )","Terrapin Ridge","—","0","223","145","-","78","-","-","SA-39-004-A 1.0","-","4 w","4 w","—","SA-39-004-A :   Yes","Legacy","—","—","50.0 % Week  49 - 53","-","-","0","0","0","0","0","0","0","0","0","0","0","0","0","0","0","0","0","0","0","0","0","0","0","0","0","0","0","0","0","0","0","0","0","0","0","0","0","0","0","0","0","0","0","0","0","0","0","0","0","0","0","0","0","0","0","0","0","0","0","0","0"
"Blueberry Bourbon Pecan Jam Individual ( RM-39-005-A )","Terrapin Ridge","Englewood","0","285","249","-","0","36","P02135 7/27/26","SA-39-005-A 1.0","Gourmet Goods & Spa :  1.3 %","4 w","4 w","—","SA-39-005-A :   No","Legacy","—","—","50.0 % Week  49 - 53","-","-","0","12","16","14","14","14","16","19","33","27","19","21","18","21","34","26","99","198","295","192","53","63","29","20","16","0","0","0","0","0","0","0","0","0","0","0","0","0","0","0","0","0","0","0","0","0","0","0","0","0","0","0","0","0","0","0","0","0","0","0","0"
"Stawberry & Fig Jam Individual ( RM-39-006-A )","Terrapin Ridge","—","0","7","7","-","0","-","-","SA-39-006-A 1.0","-","4 w","4 w","—","SA-39-006-A :   Yes","Legacy","—","—","50.0 % Week  49 - 53","-","-","0","0","0","0","0","0","0","0","0","0","0","0","0","0","0","0","0","0","0","0","0","0","0","0","0","0","0","0","0","0","0","0","0","0","0","0","0","0","0","0","0","0","0","0","0","0","0","0","0","0","0","0","0","0","0","0","0","0","0","0","0"
"Mango Habanero Jam Individual ( RM-39-007-A )","Terrapin Ridge","—","0","1","1","-","0","-","-","SA-39-007-A 1.0","-","4 w","4 w","—","SA-39-007-A :   Yes","Legacy","—","—","50.0 % Week  49 - 53","-","-","0","0","0","0","0","0","0","0","0","0","0","0","0","0","0","0","0","0","0","0","0","0","0","0","0","0","0","0","0","0","0","0","0","0","0","0","0","0","0","0","0","0","0","0","0","0","0","0","0","0","0","0","0","0","0","0","0","0","0","0","0"
"Hot Pepper Raspberry Preserves Individual ( RM-39-008-A )","Terrapin Ridge","—","0","6","6","-","0","-","-","SA-39-008-A 1.0","-","4 w","4 w","—","SA-39-008-A :   Yes","Legacy","—","—","50.0 % Week  49 - 53","-","-","0","0","0","0","0","0","0","0","0","0","0","0","0","0","0","0","0","0","0","0","0","0","0","0","0","0","0","0","0","0","0","0","0","0","0","0","0","0","0","0","0","0","0","0","0","0","0","0","0","0","0","0","0","0","0","0","0","0","0","0","0"
"Onion Blossom Horseradish Dip Individual ( RM-39-009-A )","Terrapin Ridge","—","0","7","7","-","0","-","-","SA-39-009-A 1.0","-","4 w","4 w","—","SA-39-009-A :   Yes","Legacy","—","—","50.0 % Week  49 - 53","-","-","0","0","0","0","0","0","0","0","0","0","0","0","0","0","0","0","0","0","0","0","0","0","0","0","0","0","0","0","0","0","0","0","0","0","0","0","0","0","0","0","0","0","0","0","0","0","0","0","0","0","0","0","0","0","0","0","0","0","0","0","0"
"Raspberry Honey Mustard Dip Individual ( RM-39-010-A )","Terrapin Ridge","—","0","8","8","-","0","-","-","SA-39-010-A 1.0","-","4 w","4 w","—","SA-39-010-A :   Yes","Legacy","—","—","50.0 % Week  49 - 53","-","-","0","0","0","0","0","0","0","0","0","0","0","0","0","0","0","0","0","0","0","0","0","0","0","0","0","0","0","0","0","0","0","0","0","0","0","0","0","0","0","0","0","0","0","0","0","0","0","0","0","0","0","0","0","0","0","0","0","0","0","0","0"
"Bacon Pepper Dip Individual ( RM-39-011-A )","Terrapin Ridge","—","0","146","146","-","0","-","-","SA-39-011-A 1.0","-","4 w","4 w","—","SA-39-011-A :   Yes","Legacy","—","—","50.0 % Week  49 - 53","-","-","0","0","0","0","0","0","0","0","0","0","0","0","0","0","0","0","0","0","0","0","0","0","0","0","0","0","0","0","0","0","0","0","0","0","0","0","0","0","0","0","0","0","0","0","0","0","0","0","0","0","0","0","0","0","0","0","0","0","0","0","0"
"Hatch Chili Cream Cheese Dip Individual ( RM-39-012-A )","Terrapin Ridge","—","0","1","1","-","0","-","-","SA-39-012-A 1.0","-","4 w","4 w","—","SA-39-012-A :   Yes","Legacy","—","—","50.0 % Week  49 - 53","-","-","0","0","0","0","0","0","0","0","0","0","0","0","0","0","0","0","0","0","0","0","0","0","0","0","0","0","0","0","0","0","0","0","0","0","0","0","0","0","0","0","0","0","0","0","0","0","0","0","0","0","0","0","0","0","0","0","0","0","0","0","0"
"Pineapple & Habanero Dip Individual ( RM-39-013-A )","Terrapin Ridge","Englewood","0","5","5","-","0","-","-","SA-39-013-A 1.0","-","4 w","4 w","—","SA-39-013-A :   Yes","Legacy","—","—","50.0 % Week  49 - 53","-","-","0","0","0","0","0","0","0","0","0","0","0","0","0","0","0","0","0","0","0","0","0","0","0","0","0","0","0","0","0","0","0","0","0","0","0","0","0","0","0","0","0","0","0","0","0","0","0","0","0","0","0","0","0","0","0","0","0","0","0","0","0"
"Roasted Garlic Horseradish Dip Individual ( RM-39-014-A )","Terrapin Ridge","—","0","0","-1","-","0","-","-","SA-39-014-A 1.0","-","4 w","4 w","—","SA-39-014-A :   Yes","Legacy","—","—","50.0 % Week  49 - 53","-","-","0","0","0","0","0","0","0","0","0","0","0","0","0","0","0","0","0","0","0","0","0","0","0","0","0","0","0","0","0","0","0","0","0","0","0","0","0","0","0","0","0","0","0","0","0","0","0","0","0","0","0","0","0","0","0","0","0","0","0","0","0"
"Creamy Chipotle Pepper Dip Individual ( RM-39-015-A )","Terrapin Ridge","—","0","1","1","-","0","-","-","SA-39-015-A 1.0","-","4 w","4 w","—","SA-39-015-A :   Yes","Legacy","—","—","50.0 % Week  49 - 53","-","-","0","0","0","0","0","0","0","0","0","0","0","0","0","0","0","0","0","0","0","0","0","0","0","0","0","0","0","0","0","0","0","0","0","0","0","0","0","0","0","0","0","0","0","0","0","0","0","0","0","0","0","0","0","0","0","0","0","0","0","0","0"
"Hoppin Jalapeno Dip Individual ( RM-39-016-A )","Terrapin Ridge","—","0","6","6","-","0","-","-","SA-39-016-A 1.0","-","4 w","4 w","—","SA-39-016-A :   Yes","Legacy","—","—","50.0 % Week  49 - 53","-","-","0","0","0","0","0","0","0","0","0","0","0","0","0","0","0","0","0","0","0","0","0","0","0","0","0","0","0","0","0","0","0","0","0","0","0","0","0","0","0","0","0","0","0","0","0","0","0","0","0","0","0","0","0","0","0","0","0","0","0","0","0"
"Pecan Honey Mustard Individual ( RM-39-017-A )","Terrapin Ridge","—","0","149","149","-","0","-","-","SA-39-017-A 1.0","-","4 w","4 w","—","SA-39-017-A :   Yes","Legacy","—","—","50.0 % Week  49 - 53","-","-","0","0","0","0","0","0","0","0","0","0","0","0","0","0","0","0","0","0","0","0","0","0","0","0","0","0","0","0","0","0","0","0","0","0","0","0","0","0","0","0","0","0","0","0","0","0","0","0","0","0","0","0","0","0","0","0","0","0","0","0","0"
"Dill Pickle Mustard Individual ( RM-39-018-A )","Terrapin Ridge","—","0","53","145","-","-92","-","-","SA-39-018-A 1.0","-","4 w","4 w","—","SA-39-018-A :   Yes","Legacy","—","—","50.0 % Week  49 - 53","-","-","0","0","0","0","0","0","0","0","0","0","0","0","0","0","0","0","0","0","0","0","0","0","0","0","0","0","0","0","0","0","0","0","0","0","0","0","0","0","0","0","0","0","0","0","0","0","0","0","0","0","0","0","0","0","0","0","0","0","0","0","0"
"Smokey Maple Bacon Mustard Individual ( RM-39-019-A )","Terrapin Ridge","—","0","144","144","-","0","-","-","SA-39-019-A 1.0","-","4 w","4 w","—","SA-39-019-A :   Yes","Legacy","—","—","50.0 % Week  49 - 53","-","-","0","0","0","0","0","0","0","0","0","0","0","0","0","0","0","0","0","0","0","0","0","0","0","0","0","0","0","0","0","0","0","0","0","0","0","0","0","0","0","0","0","0","0","0","0","0","0","0","0","0","0","0","0","0","0","0","0","0","0","0","0"
"Nashville Hot Mustard Individual ( RM-39-020-A )","Terrapin Ridge","—","0","0","-1","-","0","-","-","SA-39-020-A 1.0","-","4 w","4 w","—","SA-39-020-A :   Yes","Legacy","—","—","50.0 % Week  49 - 53","-","-","0","0","0","0","0","0","0","0","0","0","0","0","0","0","0","0","0","0","0","0","0","0","0","0","0","0","0","0","0","0","0","0","0","0","0","0","0","0","0","0","0","0","0","0","0","0","0","0","0","0","0","0","0","0","0","0","0","0","0","0","0"
"Creamy Garlic Mustard Individual ( RM-39-023-A )","Terrapin Ridge","Englewood","0","324","158","-","22","144","P02135 7/27/26","SA-39-023-A 1.0","Gourmet Goods & Spa :  0.9 %","4 w","4 w","—","SA-39-023-A :   No","Legacy","—","—","50.0 % Week  49 - 53","-","-","0","8","11","9","10","10","11","13","23","19","13","15","12","15","24","18","70","139","207","135","37","44","21","14","11","0","0","0","0","0","0","0","0","0","0","0","0","0","0","0","0","0","0","0","0","0","0","0","0","0","0","0","0","0","0","0","0","0","0","0","0"
"Champagne Poppy Tiny Terracotta Individual ( RM-15-045-A )","Modern Sprout","—","0","0","0","-","0","-","-","SA-15-045-A","-","1 w","4 w","—","-","Legacy","—","—","50.0 % Week  49 - 53","-","-","0","0","0","0","0","0","0","0","0","0","0","0","0","0","0","0","0","0","0","0","0","0","0","0","0","0","0","0","0","0","0","0","0","0","0","0","0","0","0","0","0","0","0","0","0","0","0","0","0","0","0","0","0","0","0","0","0","0","0","0","0"
"Live Well Lavender Tiny Terracotta Individual ( RM-15-046-A )","Modern Sprout","—","0","0","0","-","0","-","-","SA-15-046-A","-","1 w","4 w","—","-","Legacy","—","—","50.0 % Week  49 - 53","-","-","0","0","0","0","0","0","0","0","0","0","0","0","0","0","0","0","0","0","0","0","0","0","0","0","0","0","0","0","0","0","0","0","0","0","0","0","0","0","0","0","0","0","0","0","0","0","0","0","0","0","0","0","0","0","0","0","0","0","0","0","0"
"Curious Catnip Tiny Terracotta Individual ( RM-15-048-A )","Modern Sprout","—","0","0","0","-","-120","-","-","SA-15-048-A","-","1 w","4 w","—","-","Legacy","—","—","50.0 % Week  49 - 53","-","-","0","0","0","0","0","0","0","0","0","0","0","0","0","0","0","0","0","0","0","0","0","0","0","0","0","0","0","0","0","0","0","0","0","0","0","0","0","0","0","0","0","0","0","0","0","0","0","0","0","0","0","0","0","0","0","0","0","0","0","0","0"
"Primrose Tiny Terracotta Individual ( RM-15-049-A )","Modern Sprout","—","0","0","0","-","0","-","-","SA-15-049-A","-","1 w","4 w","—","-","Legacy","—","—","50.0 % Week  49 - 53","-","-","0","0","0","0","0","0","0","0","0","0","0","0","0","0","0","0","0","0","0","0","0","0","0","0","0","0","0","0","0","0","0","0","0","0","0","0","0","0","0","0","0","0","0","0","0","0","0","0","0","0","0","0","0","0","0","0","0","0","0","0","0"
"Benjamin Soap Sleep Spray Individual ( RM-16-104-A )","Benjamin Soap","Englewood","0","21","5","-","16","-","-","","Gourmet Goods & Spa :  2.3 %","5 w","4 w","—","5  Active","Legacy","—","—","50.0 % Week  49 - 53","-","-","269","20","28","24","25","25","28","33","59","47","34","38","31","38","60","47","176","351","522","340","93","111","52","36","29","0","0","0","0","0","0","0","0","0","0","0","0","0","0","0","0","0","0","0","0","0","0","0","0","0","0","0","0","0","0","0","0","0","0","0","0"
"Ocean Room Spray (4 oz) Individual ( RM-16-106-A )","Benjamin Soap","Englewood","0","0","5","-","-8","-","-","","Gourmet Goods & Spa :  1.5 %","5 w","4 w","—","5  Active","Legacy","—","—","50.0 % Week  49 - 53","-","-","191","13","18","15","16","16","18","22","38","31","22","25","20","24","39","30","114","227","338","220","60","72","34","23","19","0","0","0","0","0","0","0","0","0","0","0","0","0","0","0","0","0","0","0","0","0","0","0","0","0","0","0","0","0","0","0","0","0","0","0","0"
"Eucalyptus Shower Spray Individual ( RM-16-107-A )","Benjamin Soap","Englewood","0","69","10","-","59","-","-","SA-48-064-A 1.0 SA-51-110-E 1.0","Gourmet Goods & Spa :  1.8 %","5 w","4 w","—","SA-48-064-A :   No SA-51-110-E :   No","Legacy","—","—","50.0 % Week  49 - 53","-","-","158","16","22","19","19","20","22","26","46","37","26","30","25","29","47","36","137","274","407","265","73","87","41","28","22","0","0","0","0","0","0","0","0","0","0","0","0","0","0","0","0","0","0","0","0","0","0","0","0","0","0","0","0","0","0","0","0","0","0","0","0"
"Rose Bath Salts Individual ( RM-40-017-A )","Benjamin Soap","—","0","12","12","-","0","-","-","SA-40-017-A 1.0","-","5 w","4 w","—","SA-40-017-A :   No","Legacy","—","—","50.0 % Week  49 - 53","C-C40-REG-23-017-XXX","275","0","0","0","0","0","0","0","0","0","0","0","0","0","0","0","0","0","0","0","0","0","0","0","0","0","0","0","0","0","0","0","0","0","0","0","0","0","0","0","0","0","0","0","0","0","0","0","0","0","0","0","0","0","0","0","0","0","0","0","0","0"
"Jasmine Clementine Bath Salts Individual ( RM-40-018-A )","Benjamin Soap","—","0","11","11","-","0","-","-","SA-40-018-A 1.0","-","5 w","4 w","—","SA-40-018-A :   No","Legacy","—","—","50.0 % Week  49 - 53","C-C40-REG-23-018-XXX","275","0","0","0","0","0","0","0","0","0","0","0","0","0","0","0","0","0","0","0","0","0","0","0","0","0","0","0","0","0","0","0","0","0","0","0","0","0","0","0","0","0","0","0","0","0","0","0","0","0","0","0","0","0","0","0","0","0","0","0","0","0"
"Lavender Bath Salts Individual ( RM-40-019-A )","Benjamin Soap","Englewood","0","23","46","-","-23","-","-","","-","5 w","4 w","—","5  Active","Legacy","—","—","50.0 % Week  49 - 53","C-C40-REG-23-019-XXX","437","0","0","0","0","0","0","0","0","0","0","0","0","0","0","0","0","0","0","0","0","0","0","0","0","0","0","0","0","0","0","0","0","0","0","0","0","0","0","0","0","0","0","0","0","0","0","0","0","0","0","0","0","0","0","0","0","0","0","0","0","0"
"Rosemary Mint Bath Salts Individual ( RM-40-020-A )","Benjamin Soap","Englewood","0","0","7","-","-12","-","-","SA-40-020-A 1.0","-","5 w","4 w","—","SA-40-020-A :   No","Legacy","—","—","50.0 % Week  49 - 53","C-C40-REG-23-020-XXX","-","0","0","0","0","0","0","0","0","0","0","0","0","0","0","0","0","0","0","0","0","0","0","0","0","0","0","0","0","0","0","0","0","0","0","0","0","0","0","0","0","0","0","0","0","0","0","0","0","0","0","0","0","0","0","0","0","0","0","0","0","0"
"Coconut Bath Salts Individual ( RM-40-021-A )","Benjamin Soap","—","0","11","11","-","0","-","-","SA-40-021-A 1.0","-","5 w","4 w","—","SA-40-021-A :   No","Legacy","—","—","50.0 % Week  49 - 53","C-C40-REG-23-021-XXX","550","0","0","0","0","0","0","0","0","0","0","0","0","0","0","0","0","0","0","0","0","0","0","0","0","0","0","0","0","0","0","0","0","0","0","0","0","0","0","0","0","0","0","0","0","0","0","0","0","0","0","0","0","0","0","0","0","0","0","0","0","0"
"Charcoal Bath Salts Individual ( RM-40-022-A )","Benjamin Soap","—","0","13","13","-","0","-","-","SA-40-022-A 1.0","-","5 w","4 w","—","SA-40-022-A :   No","Legacy","—","—","50.0 % Week  49 - 53","C-C40-REG-23-022-XXX","-","0","0","0","0","0","0","0","0","0","0","0","0","0","0","0","0","0","0","0","0","0","0","0","0","0","0","0","0","0","0","0","0","0","0","0","0","0","0","0","0","0","0","0","0","0","0","0","0","0","0","0","0","0","0","0","0","0","0","0","0","0"
"Chai Bath Tea Individual ( RM-40-023-A )","Benjamin Soap","—","0","21","21","-","0","-","-","SA-40-023-A 1.0","-","5 w","4 w","—","SA-40-023-A :   No","Legacy","—","—","50.0 % Week  49 - 53","C-C40-REG-23-023-XXX","-","0","0","0","0","0","0","0","0","0","0","0","0","0","0","0","0","0","0","0","0","0","0","0","0","0","0","0","0","0","0","0","0","0","0","0","0","0","0","0","0","0","0","0","0","0","0","0","0","0","0","0","0","0","0","0","0","0","0","0","0","0"
"Lemon Ginger Bath Tea Individual ( RM-40-024-A )","Benjamin Soap","—","0","20","20","-","0","-","-","SA-40-024-A 1.0","-","5 w","4 w","—","SA-40-024-A :   No","Legacy","—","—","50.0 % Week  49 - 53","C-C40-REG-23-024-XXX","275","0","0","0","0","0","0","0","0","0","0","0","0","0","0","0","0","0","0","0","0","0","0","0","0","0","0","0","0","0","0","0","0","0","0","0","0","0","0","0","0","0","0","0","0","0","0","0","0","0","0","0","0","0","0","0","0","0","0","0","0","0"
"Cashmere Lotion Bar Individual ( RM-40-041-A )","Benjamin Soap","—","0","8","8","-","0","-","-","SA-40-041-A 1.0","-","5 w","4 w","—","SA-40-041-A :   No","Legacy","—","—","50.0 % Week  49 - 53","C-C40-REG-23-041-XXX","2,475","0","0","0","0","0","0","0","0","0","0","0","0","0","0","0","0","0","0","0","0","0","0","0","0","0","0","0","0","0","0","0","0","0","0","0","0","0","0","0","0","0","0","0","0","0","0","0","0","0","0","0","0","0","0","0","0","0","0","0","0","0"
"Lavender Shea Lotion Bar Individual ( RM-40-042-A )","Benjamin Soap","—","0","11","11","-","0","-","-","SA-40-042-A 1.0","-","5 w","4 w","—","SA-40-042-A :   No","Legacy","—","—","50.0 % Week  49 - 53","C-C40-REG-23-042-XXX","1,100","0","0","0","0","0","0","0","0","0","0","0","0","0","0","0","0","0","0","0","0","0","0","0","0","0","0","0","0","0","0","0","0","0","0","0","0","0","0","0","0","0","0","0","0","0","0","0","0","0","0","0","0","0","0","0","0","0","0","0","0","0"
"Palo Santo Lotion Bar Individual ( RM-40-043-A )","Benjamin Soap","—","0","39","39","-","0","-","-","SA-40-043-A 1.0","-","5 w","4 w","—","SA-40-043-A :   No","Legacy","—","—","50.0 % Week  49 - 53","C-C40-REG-23-043-XXX","825","0","0","0","0","0","0","0","0","0","0","0","0","0","0","0","0","0","0","0","0","0","0","0","0","0","0","0","0","0","0","0","0","0","0","0","0","0","0","0","0","0","0","0","0","0","0","0","0","0","0","0","0","0","0","0","0","0","0","0","0","0"
"Woodberry Lotion Bar Individual ( RM-40-044-A )","Benjamin Soap","—","0","12","12","-","0","-","-","SA-40-044-A 1.0","-","5 w","4 w","—","SA-40-044-A :   No","Legacy","—","—","50.0 % Week  49 - 53","C-C40-REG-23-044-XXX","1,210","0","0","0","0","0","0","0","0","0","0","0","0","0","0","0","0","0","0","0","0","0","0","0","0","0","0","0","0","0","0","0","0","0","0","0","0","0","0","0","0","0","0","0","0","0","0","0","0","0","0","0","0","0","0","0","0","0","0","0","0","0"
"Pomegranate Acai Lip Balm Individual ( RM-40-045-A )","Benjamin Soap","—","0","15","15","-","0","-","-","SA-40-045-A 1.0","-","5 w","4 w","—","SA-40-045-A :   No","Legacy","—","—","50.0 % Week  49 - 53","C-C40-REG-23-045-XXX","825","0","0","0","0","0","0","0","0","0","0","0","0","0","0","0","0","0","0","0","0","0","0","0","0","0","0","0","0","0","0","0","0","0","0","0","0","0","0","0","0","0","0","0","0","0","0","0","0","0","0","0","0","0","0","0","0","0","0","0","0","0"
"Vanilla Chai Lip Balm Individual ( RM-40-046-A )","Benjamin Soap","—","0","10","10","-","0","-","-","SA-40-046-A 1.0","-","5 w","4 w","—","SA-40-046-A :   No","Legacy","—","—","50.0 % Week  49 - 53","C-C40-REG-23-046-XXX","1,375","0","0","0","0","0","0","0","0","0","0","0","0","0","0","0","0","0","0","0","0","0","0","0","0","0","0","0","0","0","0","0","0","0","0","0","0","0","0","0","0","0","0","0","0","0","0","0","0","0","0","0","0","0","0","0","0","0","0","0","0","0"
"Strawberry Basil Lip Balm  Individual ( RM-40-047-A )","Benjamin Soap","—","0","4","4","-","0","-","-","SA-40-047-A 1.0","-","5 w","4 w","—","SA-40-047-A :   No","Legacy","—","—","50.0 % Week  49 - 53","C-C40-REG-23-047-XXX","275","0","0","0","0","0","0","0","0","0","0","0","0","0","0","0","0","0","0","0","0","0","0","0","0","0","0","0","0","0","0","0","0","0","0","0","0","0","0","0","0","0","0","0","0","0","0","0","0","0","0","0","0","0","0","0","0","0","0","0","0","0"
"Honey Mint Lip Balm Individual ( RM-40-048-A )","Benjamin Soap","—","0","8","8","-","0","-","-","SA-40-048-A 1.0","-","5 w","4 w","—","SA-40-048-A :   No","Legacy","—","—","50.0 % Week  49 - 53","C-C40-REG-23-048-XXX","1,650","0","0","0","0","0","0","0","0","0","0","0","0","0","0","0","0","0","0","0","0","0","0","0","0","0","0","0","0","0","0","0","0","0","0","0","0","0","0","0","0","0","0","0","0","0","0","0","0","0","0","0","0","0","0","0","0","0","0","0","0","0"
"Calm Face Mask Individual ( RM-40-027-A )","MW Botanical","—","0","15","15","-","0","-","-","SA-40-027-A 1.0","-","3 w","4 w","—","SA-40-027-A :   No SA-51-118-E :   No","Legacy","—","—","50.0 % Week  49 - 53","C-C40-REG-23-027-XXX","690","0","0","0","0","0","0","0","0","0","0","0","0","0","0","0","0","0","0","0","0","0","0","0","0","0","0","0","0","0","0","0","0","0","0","0","0","0","0","0","0","0","0","0","0","0","0","0","0","0","0","0","0","0","0","0","0","0","0","0","0","0"
"Purify Face Mask Individual ( RM-40-028-A )","MW Botanical","—","0","7","7","-","0","-","-","SA-40-028-A 1.0","-","3 w","4 w","—","3  Active","Legacy","—","—","50.0 % Week  49 - 53","C-C40-REG-23-028-XXX","460","0","0","0","0","0","0","0","0","0","0","0","0","0","0","0","0","0","0","0","0","0","0","0","0","0","0","0","0","0","0","0","0","0","0","0","0","0","0","0","0","0","0","0","0","0","0","0","0","0","0","0","0","0","0","0","0","0","0","0","0","0"
"Detox Face Mask Individual ( RM-40-029-A )","MW Botanical","—","0","2","2","-","0","-","-","SA-40-029-A 1.0","-","3 w","4 w","—","SA-40-029-A :   No SA-51-116-E :   No","Legacy","—","—","50.0 % Week  49 - 53","C-C40-REG-23-029-XXX","680","0","0","0","0","0","0","0","0","0","0","0","0","0","0","0","0","0","0","0","0","0","0","0","0","0","0","0","0","0","0","0","0","0","0","0","0","0","0","0","0","0","0","0","0","0","0","0","0","0","0","0","0","0","0","0","0","0","0","0","0","0"
"Super Green Face Mask Individual ( RM-40-030-A )","MW Botanical","—","0","2","2","-","0","-","-","SA-40-030-A 1.0","-","3 w","4 w","—","SA-40-030-A :   No SA-51-117-E :   No","Legacy","—","—","50.0 % Week  49 - 53","C-C40-REG-23-030-XXX","162","0","0","0","0","0","0","0","0","0","0","0","0","0","0","0","0","0","0","0","0","0","0","0","0","0","0","0","0","0","0","0","0","0","0","0","0","0","0","0","0","0","0","0","0","0","0","0","0","0","0","0","0","0","0","0","0","0","0","0","0","0"
"Calm Facial Steam Individual ( RM-40-031-A )","MW Botanical","—","0","44","44","-","0","-","-","SA-40-031-A 1.0","-","3 w","4 w","—","SA-40-031-A :   No","Legacy","—","—","50.0 % Week  49 - 53","C-C40-REG-23-031-XXX","150","0","0","0","0","0","0","0","0","0","0","0","0","0","0","0","0","0","0","0","0","0","0","0","0","0","0","0","0","0","0","0","0","0","0","0","0","0","0","0","0","0","0","0","0","0","0","0","0","0","0","0","0","0","0","0","0","0","0","0","0","0"
"Detox Facial Steam Individual ( RM-40-032-A )","MW Botanical","—","0","13","13","-","0","-","-","SA-40-032-A 1.0","-","3 w","4 w","—","SA-40-032-A :   No SA-51-116-E :   No","Legacy","—","—","50.0 % Week  49 - 53","C-C40-REG-23-032-XXX","102","0","0","0","0","0","0","0","0","0","0","0","0","0","0","0","0","0","0","0","0","0","0","0","0","0","0","0","0","0","0","0","0","0","0","0","0","0","0","0","0","0","0","0","0","0","0","0","0","0","0","0","0","0","0","0","0","0","0","0","0","0"
"Perk Up Eye Patch Individual ( RM-40-025-A )","Rare Beauty Brands","Englewood","0","2,244","1,574","-","670","-","-","SA-40-025-A 0.5","-","3 w","4 w","—","SA-40-025-A :   No SA-51-115-E :   No","Legacy","—","—","50.0 % Week  49 - 53","C-C40-REG-23-025-XXX","2,660","0","0","0","0","0","0","0","0","0","0","0","0","0","0","0","0","0","0","0","0","0","0","0","0","0","0","0","0","0","0","0","0","0","0","0","0","0","0","0","0","0","0","0","0","0","0","0","0","0","0","0","0","0","0","0","0","0","0","0","0","0"
"Happy Place Eye Patch Individual ( RM-40-026-A )","Rare Beauty Brands","—","0","16","16","-","0","-","-","SA-40-026-A 0.5","-","3 w","4 w","—","SA-40-026-A :   No","Legacy","—","—","50.0 % Week  49 - 53","C-C40-REG-23-026-XXX","798","0","0","0","0","0","0","0","0","0","0","0","0","0","0","0","0","0","0","0","0","0","0","0","0","0","0","0","0","0","0","0","0","0","0","0","0","0","0","0","0","0","0","0","0","0","0","0","0","0","0","0","0","0","0","0","0","0","0","0","0","0"
"Energize Shower Steamer Individual ( RM-40-009-A )","Rock Creek Soap","—","0","15","15","-","0","-","-","SA-40-009-A 1.0","-","5 w","4 w","—","SA-40-009-A :   No SA-51-113-E :   No","Legacy","—","—","50.0 % Week  49 - 53","C-C40-REG-23-009-XXX","124","0","0","0","0","0","0","0","0","0","0","0","0","0","0","0","0","0","0","0","0","0","0","0","0","0","0","0","0","0","0","0","0","0","0","0","0","0","0","0","0","0","0","0","0","0","0","0","0","0","0","0","0","0","0","0","0","0","0","0","0","0"
"Soothing Shower Steamer Individual ( RM-40-010-A )","Rock Creek Soap","—","0","37","37","-","0","-","-","SA-40-010-A 1.0","-","5 w","4 w","—","SA-40-010-A :   No SA-51-112-E :   No","Legacy","—","—","50.0 % Week  49 - 53","C-C40-REG-23-010-XXX","66","0","0","0","0","0","0","0","0","0","0","0","0","0","0","0","0","0","0","0","0","0","0","0","0","0","0","0","0","0","0","0","0","0","0","0","0","0","0","0","0","0","0","0","0","0","0","0","0","0","0","0","0","0","0","0","0","0","0","0","0","0"
"Clarity Shower Steamer Individual ( RM-40-011-A )","Rock Creek Soap","—","0","6","6","-","0","-","-","SA-40-011-A 1.0","-","5 w","4 w","—","SA-40-011-A :   No","Legacy","—","—","50.0 % Week  49 - 53","C-C40-REG-23-011-XXX","199","0","0","0","0","0","0","0","0","0","0","0","0","0","0","0","0","0","0","0","0","0","0","0","0","0","0","0","0","0","0","0","0","0","0","0","0","0","0","0","0","0","0","0","0","0","0","0","0","0","0","0","0","0","0","0","0","0","0","0","0","0"
"Rejuvenate Shower Steamer  Individual ( RM-40-012-A )","Rock Creek Soap","—","0","4","4","-","0","-","-","SA-40-012-A 1.0","-","5 w","4 w","—","SA-40-012-A :   No","Legacy","—","—","50.0 % Week  49 - 53","C-C40-REG-23-012-XXX","-","0","0","0","0","0","0","0","0","0","0","0","0","0","0","0","0","0","0","0","0","0","0","0","0","0","0","0","0","0","0","0","0","0","0","0","0","0","0","0","0","0","0","0","0","0","0","0","0","0","0","0","0","0","0","0","0","0","0","0","0","0"
"Sweet Sunshine Bath Bomb Individual ( RM-40-013-A )","Rock Creek Soap","—","0","7","7","-","0","-","-","SA-40-013-A 1.0","-","5 w","4 w","—","SA-40-013-A :   No","Legacy","—","—","50.0 % Week  49 - 53","C-C40-REG-23-013-XXX","87","0","0","0","0","0","0","0","0","0","0","0","0","0","0","0","0","0","0","0","0","0","0","0","0","0","0","0","0","0","0","0","0","0","0","0","0","0","0","0","0","0","0","0","0","0","0","0","0","0","0","0","0","0","0","0","0","0","0","0","0","0"
"Warm Amber Bath Bomb Individual ( RM-40-014-A )","Rock Creek Soap","—","0","38","38","-","0","-","-","SA-40-014-A 1.0","-","5 w","4 w","—","SA-40-014-A :   No SA-51-114-E :   No","Legacy","—","—","50.0 % Week  49 - 53","C-C40-REG-23-014-XXX","-","0","0","0","0","0","0","0","0","0","0","0","0","0","0","0","0","0","0","0","0","0","0","0","0","0","0","0","0","0","0","0","0","0","0","0","0","0","0","0","0","0","0","0","0","0","0","0","0","0","0","0","0","0","0","0","0","0","0","0","0","0"
"Wild Nectar Bath Bomb Individual ( RM-40-015-A )","Rock Creek Soap","—","0","11","11","-","0","-","-","SA-40-015-A 1.0","-","5 w","4 w","—","SA-40-015-A :   No","Legacy","—","—","50.0 % Week  49 - 53","C-C40-REG-23-015-XXX","343","0","0","0","0","0","0","0","0","0","0","0","0","0","0","0","0","0","0","0","0","0","0","0","0","0","0","0","0","0","0","0","0","0","0","0","0","0","0","0","0","0","0","0","0","0","0","0","0","0","0","0","0","0","0","0","0","0","0","0","0","0"
"Hidden Falls Bath Bomb Individual ( RM-40-016-A )","Rock Creek Soap","—","0","13","13","-","0","-","-","SA-40-016-A 1.0","-","5 w","4 w","—","SA-40-016-A :   No","Legacy","—","—","50.0 % Week  49 - 53","C-C40-REG-23-016-XXX","243","0","0","0","0","0","0","0","0","0","0","0","0","0","0","0","0","0","0","0","0","0","0","0","0","0","0","0","0","0","0","0","0","0","0","0","0","0","0","0","0","0","0","0","0","0","0","0","0","0","0","0","0","0","0","0","0","0","0","0","0","0"
"Clarity Loofah Soap Individual ( RM-40-033-A )","Rock Creek Soap","—","0","10","10","-","0","-","-","SA-40-033-A 1.0","-","5 w","4 w","—","SA-40-033-A :   No","Legacy","—","—","50.0 % Week  49 - 53","C-C40-REG-23-033-XXX","613","0","0","0","0","0","0","0","0","0","0","0","0","0","0","0","0","0","0","0","0","0","0","0","0","0","0","0","0","0","0","0","0","0","0","0","0","0","0","0","0","0","0","0","0","0","0","0","0","0","0","0","0","0","0","0","0","0","0","0","0","0"
"Relief Loofah Soap Individual ( RM-40-034-A )","Rock Creek Soap","—","0","10","10","-","0","-","-","SA-40-034-A 1.0","-","5 w","4 w","—","SA-40-034-A :   No SA-51-112-E :   No","Legacy","—","—","50.0 % Week  49 - 53","C-C40-REG-23-034-XXX","308","0","0","0","0","0","0","0","0","0","0","0","0","0","0","0","0","0","0","0","0","0","0","0","0","0","0","0","0","0","0","0","0","0","0","0","0","0","0","0","0","0","0","0","0","0","0","0","0","0","0","0","0","0","0","0","0","0","0","0","0","0"
"Rejuvenate Loofah Soap Individual ( RM-40-035-A )","Rock Creek Soap","—","0","16","16","-","0","-","-","SA-40-035-A 1.0","-","5 w","4 w","—","SA-40-035-A :   No","Legacy","—","—","50.0 % Week  49 - 53","C-C40-REG-23-035-XXX","109","0","0","0","0","0","0","0","0","0","0","0","0","0","0","0","0","0","0","0","0","0","0","0","0","0","0","0","0","0","0","0","0","0","0","0","0","0","0","0","0","0","0","0","0","0","0","0","0","0","0","0","0","0","0","0","0","0","0","0","0","0"
"Soothing Loofah Soap Individual ( RM-40-036-A )","Rock Creek Soap","—","0","9","9","-","0","-","-","SA-40-036-A 1.0","-","5 w","4 w","—","SA-40-036-A :   No","Legacy","—","—","50.0 % Week  49 - 53","C-C40-REG-23-036-XXX","417","0","0","0","0","0","0","0","0","0","0","0","0","0","0","0","0","0","0","0","0","0","0","0","0","0","0","0","0","0","0","0","0","0","0","0","0","0","0","0","0","0","0","0","0","0","0","0","0","0","0","0","0","0","0","0","0","0","0","0","0","0"
"Warm Amber Loofah Soap Individual ( RM-40-037-A )","Rock Creek Soap","—","0","34","34","-","0","-","-","SA-40-037-A 1.0","-","5 w","4 w","—","SA-40-037-A :   No","Legacy","—","—","50.0 % Week  49 - 53","C-C40-REG-23-037-XXX","369","0","0","0","0","0","0","0","0","0","0","0","0","0","0","0","0","0","0","0","0","0","0","0","0","0","0","0","0","0","0","0","0","0","0","0","0","0","0","0","0","0","0","0","0","0","0","0","0","0","0","0","0","0","0","0","0","0","0","0","0","0"
"Wild Nectar Loofah Soap Individual ( RM-40-038-A )","Rock Creek Soap","—","0","8","8","-","0","-","-","SA-40-038-A 1.0","-","5 w","4 w","—","SA-40-038-A :   No","Legacy","—","—","50.0 % Week  49 - 53","C-C40-REG-23-038-XXX","142","0","0","0","0","0","0","0","0","0","0","0","0","0","0","0","0","0","0","0","0","0","0","0","0","0","0","0","0","0","0","0","0","0","0","0","0","0","0","0","0","0","0","0","0","0","0","0","0","0","0","0","0","0","0","0","0","0","0","0","0","0"
"Hidden Falls Loofah Soap Individual ( RM-40-039-A )","Rock Creek Soap","—","0","14","14","-","0","-","-","SA-40-039-A 1.0","-","5 w","4 w","—","SA-40-039-A :   No","Legacy","—","—","50.0 % Week  49 - 53","C-C40-REG-23-039-XXX","909","0","0","0","0","0","0","0","0","0","0","0","0","0","0","0","0","0","0","0","0","0","0","0","0","0","0","0","0","0","0","0","0","0","0","0","0","0","0","0","0","0","0","0","0","0","0","0","0","0","0","0","0","0","0","0","0","0","0","0","0","0"
"Sweet Sunshine Loofah Soap Individual ( RM-40-040-A )","Rock Creek Soap","—","0","8","8","-","0","-","-","SA-40-040-A 1.0","-","5 w","4 w","—","SA-40-040-A :   No SA-51-113-E :   No","Legacy","—","—","50.0 % Week  49 - 53","C-C40-REG-23-040-XXX","355","0","0","0","0","0","0","0","0","0","0","0","0","0","0","0","0","0","0","0","0","0","0","0","0","0","0","0","0","0","0","0","0","0","0","0","0","0","0","0","0","0","0","0","0","0","0","0","0","0","0","0","0","0","0","0","0","0","0","0","0","0"
"Sugar Plum Bath Bomb Individual ( RM-40-050-A )","Rock Creek Soap","—","0","9","9","-","0","-","-","SA-40-050-A 1.0","-","5 w","4 w","—","SA-40-050-A :   Yes","Legacy","—","—","50.0 % Week  49 - 53","C-CXX-REG-22-XXX-SPA","1,858","0","0","0","0","0","0","0","0","0","0","0","0","0","0","0","0","0","0","0","0","0","0","0","0","0","0","0","0","0","0","0","0","0","0","0","0","0","0","0","0","0","0","0","0","0","0","0","0","0","0","0","0","0","0","0","0","0","0","0","0","0"
"Apple Cinnamon Swirled Soap Individual ( RM-40-054-A )","Rock Creek Soap","—","0","8","8","-","0","-","-","SA-40-054-A 1.0","-","5 w","4 w","—","SA-40-054-A :   No","Legacy","—","—","50.0 % Week  49 - 53","C-CXX-REG-22-XXX-SPA","1,858","0","0","0","0","0","0","0","0","0","0","0","0","0","0","0","0","0","0","0","0","0","0","0","0","0","0","0","0","0","0","0","0","0","0","0","0","0","0","0","0","0","0","0","0","0","0","0","0","0","0","0","0","0","0","0","0","0","0","0","0","0"
"Cranberry Balsam Swirled Soap Individual ( RM-40-055-A )","Rock Creek Soap","—","0","11","11","-","0","-","-","SA-40-055-A 1.0","-","5 w","4 w","—","SA-40-055-A :   Yes","Legacy","—","—","50.0 % Week  49 - 53","C-CXX-REG-22-XXX-SPA","1,858","0","0","0","0","0","0","0","0","0","0","0","0","0","0","0","0","0","0","0","0","0","0","0","0","0","0","0","0","0","0","0","0","0","0","0","0","0","0","0","0","0","0","0","0","0","0","0","0","0","0","0","0","0","0","0","0","0","0","0","0","0"
"Winter Spice Swirled Soap Individual ( RM-40-056-A )","Rock Creek Soap","Englewood","0","171","171","-","0","-","-","SA-40-056-A 1.0","-","5 w","4 w","—","SA-40-056-A :   Yes","Legacy","—","—","50.0 % Week  49 - 53","C-CXX-REG-22-XXX-SPA","1,858","0","0","0","0","0","0","0","0","0","0","0","0","0","0","0","0","0","0","0","0","0","0","0","0","0","0","0","0","0","0","0","0","0","0","0","0","0","0","0","0","0","0","0","0","0","0","0","0","0","0","0","0","0","0","0","0","0","0","0","0","0"
"Clarity salt soak Individual ( RM-40-071-A )","Rock Creek Soap","Englewood","0","399","186","-","213","-","-","","Gourmet Goods & Spa :  0.9 %","5 w","4 w","—","5  Active","Legacy","—","—","50.0 % Week  49 - 53","-","-","0","8","11","9","9","9","11","12","22","18","13","14","12","14","22","17","66","131","194","127","35","41","19","13","11","0","0","0","0","0","0","0","0","0","0","0","0","0","0","0","0","0","0","0","0","0","0","0","0","0","0","0","0","0","0","0","0","0","0","0","0"
"Brown Sugar Sugar Scrub Cubes ( RM-40-099-A )","Rock Creek Soap","Englewood","0","105","30","-","75","-","-","SA-51-037-E 1.0","Gourmet Goods & Spa :  1.1 %","5 w","4 w","—","SA-51-037-E :   No","Legacy","—","—","50.0 % Week  49 - 53","-","-","34","10","14","11","12","12","14","16","28","23","16","18","15","18","29","22","84","168","250","163","45","53","25","17","14","0","0","0","0","0","0","0","0","0","0","0","0","0","0","0","0","0","0","0","0","0","0","0","0","0","0","0","0","0","0","0","0","0","0","0","0"
"Espresso and Sugar Scrub Cubes ( RM-40-100-A )","Rock Creek Soap","Englewood","0","223","134","-","89","-","-","SA-51-038-E 1.0","Gourmet Goods & Spa :  0.9 %","5 w","4 w","—","SA-51-038-E :   No","Legacy","—","—","50.0 % Week  49 - 53","-","-","0","8","10","9","9","9","10","12","22","17","12","14","12","14","22","17","65","130","192","125","34","41","19","13","11","0","0","0","0","0","0","0","0","0","0","0","0","0","0","0","0","0","0","0","0","0","0","0","0","0","0","0","0","0","0","0","0","0","0","0","0"
"Sweet Sunshine Sugar Scrub Cubes ( RM-40-101-A )","Rock Creek Soap","Englewood","0","141","83","-","58","-","-","SA-51-039-E 1.0","Gourmet Goods & Spa :  1.3 %","5 w","4 w","—","SA-51-039-E :   No","Legacy","—","—","50.0 % Week  49 - 53","-","-","23","12","16","14","14","14","16","19","33","27","19","21","18","21","34","26","99","198","295","192","53","63","29","20","16","0","0","0","0","0","0","0","0","0","0","0","0","0","0","0","0","0","0","0","0","0","0","0","0","0","0","0","0","0","0","0","0","0","0","0","0"
"Wild Nectar Sugar Scrub Cubes ( RM-40-102-A )","Rock Creek Soap","Englewood","0","140","40","-","100","-","-","SA-51-040-E 1.0","Gourmet Goods & Spa :  1.1 %","5 w","4 w","—","SA-51-040-E :   No","Legacy","—","—","50.0 % Week  49 - 53","-","-","0","9","13","11","11","11","13","15","27","21","15","17","14","17","27","21","80","160","237","155","42","51","24","16","13","0","0","0","0","0","0","0","0","0","0","0","0","0","0","0","0","0","0","0","0","0","0","0","0","0","0","0","0","0","0","0","0","0","0","0","0"
"Soothing Salt Soak ( RM-40-103-A )","Rock Creek Soap","Englewood","0","115","-10","-","75","50","P02122 7/19/26","SA-51-041-E 1.0","Gourmet Goods & Spa :  1.1 %","5 w","4 w","—","SA-51-041-E :   No","Legacy","—","—","50.0 % Week  49 - 53","-","-","28","10","14","12","12","12","14","16","29","23","17","19","16","19","30","23","87","174","258","168","46","55","26","18","14","0","0","0","0","0","0","0","0","0","0","0","0","0","0","0","0","0","0","0","0","0","0","0","0","0","0","0","0","0","0","0","0","0","0","0","0"
"Balance Salt Soak ( RM-40-104-A )","Rock Creek Soap","Englewood","0","117","-11","-","28","100","P02122 7/19/26","SA-51-043-E 1.0","Gourmet Goods & Spa :  1.2 %","5 w","4 w","—","SA-51-043-E :   No","Legacy","—","—","50.0 % Week  49 - 53","-","-","38","11","15","13","13","13","15","18","31","25","18","20","17","20","32","25","94","187","278","181","50","59","28","19","15","0","0","0","0","0","0","0","0","0","0","0","0","0","0","0","0","0","0","0","0","0","0","0","0","0","0","0","0","0","0","0","0","0","0","0","0"
"Warm Amber Lavender Salt Soak ( RM-40-105-A )","Rock Creek Soap","Englewood","0","151","47","-","104","-","-","SA-51-044-E 1.0","Gourmet Goods & Spa :  1.3 %","5 w","4 w","—","SA-51-044-E :   No","Legacy","—","—","50.0 % Week  49 - 53","-","-","7","11","15","13","14","14","15","18","32","26","18","21","17","21","33","25","96","192","284","185","51","61","28","20","16","0","0","0","0","0","0","0","0","0","0","0","0","0","0","0","0","0","0","0","0","0","0","0","0","0","0","0","0","0","0","0","0","0","0","0","0"
"Night Blooming Jasmine Soap 4oz Individual ( RM-40-058-A )","Soap Cauldron","Englewood","0","472","52","-","420","-","-","","Gourmet Goods & Spa :  1.8 %","5 w","4 w","—","6  Active","Legacy","—","—","50.0 % Week  49 - 53","-","-","0","16","22","19","20","20","22","26","47","37","27","30","25","30","48","37","139","278","413","269","74","88","41","29","23","0","0","0","0","0","0","0","0","0","0","0","0","0","0","0","0","0","0","0","0","0","0","0","0","0","0","0","0","0","0","0","0","0","0","0","0"
"Sweet Orange Coconut Body Butter 4 oz Individual ( RM-40-061-A )","Soap Cauldron","Englewood","0","212","-3","-","215","-","-","","Gourmet Goods & Spa :  1.8 %","5 w","4 w","—","5  Active","Legacy","—","—","50.0 % Week  49 - 53","-","-","16","16","22","19","20","20","22","26","46","37","27","30","25","30","47","37","138","276","409","267","73","87","41","28","22","0","0","0","0","0","0","0","0","0","0","0","0","0","0","0","0","0","0","0","0","0","0","0","0","0","0","0","0","0","0","0","0","0","0","0","0"
"Meyer Lemon Agave Soap 4 oz Individual ( RM-40-062-A )","Soap Cauldron","Englewood","0","148","22","-","86","40","P02139 7/28/26","","Gourmet Goods & Spa :  1.3 %","5 w","4 w","—","6  Active","Legacy","—","—","50.0 % Week  49 - 53","-","-","15","11","16","13","14","14","16","19","33","26","19","21","18","21","34","26","99","197","293","191","52","62","29","20","16","0","0","0","0","0","0","0","0","0","0","0","0","0","0","0","0","0","0","0","0","0","0","0","0","0","0","0","0","0","0","0","0","0","0","0","0"
"Coastal Cedar Arnica Muscle Rub 4 oz Individual ( RM-40-068-A )","Soap Cauldron","Englewood","0","798","64","-","734","-","-","","Gourmet Goods & Spa :  2.2 %","5 w","4 w","—","6  Active","Legacy","—","—","50.0 % Week  49 - 53","-","-","0","20","27","23","24","24","27","32","56","45","33","37","30","36","58","45","169","338","501","327","89","107","50","35","27","0","0","0","0","0","0","0","0","0","0","0","0","0","0","0","0","0","0","0","0","0","0","0","0","0","0","0","0","0","0","0","0","0","0","0","0"
"Eucalyptus Salt Scrub 6 oz Individual ( RM-40-069-A )","Soap Cauldron","Englewood","0","171","2","-","169","-","-","","Gourmet Goods & Spa :  2.8 %","5 w","4 w","—","6  Active","Legacy","—","—","50.0 % Week  49 - 53","-","-","181","25","34","29","30","30","34","40","71","57","41","46","38","46","73","57","213","426","632","412","113","135","63","44","35","0","0","0","0","0","0","0","0","0","0","0","0","0","0","0","0","0","0","0","0","0","0","0","0","0","0","0","0","0","0","0","0","0","0","0","0"
"Coastal Cedar therapeutic soap 4 oz Individual ( RM-40-074-A )","Soap Cauldron","Englewood","0","920","9","-","911","-","-","","Gourmet Goods & Spa :  1.2 %","5 w","4 w","—","6  Active","Legacy","—","—","50.0 % Week  49 - 53","-","-","0","10","14","12","12","12","14","17","29","24","17","19","16","19","30","23","88","175","260","169","46","55","26","18","14","0","0","0","0","0","0","0","0","0","0","0","0","0","0","0","0","0","0","0","0","0","0","0","0","0","0","0","0","0","0","0","0","0","0","0","0"
"Night Blooming Jasmine Body Butter 2.5 oz Individual ( RM-40-077-A )","Soap Cauldron","Englewood","0","178","50","-","68","60","P02139 7/28/26","SA-40-077-A 1.0 SA-51-029-E 1.0","Gourmet Goods & Spa :  1.8 %","5 w","4 w","—","SA-40-077-A :   No SA-51-029-E :   No","Legacy","—","—","50.0 % Week  49 - 53","C-C40-REG-23-077-XXX","610","52","16","22","19","20","20","22","26","47","37","27","30","25","30","48","37","139","278","413","269","74","88","41","29","23","0","0","0","0","0","0","0","0","0","0","0","0","0","0","0","0","0","0","0","0","0","0","0","0","0","0","0","0","0","0","0","0","0","0","0","0"
"French Lavender Body Butter 2.5 oz Individual ( RM-40-078-A )","Soap Cauldron","Englewood","0","193","39","-","74","80","P02139 7/28/26","SA-40-078-A 1.0 SA-51-030-E 1.0","Gourmet Goods & Spa :  1.8 %","5 w","4 w","—","SA-40-078-A :   No SA-51-030-E :   No","Legacy","—","—","50.0 % Week  49 - 53","C-C40-REG-23-078-XXX","1,400","37","16","22","19","20","20","22","26","47","37","27","30","25","30","48","37","139","278","413","269","74","88","41","29","23","0","0","0","0","0","0","0","0","0","0","0","0","0","0","0","0","0","0","0","0","0","0","0","0","0","0","0","0","0","0","0","0","0","0","0","0"
"Mission Fig and Honey Body Butter 2.5 oz Individual ( RM-40-079-A )","Soap Cauldron","—","0","10","10","-","0","-","-","SA-40-079-A 1.0","-","5 w","4 w","—","SA-40-079-A :   No","Legacy","—","—","50.0 % Week  49 - 53","C-C40-REG-23-079-XXX","320","0","0","0","0","0","0","0","0","0","0","0","0","0","0","0","0","0","0","0","0","0","0","0","0","0","0","0","0","0","0","0","0","0","0","0","0","0","0","0","0","0","0","0","0","0","0","0","0","0","0","0","0","0","0","0","0","0","0","0","0","0"
"Meyer Lemon and Agave Body Butter 2.5 oz Individual ( RM-40-080-A )","Soap Cauldron","Englewood","0","158","28","-","80","50","P02139 7/28/26","SA-40-080-A 1.0 SA-51-032-E 1.0","Gourmet Goods & Spa :  1.3 %","5 w","4 w","—","SA-40-080-A :   No SA-51-032-E :   No","Legacy","—","—","50.0 % Week  49 - 53","C-C40-REG-23-080-XXX","455","5","11","16","13","14","14","16","19","33","26","19","21","18","21","34","26","99","197","293","191","52","62","29","20","16","0","0","0","0","0","0","0","0","0","0","0","0","0","0","0","0","0","0","0","0","0","0","0","0","0","0","0","0","0","0","0","0","0","0","0","0"
"Rose Coconut Body Butter 2.5 oz Individual ( RM-40-081-A )","Soap Cauldron","Englewood","0","206","56","-","110","40","P02139 7/28/26","SA-40-081-A 1.0 SA-51-031-E 1.0","Gourmet Goods & Spa :  1.8 %","5 w","4 w","—","SA-40-081-A :   No SA-51-031-E :   No","Legacy","—","—","50.0 % Week  49 - 53","C-C40-REG-23-081-XXX","750","24","16","22","19","20","20","22","26","47","37","27","30","25","30","48","37","139","278","413","269","74","88","41","29","23","0","0","0","0","0","0","0","0","0","0","0","0","0","0","0","0","0","0","0","0","0","0","0","0","0","0","0","0","0","0","0","0","0","0","0","0"
"Santa Rosa Plum and Nutmeg Body Butter 2.5 oz Individual ( RM-40-082-A )","Soap Cauldron","Englewood","0","108","60","-","8","40","P02139 7/28/26","SA-40-082-A 1.0 SA-51-033-E 1.0","Gourmet Goods & Spa :  0.8 %","5 w","4 w","—","SA-40-082-A :   No SA-51-033-E :   No","Legacy","—","—","50.0 % Week  49 - 53","C-C40-REG-23-082-XXX","1,100","0","7","10","8","8","8","10","11","20","16","11","13","11","13","20","16","59","119","176","115","31","38","18","12","10","0","0","0","0","0","0","0","0","0","0","0","0","0","0","0","0","0","0","0","0","0","0","0","0","0","0","0","0","0","0","0","0","0","0","0","0"
"Juniper Salve Body Butter 2.5 oz Individual ( RM-40-083-A )","Soap Cauldron","Englewood","0","135","19","-","56","60","P02139 7/28/26","SA-40-083-A 1.0 SA-51-035-E 1.0","Gourmet Goods & Spa :  1.2 %","5 w","4 w","—","SA-40-083-A :   No SA-51-035-E :   No","Legacy","—","—","50.0 % Week  49 - 53","C-C40-REG-23-083-XXX","770","10","10","14","12","12","12","14","17","29","24","17","19","16","19","30","23","88","175","260","169","46","55","26","18","14","0","0","0","0","0","0","0","0","0","0","0","0","0","0","0","0","0","0","0","0","0","0","0","0","0","0","0","0","0","0","0","0","0","0","0","0"
"Ylang Ylang and Cedar Body Butter 2.5 oz Individual ( RM-40-084-A )","Soap Cauldron","Englewood","0","136","10","-","126","-","-","SA-40-084-A 1.0 SA-51-034-E 1.0","Gourmet Goods & Spa :  1.1 %","5 w","4 w","—","SA-40-084-A :   No SA-51-034-E :   No","Legacy","—","—","50.0 % Week  49 - 53","C-C40-REG-23-084-XXX","1,400","0","9","13","11","11","11","13","15","27","21","15","17","14","17","27","21","80","160","237","155","42","51","24","16","13","0","0","0","0","0","0","0","0","0","0","0","0","0","0","0","0","0","0","0","0","0","0","0","0","0","0","0","0","0","0","0","0","0","0","0","0"
"Sweet Orange Coconut Body Butter 2.5 oz Individual ( RM-40-085-A )","Soap Cauldron","—","0","15","15","-","0","-","-","SA-40-085-A 1.0","-","5 w","4 w","—","SA-40-085-A :   No","Legacy","—","—","50.0 % Week  49 - 53","C-C40-REG-23-085-XXX","1,400","0","0","0","0","0","0","0","0","0","0","0","0","0","0","0","0","0","0","0","0","0","0","0","0","0","0","0","0","0","0","0","0","0","0","0","0","0","0","0","0","0","0","0","0","0","0","0","0","0","0","0","0","0","0","0","0","0","0","0","0","0"
"Lavender and Mexican Vanilla Body Butter 2.5 oz Individual ( RM-40-086-A )","Soap Cauldron","—","0","8","8","-","0","-","-","SA-40-086-A 1.0","-","5 w","4 w","—","SA-40-086-A :   No","Legacy","—","—","50.0 % Week  49 - 53","C-C40-REG-23-086-XXX","1,400","0","0","0","0","0","0","0","0","0","0","0","0","0","0","0","0","0","0","0","0","0","0","0","0","0","0","0","0","0","0","0","0","0","0","0","0","0","0","0","0","0","0","0","0","0","0","0","0","0","0","0","0","0","0","0","0","0","0","0","0","0"
"Chocolate Mint 4 oz Body Butter ( RM-40-091-A )","Soap Cauldron","Englewood","0","0","5","-","-142","-","-","FG-48-032-A 1.0 FG-48-033-A 1.0 SA-48-087-A 1.0 SA-51-107-E 1.0","-","5 w","4 w","—","2  Disc 2  Active","Legacy","—","—","50.0 % Week  49 - 53","-","-","0","0","0","0","0","0","0","0","0","0","0","0","0","0","0","0","0","0","0","0","0","0","0","0","0","0","0","0","0","0","0","0","0","0","0","0","0","0","0","0","0","0","0","0","0","0","0","0","0","0","0","0","0","0","0","0","0","0","0","0","0"
"Chocolate Mint Lip Soother ( RM-40-092-A )","Soap Cauldron","Englewood","0","0","5","-","-142","-","-","FG-48-032-A 1.0 FG-48-033-A 1.0 SA-48-087-A 1.0 SA-51-107-E 1.0","-","5 w","4 w","—","2  Disc 2  Active","Legacy","—","—","50.0 % Week  49 - 53","-","-","0","0","0","0","0","0","0","0","0","0","0","0","0","0","0","0","0","0","0","0","0","0","0","0","0","0","0","0","0","0","0","0","0","0","0","0","0","0","0","0","0","0","0","0","0","0","0","0","0","0","0","0","0","0","0","0","0","0","0","0","0"
"French Lavender Soap ( RM-40-095-A )","Soap Cauldron","Englewood","0","171","20","-","91","60","P02139 7/28/26","SA-51-030-E 1.0","Gourmet Goods & Spa :  1.8 %","5 w","4 w","—","SA-51-030-E :   No","Legacy","—","—","50.0 % Week  49 - 53","-","-","59","16","22","19","20","20","22","26","47","37","27","30","25","30","48","37","139","278","413","269","74","88","41","29","23","0","0","0","0","0","0","0","0","0","0","0","0","0","0","0","0","0","0","0","0","0","0","0","0","0","0","0","0","0","0","0","0","0","0","0","0"
"Rose Coconut Soap ( RM-40-096-A )","Soap Cauldron","Englewood","0","196","46","-","110","40","P02139 7/28/26","SA-51-031-E 1.0","Gourmet Goods & Spa :  1.8 %","5 w","4 w","—","SA-51-031-E :   No","Legacy","—","—","50.0 % Week  49 - 53","-","-","34","16","22","19","20","20","22","26","47","37","27","30","25","30","48","37","139","278","413","269","74","88","41","29","23","0","0","0","0","0","0","0","0","0","0","0","0","0","0","0","0","0","0","0","0","0","0","0","0","0","0","0","0","0","0","0","0","0","0","0","0"
"Santa Rosa Plum & Nutmeg Soap ( RM-40-097-A )","Soap Cauldron","Englewood","0","87","47","-","0","40","P02139 7/28/26","SA-51-033-E 1.0","Gourmet Goods & Spa :  0.8 %","5 w","4 w","—","SA-51-033-E :   No","Legacy","—","—","50.0 % Week  49 - 53","-","-","11","7","10","8","8","8","10","11","20","16","11","13","11","13","20","16","59","119","176","115","31","38","18","12","10","0","0","0","0","0","0","0","0","0","0","0","0","0","0","0","0","0","0","0","0","0","0","0","0","0","0","0","0","0","0","0","0","0","0","0","0"
"Ylang Ylang & Himalyan Cedar Soap ( RM-40-098-A )","Soap Cauldron","Englewood","0","116","-2","-","68","50","P02139 7/28/26","SA-51-034-E 1.0","Gourmet Goods & Spa :  1.1 %","5 w","4 w","—","SA-51-034-E :   No","Legacy","—","—","50.0 % Week  49 - 53","-","-","16","9","13","11","11","11","13","15","27","21","15","17","14","17","27","21","80","160","237","155","42","51","24","16","13","0","0","0","0","0","0","0","0","0","0","0","0","0","0","0","0","0","0","0","0","0","0","0","0","0","0","0","0","0","0","0","0","0","0","0","0"
"Freesia Pear Spongelle Individual ( RM-40-004-A )","Spongelle","—","0","5","5","-","0","-","-","SA-40-004-A 1.0","-","1 w","6 w","—","SA-40-004-A :   Yes","Legacy","—","—","50.0 % Week  49 - 53","C-C40-REG-23-004-XXX","-","0","0","0","0","0","0","0","0","0","0","0","0","0","0","0","0","0","0","0","0","0","0","0","0","0","0","0","0","0","0","0","0","0","0","0","0","0","0","0","0","0","0","0","0","0","0","0","0","0","0","0","0","0","0","0","0","0","0","0","0","0"
"Scheid Pinot Noir Bulk ( RM-10-167-A )","Scheid Family Wines","WCC","0","3,495","3,495","-","0","-","-","SA-10-167-A 1.0","Wine Tastings :  0.5 %","1 w","13 w","—","1  Disc 14  Active","Legacy","—","—","50.0 % Week  49 - 53","L-W10-REG-24-167","-","0","1","1","1","1","1","1","2","3","2","2","2","2","2","3","2","9","19","37","25","7","9","4","3","2","0","0","0","0","0","0","0","0","0","0","0","0","0","0","0","0","0","0","0","0","0","0","0","0","0","0","0","0","0","0","0","0","0","0","0","0"
"Scheid Rose Bulk ( RM-14-160-A )","Scheid Family Wines","—","0","0","0","-","0","-","-","SA-10-160-A 1.0","-","1 w","13 w","—","1  Disc 2  Active","Legacy","—","—","50.0 % Week  49 - 53","L-W10-REG-24-160","-","0","0","0","0","0","0","0","0","0","0","0","0","0","0","0","0","0","0","0","0","0","0","0","0","0","0","0","0","0","0","0","0","0","0","0","0","0","0","0","0","0","0","0","0","0","0","0","0","0","0","0","0","0","0","0","0","0","0","0","0","0"
"Scheid Red Blend Bulk ( RM-14-166-A )","Scheid Family Wines","WCC","0","145","145","-","0","-","-","SA-10-166-A 1.0","-","1 w","13 w","—","1  Disc 2  Active","Legacy","—","—","50.0 % Week  49 - 53","L-W10-REG-24-166","-","0","0","0","0","0","0","0","0","0","0","0","0","0","0","0","0","0","0","0","0","0","0","0","0","0","0","0","0","0","0","0","0","0","0","0","0","0","0","0","0","0","0","0","0","0","0","0","0","0","0","0","0","0","0","0","0","0","0","0","0","0"
"Spreader   ( RM-39-025-A )","Vicky","—","0","755","755","-","0","-","-","SA-39-025-A 1.0","-","5 w","12 w","—","SA-39-025-A :   No","Legacy","—","—","50.0 % Week  49 - 53","C-C40-REG-23-049-XXX","-","0","0","0","0","0","0","0","0","0","0","0","0","0","0","0","0","0","0","0","0","0","0","0","0","0","0","0","0","0","0","0","0","0","0","0","0","0","0","0","0","0","0","0","0","0","0","0","0","0","0","0","0","0","0","0","0","0","0","0","0","0"
"Spoon  ( RM-39-026-A )","Vicky","—","0","770","755","-","15","-","-","SA-39-025-A 1.0","-","5 w","12 w","—","SA-39-025-A :   No","Legacy","—","—","50.0 % Week  49 - 53","C-C40-REG-23-049-XXX","-","0","0","0","0","0","0","0","0","0","0","0","0","0","0","0","0","0","0","0","0","0","0","0","0","0","0","0","0","0","0","0","0","0","0","0","0","0","0","0","0","0","0","0","0","0","0","0","0","0","0","0","0","0","0","0","0","0","0","0","0","0"
"Bamboo Soap Dish Individual ( RM-40-049-A )","Vicky","Englewood","0","5,070","78","-","4,992","-","-","","Gourmet Goods & Spa :  2.2 %","5 w","12 w","—","10  Active","Legacy","—","—","50.0 % Week  49 - 53","C-C40-REG-23-049-XXX","-","0","40","54","46","48","48","54","64","112","90","66","74","60","72","116","90","338","676","1002","654","178","214","100","70","54","0","0","0","0","0","0","0","0","0","0","0","0","0","0","0","0","0","0","0","0","0","0","0","0","0","0","0","0","0","0","0","0","0","0","0","0"
"Wooden spoon Individual ( RM-39-070-A )","Amazon","Englewood","0","1,109","811","-","298","-","-","","Gourmet Goods & Spa :  6.2 %","4 w","6 w","—","23  Active","Legacy","—","—","50.0 % Week  49 - 53","-","-","0","55","76","64","67","67","76","90","158","127","91","102","84","101","161","125","472","944","1401","913","250","299","140","97","77","0","0","0","0","0","0","0","0","0","0","0","0","0","0","0","0","0","0","0","0","0","0","0","0","0","0","0","0","0","0","0","0","0","0","0","0"
"Pinch Bowl ( RM-39-080-A )","Amazon","Englewood","0","1,063","811","-","156","96","P02123 7/20/26","","Gourmet Goods & Spa :  6.2 %","4 w","6 w","—","7  Active","Legacy","—","—","50.0 % Week  49 - 53","-","-","0","55","76","64","67","67","76","90","158","127","91","102","84","101","161","125","472","944","1401","913","250","299","140","97","77","0","0","0","0","0","0","0","0","0","0","0","0","0","0","0","0","0","0","0","0","0","0","0","0","0","0","0","0","0","0","0","0","0","0","0","0"
"metal spreader ( RM-39-096-A )","Amazon","Englewood","0","2,205","1,930","-","207","68","P02123 7/20/26","","Gourmet Goods & Spa :  10.8 %","4 w","6 w","—","9  Active","Legacy","—","—","50.0 % Week  49 - 53","-","-","0","95","131","111","116","116","131","154","272","218","157","176","145","174","278","216","814","1626","2414","1573","431","515","241","167","132","0","0","0","0","0","0","0","0","0","0","0","0","0","0","0","0","0","0","0","0","0","0","0","0","0","0","0","0","0","0","0","0","0","0","0","0"
"wood handler spreader ( RM-39-097-A )","Amazon","Englewood","0","1,487","1,418","-","69","-","-","","Gourmet Goods & Spa :  7.2 %","4 w","6 w","—","2  Disc 6  Active","Legacy","—","—","50.0 % Week  49 - 53","-","-","0","63","87","74","77","78","88","103","182","146","105","118","97","117","186","145","545","1089","1616","1053","289","345","161","112","89","0","0","0","0","0","0","0","0","0","0","0","0","0","0","0","0","0","0","0","0","0","0","0","0","0","0","0","0","0","0","0","0","0","0","0","0"
"Exfoliating Loofah Pad ( RM-40-107-A )","Amazon","Englewood","0","969","495","-","474","-","-","","Gourmet Goods & Spa :  8.9 %","4 w","6 w","—","8  Active","Legacy","—","—","50.0 % Week  49 - 53","-","-","267","78","108","91","95","95","108","127","224","180","129","145","120","144","229","178","670","1340","1988","1296","355","424","198","138","109","0","0","0","0","0","0","0","0","0","0","0","0","0","0","0","0","0","0","0","0","0","0","0","0","0","0","0","0","0","0","0","0","0","0","0","0"
"Desert Wind Cabernet Sauvignon Bulk ( RM-14-163-A )","Desert Wind Winery","—","0","0","0","-","0","-","-","SA-10-163-A 1.0","-","4 w","14 w","—","3  Active","Legacy","—","—","50.0 % Week  49 - 53","L-W10-REG-24-163","-","0","0","0","0","0","0","0","0","0","0","0","0","0","0","0","0","0","0","0","0","0","0","0","0","0","0","0","0","0","0","0","0","0","0","0","0","0","0","0","0","0","0","0","0","0","0","0","0","0","0","0","0","0","0","0","0","0","0","0","0","0"
"Wish Street Red Blend Bulk ( RM-14-164-A )","Desert Wind Winery","—","0","0","0","-","0","-","-","SA-10-164-A 1.0","-","4 w","14 w","—","3  Active","Legacy","—","—","50.0 % Week  49 - 53","L-W10-REG-24-164","-","0","0","0","0","0","0","0","0","0","0","0","0","0","0","0","0","0","0","0","0","0","0","0","0","0","0","0","0","0","0","0","0","0","0","0","0","0","0","0","0","0","0","0","0","0","0","0","0","0","0","0","0","0","0","0","0","0","0","0","0","0"
"Desert Wind Merlot Bulk ( RM-14-165-A )","Desert Wind Winery","WCC","0","0","0","-","0","-","-","SA-10-165-A 1.0","Wine Tastings :  1.3 %","4 w","14 w","—","5  Active","Legacy","—","—","50.0 % Week  49 - 53","L-W10-REG-24-165","-","226","2","4","3","3","3","3","4","7","6","4","5","4","5","7","6","23","46","90","61","16","22","9","6","6","0","0","0","0","0","0","0","0","0","0","0","0","0","0","0","0","0","0","0","0","0","0","0","0","0","0","0","0","0","0","0","0","0","0","0","0"
"StrawberryCharm Individual  ( RM-06-102-A )","DoreenBeads","—","0","10","10","-","0","-","-","SA-06-102-A 1.0","-","4 w","14 w","—","SA-06-102-A :   No","Legacy","—","—","50.0 % Week  49 - 53","-","-","0","0","0","0","0","0","0","0","0","0","0","0","0","0","0","0","0","0","0","0","0","0","0","0","0","0","0","0","0","0","0","0","0","0","0","0","0","0","0","0","0","0","0","0","0","0","0","0","0","0","0","0","0","0","0","0","0","0","0","0","0"
"YellowFlowerCharm Individual  ( RM-06-103-A )","DoreenBeads","Englewood","0","3","3","-","0","-","-","SA-06-103-A 1.0","-","4 w","14 w","—","SA-06-103-A :   Yes","Legacy","—","—","50.0 % Week  49 - 53","-","-","0","0","0","0","0","0","0","0","0","0","0","0","0","0","0","0","0","0","0","0","0","0","0","0","0","0","0","0","0","0","0","0","0","0","0","0","0","0","0","0","0","0","0","0","0","0","0","0","0","0","0","0","0","0","0","0","0","0","0","0","0"
"Vinebox Sauvignon Blanc Bulk ( RM-14-287-A )","Estate Crush","WCC","0","358","358","-","0","-","-","SA-14-287-A 1.0","Large Wine :  9.4 %","4 w","14 w","—","SA-14-287-A :   No","Legacy","—","—","50.0 % Week  49 - 53","-","-","0","2","2","3","2","2","3","3","6","5","3","3","3","5","6","5","37","67","157","121","33","33","17","9","8","0","0","0","0","0","0","0","0","0","0","0","0","0","0","0","0","0","0","0","0","0","0","0","0","0","0","0","0","0","0","0","0","0","0","0","0"
"Martini Soap Sponge Individual ( RM-40-059-A )","Faire","Englewood","0","60","13","-","47","-","-","","Gourmet Goods & Spa :  4.2 %","4 w","8 w","—","18  Active","Legacy","—","—","0 % Week  49 - 53","-","-","659","37","52","44","46","46","52","61","107","86","62","69","57","69","110","85","214","428","635","414","170","203","95","66","52","0","0","0","0","0","0","0","0","0","0","0","0","0","0","0","0","0","0","0","0","0","0","0","0","0","0","0","0","0","0","0","0","0","0","0","0"
"Purple Crochet Heart Individual ( RM-40-060-A )","Faire","Englewood","0","675","5","-","670","-","-","","Gourmet Goods & Spa :  2.3 %","4 w","8 w","—","5  Active","Legacy","—","—","0 % Week  49 - 53","-","-","0","20","28","24","25","25","28","33","59","47","34","38","31","38","60","47","117","234","348","227","93","111","52","36","29","0","0","0","0","0","0","0","0","0","0","0","0","0","0","0","0","0","0","0","0","0","0","0","0","0","0","0","0","0","0","0","0","0","0","0","0"
"Yellow Crochet Heart Individual ( RM-40-063-A )","Faire","Englewood","0","74","47","-","27","-","-","","Gourmet Goods & Spa :  0.8 %","4 w","8 w","—","5  Active","Legacy","—","—","0 % Week  49 - 53","-","-","59","7","10","8","8","8","10","11","20","16","11","13","11","13","20","16","40","79","117","76","31","38","18","12","10","0","0","0","0","0","0","0","0","0","0","0","0","0","0","0","0","0","0","0","0","0","0","0","0","0","0","0","0","0","0","0","0","0","0","0","0"
"Blue Crochet Heart Individual ( RM-40-064-A )","Faire","Englewood","0","215","5","-","210","-","-","","Gourmet Goods & Spa :  1.5 %","4 w","8 w","—","5  Active","Legacy","—","—","0 % Week  49 - 53","-","-","40","13","18","15","16","16","18","22","38","31","22","25","20","24","39","30","76","152","225","147","60","72","34","23","19","0","0","0","0","0","0","0","0","0","0","0","0","0","0","0","0","0","0","0","0","0","0","0","0","0","0","0","0","0","0","0","0","0","0","0","0"
"Formulary 55 Ocean and Oakmoss 6 oz soap Individual ( RM-40-066-A )","Faire","Englewood","0","18","5","-","13","-","-","FG-48-008-A 1.0 FG-48-009-A 1.0 SA-48-061-A 1.0 SA-51-105-E 1.0","Gourmet Goods & Spa :  1.2 %","4 w","8 w","—","4  Active","Legacy","—","—","0 % Week  49 - 53","-","-","189","11","15","13","13","13","15","18","31","25","18","20","17","20","32","25","62","123","183","119","49","58","27","19","15","0","0","0","0","0","0","0","0","0","0","0","0","0","0","0","0","0","0","0","0","0","0","0","0","0","0","0","0","0","0","0","0","0","0","0","0"
"Sea Sponge Individual ( RM-40-067-A )","Faire","—","0","0","10","-","-240","-","-","","-","4 w","8 w","—","6  Active","Legacy","—","—","0 % Week  49 - 53","-","-","0","0","0","0","0","0","0","0","0","0","0","0","0","0","0","0","0","0","0","0","0","0","0","0","0","0","0","0","0","0","0","0","0","0","0","0","0","0","0","0","0","0","0","0","0","0","0","0","0","0","0","0","0","0","0","0","0","0","0","0","0"
"Formulary 55 Apiary 6 oz soap Individual ( RM-40-072-A )","Faire","Englewood","0","0","1","-","-118","-","-","","Gourmet Goods & Spa :  1.2 %","4 w","8 w","—","5  Active","Legacy","—","—","0 % Week  49 - 53","-","-","321","11","15","12","13","13","15","17","30","24","18","20","16","20","31","24","61","121","180","117","48","58","27","19","15","0","0","0","0","0","0","0","0","0","0","0","0","0","0","0","0","0","0","0","0","0","0","0","0","0","0","0","0","0","0","0","0","0","0","0","0"
"Green Crochet Heart Individual ( RM-40-075-A )","Faire","Englewood","0","298","142","-","156","-","-","","Gourmet Goods & Spa :  10.9 %","4 w","8 w","—","14  Active","Legacy","—","—","0 % Week  49 - 53","-","-","1540","96","132","112","117","117","132","156","274","220","158","178","147","176","280","218","548","1094","1624","1059","435","519","243","169","134","0","0","0","0","0","0","0","0","0","0","0","0","0","0","0","0","0","0","0","0","0","0","0","0","0","0","0","0","0","0","0","0","0","0","0","0"
"Red Crochet Heart Individual ( RM-40-076-A )","Faire","—","0","143","-1","-","144","-","-","","-","4 w","8 w","—","1  Disc 7  Active","Legacy","—","—","0 % Week  49 - 53","-","-","0","0","0","0","0","0","0","0","0","0","0","0","0","0","0","0","0","0","0","0","0","0","0","0","0","0","0","0","0","0","0","0","0","0","0","0","0","0","0","0","0","0","0","0","0","0","0","0","0","0","0","0","0","0","0","0","0","0","0","0","0"
"Fuzzy Socks ( RM-40-094-A )","Faire","Englewood","0","0","2","-","-32","-","-","FG-48-035-A 1.0 FG-48-036-A 1.0 SA-48-092-A 1.0 SA-51-119-E 1.0","Gourmet Goods & Spa :  2.8 %","4 w","8 w","—","4  Active","Legacy","—","—","0 % Week  49 - 53","-","-","507","25","34","29","30","30","34","40","71","57","41","46","38","46","73","57","142","284","421","275","113","135","63","44","35","0","0","0","0","0","0","0","0","0","0","0","0","0","0","0","0","0","0","0","0","0","0","0","0","0","0","0","0","0","0","0","0","0","0","0","0"
"Annies Caramel Sticks ( RM-48-200-A )","Faire","—","0","4,304","-16","-","4,320","-","-","FG-48-015-A 0.1 SA-39-075-A 0.1","-","4 w","8 w","—","3  Active","Legacy","—","—","0 % Week  49 - 53","-","-","0","0","0","0","0","0","0","0","0","0","0","0","0","0","0","0","0","0","0","0","0","0","0","0","0","0","0","0","0","0","0","0","0","0","0","0","0","0","0","0","0","0","0","0","0","0","0","0","0","0","0","0","0","0","0","0","0","0","0","0","0"
"Vinebox Petit Sirah Bulk ( RM-14-286-A )","Hobo Wines","WCC","0","334","334","-","0","-","-","SA-14-286-A 1.0","Large Wine :  7.1 %","4 w","14 w","—","SA-14-286-A :   No","Legacy","—","—","50.0 % Week  49 - 53","-","-","0","2","2","2","2","2","2","2","4","4","2","2","3","4","4","4","28","51","120","93","25","25","13","7","6","0","0","0","0","0","0","0","0","0","0","0","0","0","0","0","0","0","0","0","0","0","0","0","0","0","0","0","0","0","0","0","0","0","0","0","0"
"Happy Flowers Individual ( RM-01-149-A )","Nordic Bangers","—","0 lb","3 lb","0","-","3 lb","-","-","SA-01-149-A 5.0","-","4 w","14 w","—","SA-01-149-A :   Yes","Legacy","—","—","50.0 % Week  49 - 53","L-A01-REG-25-149-XXX","2,199","0","0","0","0","0","0","0","0","0","0","0","0","0","0","0","0","0","0","0","0","0","0","0","0","0","0","0","0","0","0","0","0","0","0","0","0","0","0","0","0","0","0","0","0","0","0","0","0","0","0","0","0","0","0","0","0","0","0","0","0","0"
"Swedish Sour Skulls Individual ( RM-01-150-A )","Nordic Bangers","—","0 lb","0 lb","0","-","0 lb","-","-","SA-01-150-A 4.0","-","4 w","14 w","—","SA-01-150-A :   Yes","Legacy","—","—","50.0 % Week  49 - 53","L-A01-REG-25-150-XXX","2,846","0","0","0","0","0","0","0","0","0","0","0","0","0","0","0","0","0","0","0","0","0","0","0","0","0","0","0","0","0","0","0","0","0","0","0","0","0","0","0","0","0","0","0","0","0","0","0","0","0","0","0","0","0","0","0","0","0","0","0","0","0"
"Cola Pacifier Individual ( RM-01-151-A )","Nordic Bangers","Englewood","0 lb","93 lb","0","-","93 lb","-","-","SA-01-151-A 4.0","-","4 w","14 w","—","SA-01-151-A :   Yes","Legacy","—","—","50.0 % Week  49 - 53","L-A01-REG-25-151-XXX","2,001","0","0","0","0","0","0","0","0","0","0","0","0","0","0","0","0","0","0","0","0","0","0","0","0","0","0","0","0","0","0","0","0","0","0","0","0","0","0","0","0","0","0","0","0","0","0","0","0","0","0","0","0","0","0","0","0","0","0","0","0","0"
"Foam Mushrooms Individual ( RM-01-152-A )","Nordic Bangers","Englewood","0 lb","8 lb","0","-","8 lb","-","-","SA-01-152-A 7.7","-","4 w","14 w","—","SA-01-152-A :   Yes","Legacy","—","—","50.0 % Week  49 - 53","L-A01-REG-25-152-XXX","1,002","0","0","0","0","0","0","0","0","0","0","0","0","0","0","0","0","0","0","0","0","0","0","0","0","0","0","0","0","0","0","0","0","0","0","0","0","0","0","0","0","0","0","0","0","0","0","0","0","0","0","0","0","0","0","0","0","0","0","0","0","0"
"Grahn's Berries Individual ( RM-01-153-A )","Nordic Bangers","—","0 lb","0 lb","0","-","0 lb","-","-","SA-01-153-A 3.8","-","4 w","14 w","—","SA-01-153-A :   Yes","Legacy","—","—","50.0 % Week  49 - 53","L-A01-REG-25-153-XXX","2,861","0","0","0","0","0","0","0","0","0","0","0","0","0","0","0","0","0","0","0","0","0","0","0","0","0","0","0","0","0","0","0","0","0","0","0","0","0","0","0","0","0","0","0","0","0","0","0","0","0","0","0","0","0","0","0","0","0","0","0","0","0"
"Sour Peach Gummy S-Ovals Individual ( RM-01-154-A )","Nordic Bangers","—","0 lb","11 lb","0","-","11 lb","-","-","SA-01-154-A 3.3","-","4 w","14 w","—","SA-01-154-A :   Yes","Legacy","—","—","50.0 % Week  49 - 53","L-A01-REG-25-154-XXX","1,038","0","0","0","0","0","0","0","0","0","0","0","0","0","0","0","0","0","0","0","0","0","0","0","0","0","0","0","0","0","0","0","0","0","0","0","0","0","0","0","0","0","0","0","0","0","0","0","0","0","0","0","0","0","0","0","0","0","0","0","0","0"
"Sour Swedish Fish Individual ( RM-01-155-A )","Nordic Bangers","—","0 lb","0 lb","0","-","0 lb","-","-","SA-01-155-A 3.8","-","4 w","14 w","—","SA-01-155-A :   Yes","Legacy","—","—","50.0 % Week  49 - 53","L-A01-REG-25-155-XXX","2,623","0","0","0","0","0","0","0","0","0","0","0","0","0","0","0","0","0","0","0","0","0","0","0","0","0","0","0","0","0","0","0","0","0","0","0","0","0","0","0","0","0","0","0","0","0","0","0","0","0","0","0","0","0","0","0","0","0","0","0","0","0"
"Astra Sour Watermelons Individual ( RM-01-156-A )","Nordic Bangers","Englewood","0 lb","321 lb","0","-","321 lb","-","-","SA-01-156-A 3.3","-","4 w","14 w","—","SA-01-156-A :   Yes","Legacy","—","—","50.0 % Week  49 - 53","L-A01-REG-25-156-XXX","1,803","0","0","0","0","0","0","0","0","0","0","0","0","0","0","0","0","0","0","0","0","0","0","0","0","0","0","0","0","0","0","0","0","0","0","0","0","0","0","0","0","0","0","0","0","0","0","0","0","0","0","0","0","0","0","0","0","0","0","0","0","0"
"Swedish Gummy Cats Individual ( RM-01-160-A )","Nordic Bangers","—","0 lb","0 lb","0","-","-77 lb","-","-","SA-01-160-A 3.3","-","4 w","14 w","—","SA-01-160-A :   Yes","Legacy","—","—","50.0 % Week  49 - 53","L-A01-REG-25-160-XXX","1,460","0","0","0","0","0","0","0","0","0","0","0","0","0","0","0","0","0","0","0","0","0","0","0","0","0","0","0","0","0","0","0","0","0","0","0","0","0","0","0","0","0","0","0","0","0","0","0","0","0","0","0","0","0","0","0","0","0","0","0","0","0"
"Pastel Berries Individual ( RM-01-162-A )","Nordic Bangers","—","0 lb","0 lb","0","-","0 lb","-","-","SA-01-162-A 3.4","-","4 w","14 w","—","SA-01-162-A :   No","Legacy","—","—","50.0 % Week  49 - 53","L-A01-REG-24-162-XXX","1,027","0","0","0","0","0","0","0","0","0","0","0","0","0","0","0","0","0","0","0","0","0","0","0","0","0","0","0","0","0","0","0","0","0","0","0","0","0","0","0","0","0","0","0","0","0","0","0","0","0","0","0","0","0","0","0","0","0","0","0","0","0"
"Gummy Flowers Individual ( RM-01-163-A )","Nordic Bangers","Englewood","0 lb","197 lb","10","-","186 lb","-","-","SA-01-163-A 3.4","-","4 w","14 w","—","SA-01-163-A :   Yes","Legacy","—","—","50.0 % Week  49 - 53","L-A01-REG-24-163-XXX","735","0","0","0","0","0","0","0","0","0","0","0","0","0","0","0","0","0","0","0","0","0","0","0","0","0","0","0","0","0","0","0","0","0","0","0","0","0","0","0","0","0","0","0","0","0","0","0","0","0","0","0","0","0","0","0","0","0","0","0","0","0"
"Pastel Sour Gummy Bears Individual ( RM-01-164-A )","Nordic Bangers","Englewood","0 lb","186 lb","11","-","175 lb","-","-","SA-01-164-A 3.4","-","4 w","14 w","—","SA-01-164-A :   Yes","Legacy","—","—","50.0 % Week  49 - 53","L-A01-REG-24-164-XXX","658","0","0","0","0","0","0","0","0","0","0","0","0","0","0","0","0","0","0","0","0","0","0","0","0","0","0","0","0","0","0","0","0","0","0","0","0","0","0","0","0","0","0","0","0","0","0","0","0","0","0","0","0","0","0","0","0","0","0","0","0","0"
"Sour Pineapple Rings ( RM-01-165-A )","Nordic Bangers","—","0 lb","0 lb","0","-","0 lb","-","-","SA-01-165-A 3.4","-","4 w","14 w","—","SA-01-165-A :   Yes","Legacy","—","—","50.0 % Week  49 - 53","L-A01-REG-25-165-XXX","3,150","0","0","0","0","0","0","0","0","0","0","0","0","0","0","0","0","0","0","0","0","0","0","0","0","0","0","0","0","0","0","0","0","0","0","0","0","0","0","0","0","0","0","0","0","0","0","0","0","0","0","0","0","0","0","0","0","0","0","0","0","0"
"Foam Strawberry Skulls ( RM-01-166-A )","Nordic Bangers","Englewood","0 lb","234 lb","0","-","234 lb","-","-","SA-01-166-A 3.4","-","4 w","14 w","—","SA-01-166-A :   Yes","Legacy","—","—","50.0 % Week  49 - 53","L-A01-REG-25-166-XXX","1,494","0","0","0","0","0","0","0","0","0","0","0","0","0","0","0","0","0","0","0","0","0","0","0","0","0","0","0","0","0","0","0","0","0","0","0","0","0","0","0","0","0","0","0","0","0","0","0","0","0","0","0","0","0","0","0","0","0","0","0","0","0"
"Strawberry Licorice Carpets ( RM-01-167-A )","Nordic Bangers","—","0 lb","0 lb","0","-","0 lb","-","-","SA-01-167-A 4.2","-","4 w","14 w","—","SA-01-167-A :   No","Legacy","—","—","50.0 % Week  49 - 53","L-A01-REG-24-167-XXX","3,679","0","0","0","0","0","0","0","0","0","0","0","0","0","0","0","0","0","0","0","0","0","0","0","0","0","0","0","0","0","0","0","0","0","0","0","0","0","0","0","0","0","0","0","0","0","0","0","0","0","0","0","0","0","0","0","0","0","0","0","0","0"
"Banana Caramel Bubs ( RM-01-168-A )","Nordic Bangers","Englewood","0 lb","200 lb","0","-","200 lb","-","-","SA-01-168-A 1.0","-","4 w","14 w","—","SA-01-168-A :   Yes","Legacy","—","—","50.0 % Week  49 - 53","L-A01-REG-24-168-XXX","1,044","0","0","0","0","0","0","0","0","0","0","0","0","0","0","0","0","0","0","0","0","0","0","0","0","0","0","0","0","0","0","0","0","0","0","0","0","0","0","0","0","0","0","0","0","0","0","0","0","0","0","0","0","0","0","0","0","0","0","0","0","0"
"Mini Sour Pear Bubs ( RM-01-169-A )","Nordic Bangers","Englewood","0 lb","367 lb","0","-","367 lb","-","-","SA-01-169-A 1.0","-","4 w","14 w","—","SA-01-169-A :   Yes","Legacy","—","—","50.0 % Week  49 - 53","L-A01-REG-24-169-XXX","1,260","0","0","0","0","0","0","0","0","0","0","0","0","0","0","0","0","0","0","0","0","0","0","0","0","0","0","0","0","0","0","0","0","0","0","0","0","0","0","0","0","0","0","0","0","0","0","0","0","0","0","0","0","0","0","0","0","0","0","0","0","0"
"Fried Green Peas Bulk ( RM-05-026-A )","Red River Foods","—","0 lb","0 lb","9","-","-20 lb","-","-","SA-05-026-A 6.3","-","1 w","7 w","—","SA-05-026-A :   Yes","Legacy","—","—","50.0 % Week  49 - 53","L-A05-REG-22-026-XXX","-","0","0","0","0","0","0","0","0","0","0","0","0","0","0","0","0","0","0","0","0","0","0","0","0","0","0","0","0","0","0","0","0","0","0","0","0","0","0","0","0","0","0","0","0","0","0","0","0","0","0","0","0","0","0","0","0","0","0","0","0","0"
"Shannon Ridge Chardonnay Bulk ( RM-14-156-A )","Shannon Family of Wines","WCC","0","39","39","-","0","-","-","SA-10-156-A 1.0","-","1 w","2 w","—","1  Disc 4  Active","Legacy","—","—","50.0 % Week  49 - 53","L-W10-REG-24-156","-","0","0","0","0","0","0","0","0","0","0","0","0","0","0","0","0","0","0","0","0","0","0","0","0","0","0","0","0","0","0","0","0","0","0","0","0","0","0","0","0","0","0","0","0","0","0","0","0","0","0","0","0","0","0","0","0","0","0","0","0","0"
"Shannon Ridge Pinot Gris Bulk ( RM-14-157-A )","Shannon Family of Wines","WCC","0","490","490","-","0","-","-","SA-10-157-A 1.0","Wine Tastings :  1.2 %","1 w","2 w","—","SA-10-157-A :   No SA-14-157-A :   No","Legacy","—","—","50.0 % Week  49 - 53","L-W10-REG-24-157","-","0","2","3","3","3","3","3","4","7","6","4","4","4","4","7","5","21","43","84","57","15","20","8","6","6","0","0","0","0","0","0","0","0","0","0","0","0","0","0","0","0","0","0","0","0","0","0","0","0","0","0","0","0","0","0","0","0","0","0","0","0"
"Shannon Ridge Grenache Rose Bulk ( RM-14-159-A )","Shannon Family of Wines","—","0","491","491","-","0","-","-","SA-10-159-A 1.0","-","1 w","2 w","—","5  Active","Legacy","—","—","50.0 % Week  49 - 53","L-W10-REG-24-159","-","0","0","0","0","0","0","0","0","0","0","0","0","0","0","0","0","0","0","0","0","0","0","0","0","0","0","0","0","0","0","0","0","0","0","0","0","0","0","0","0","0","0","0","0","0","0","0","0","0","0","0","0","0","0","0","0","0","0","0","0","0"
"Birque d'Or Merlot Bulk ( RM-10-148-A )","Tubes","WCC","0","198","198","-","0","-","-","SA-10-148-A 1.0","-","4 w","14 w","—","6  Active","Legacy","—","—","50.0 % Week  49 - 53","-","-","0","0","0","0","0","0","0","0","0","0","0","0","0","0","0","0","0","0","0","0","0","0","0","0","0","0","0","0","0","0","0","0","0","0","0","0","0","0","0","0","0","0","0","0","0","0","0","0","0","0","0","0","0","0","0","0","0","0","0","0","0"
"Marques de la Carrasca Bulk ( RM-10-149-A )","Tubes","—","0","93","93","-","0","-","-","SA-10-149-A 1.0","-","4 w","14 w","—","6  Active","Legacy","—","—","50.0 % Week  49 - 53","-","-","0","0","0","0","0","0","0","0","0","0","0","0","0","0","0","0","0","0","0","0","0","0","0","0","0","0","0","0","0","0","0","0","0","0","0","0","0","0","0","0","0","0","0","0","0","0","0","0","0","0","0","0","0","0","0","0","0","0","0","0","0"
"Casa Vinicola Botter Carlo Bulk ( RM-10-150-A )","Tubes","—","0","38","38","-","0","-","-","SA-10-150-A 1.0","-","4 w","14 w","—","6  Active","Legacy","—","—","50.0 % Week  49 - 53","-","-","0","0","0","0","0","0","0","0","0","0","0","0","0","0","0","0","0","0","0","0","0","0","0","0","0","0","0","0","0","0","0","0","0","0","0","0","0","0","0","0","0","0","0","0","0","0","0","0","0","0","0","0","0","0","0","0","0","0","0","0","0"
"Castillo de Aresan Tempranillo Bulk ( RM-10-151-A )","Tubes","—","0","156","156","-","0","-","-","SA-10-151-A 1.0","-","4 w","14 w","—","5  Active","Legacy","—","—","50.0 % Week  49 - 53","-","-","0","0","0","0","0","0","0","0","0","0","0","0","0","0","0","0","0","0","0","0","0","0","0","0","0","0","0","0","0","0","0","0","0","0","0","0","0","0","0","0","0","0","0","0","0","0","0","0","0","0","0","0","0","0","0","0","0","0","0","0","0"
"Nero Marone Primitivo Bulk ( RM-10-152-A )","Tubes","—","0","73","73","-","0","-","-","SA-10-152-A 1.0","-","4 w","14 w","—","FG-10-234-A :   No SA-10-152-A :   No","Legacy","—","—","50.0 % Week  49 - 53","-","-","0","0","0","0","0","0","0","0","0","0","0","0","0","0","0","0","0","0","0","0","0","0","0","0","0","0","0","0","0","0","0","0","0","0","0","0","0","0","0","0","0","0","0","0","0","0","0","0","0","0","0","0","0","0","0","0","0","0","0","0","0"
"Horacio Simoes Castelao Bulk ( RM-10-153-A )","Tubes","—","0","37","37","-","0","-","-","SA-10-153-A 1.0","-","4 w","14 w","—","4  Active","Legacy","—","—","50.0 % Week  49 - 53","-","-","0","0","0","0","0","0","0","0","0","0","0","0","0","0","0","0","0","0","0","0","0","0","0","0","0","0","0","0","0","0","0","0","0","0","0","0","0","0","0","0","0","0","0","0","0","0","0","0","0","0","0","0","0","0","0","0","0","0","0","0","0"
"Bojador Red Blend Bulk ( RM-10-154-A )","Tubes","WCC","0","10","10","-","0","-","-","SA-10-154-A 1.0","Wine Tastings :  2.6 %","4 w","14 w","—","4  Active","Legacy","—","—","50.0 % Week  49 - 53","-","-","437","5","7","6","6","6","7","8","15","12","8","9","8","9","14","11","45","92","178","121","32","43","18","13","12","0","0","0","0","0","0","0","0","0","0","0","0","0","0","0","0","0","0","0","0","0","0","0","0","0","0","0","0","0","0","0","0","0","0","0","0"
"Quinta Do Monte Travesslo Bulk ( RM-10-155-A )","Tubes","—","0","61","61","-","0","-","-","SA-10-155-A 1.0","-","4 w","14 w","—","3  Active","Legacy","—","—","50.0 % Week  49 - 53","-","-","0","0","0","0","0","0","0","0","0","0","0","0","0","0","0","0","0","0","0","0","0","0","0","0","0","0","0","0","0","0","0","0","0","0","0","0","0","0","0","0","0","0","0","0","0","0","0","0","0","0","0","0","0","0","0","0","0","0","0","0","0"
"Snowflake Felt Coasters Individual ( RM-21-078-A )","Vicky (La Xiu) Chen - China Factories' Rep","—","0","104","104","-","0","-","-","SA-21-078-A 0.3","-","4 w","14 w","—","SA-21-078-A :   No","Legacy","—","—","50.0 % Week  49 - 53","C-CXX-REG-22-XXX-XXX","16,260","0","0","0","0","0","0","0","0","0","0","0","0","0","0","0","0","0","0","0","0","0","0","0","0","0","0","0","0","0","0","0","0","0","0","0","0","0","0","0","0","0","0","0","0","0","0","0","0","0","0","0","0","0","0","0","0","0","0","0","0","0"
"Vinum Chenin Blanc Bulk ( RM-14-158-A )","Vinum Cellars","—","0","0","0","-","0","-","-","SA-10-158-A 1.0","-","4 w","14 w","—","SA-10-158-A :   No SA-14-158-A :   No","Legacy","—","—","50.0 % Week  49 - 53","L-W10-REG-24-158","-","0","0","0","0","0","0","0","0","0","0","0","0","0","0","0","0","0","0","0","0","0","0","0","0","0","0","0","0","0","0","0","0","0","0","0","0","0","0","0","0","0","0","0","0","0","0","0","0","0","0","0","0","0","0","0","0","0","0","0","0","0"
"Vinum Petite Sirah Bulk ( RM-14-161-A )","Vinum Cellars","—","0","194","194","-","0","-","-","SA-10-161-A 1.0","-","4 w","14 w","—","9  Active","Legacy","—","—","50.0 % Week  49 - 53","L-W10-REG-24-161","-","0","0","0","0","0","0","0","0","0","0","0","0","0","0","0","0","0","0","0","0","0","0","0","0","0","0","0","0","0","0","0","0","0","0","0","0","0","0","0","0","0","0","0","0","0","0","0","0","0","0","0","0","0","0","0","0","0","0","0","0","0"
"Vinum Pinot Noir Bulk ( RM-14-162-A )","Vinum Cellars","WCC","0","86","86","-","0","-","-","SA-10-162-A 1.0","-","4 w","14 w","—","7  Active","Legacy","—","—","50.0 % Week  49 - 53","L-W10-REG-24-162","-","0","0","0","0","0","0","0","0","0","0","0","0","0","0","0","0","0","0","0","0","0","0","0","0","0","0","0","0","0","0","0","0","0","0","0","0","0","0","0","0","0","0","0","0","0","0","0","0","0","0","0","0","0","0","0","0","0","0","0","0","0"
"Pumpkin and Cranberry Tiny Bones Bulk ( RM-06-011-A )","disc-The Pound Bakery","Englewood","0 lb","0 lb","0","-","-7 lb","-","-","SA-06-011-A 6.7","-","0 w","0 w","—","SA-06-011-A :   Yes","Legacy","—","—","50.0 % Week  49 - 53","L-A06-REG-24-011-XXX","701","0","0","0","0","0","0","0","0","0","0","0","0","0","0","0","0","0","0","0","0","0","0","0","0","0","0","0","0","0","0","0","0","0","0","0","0","0","0","0","0","0","0","0","0","0","0","0","0","0","0","0","0","0","0","0","0","0","0","0","0","0"
"RM-01-024-A ( RM-01-024-A )","Not set","—","0 lb","144 lb","204","-","-60 lb","-","-","SA-01-024-A Infinity","-","0 w","0 w","—","SA-01-024-A :   No","Legacy","—","—","50.0 % Week  49 - 53","L-A01-REG-22-024-XXX","-","0","0","0","0","0","0","0","0","0","0","0","0","0","0","0","0","0","0","0","0","0","0","0","0","0","0","0","0","0","0","0","0","0","0","0","0","0","0","0","0","0","0","0","0","0","0","0","0","0","0","0","0","0","0","0","0","0","0","0","0","0"
"Snow Day Gummies Bulk ( RM-01-183-A )","Not set","—","0","1,000","0","-","0","1,000","P02030 5/21/26","SA-01-183-A","-","0 w","0 w","—","-","Legacy","—","—","50.0 % Week  49 - 53","-","-","0","0","0","0","0","0","0","0","0","0","0","0","0","0","0","0","0","0","0","0","0","0","0","0","0","0","0","0","0","0","0","0","0","0","0","0","0","0","0","0","0","0","0","0","0","0","0","0","0","0","0","0","0","0","0","0","0","0","0","0","0"
"Sconza Cookie Bites – Peppermint Bulk ( RM-01-184-A )","Not set","—","0","460","0","-","0","460","P02027 5/20/26","SA-01-184-A","-","0 w","0 w","—","-","Legacy","—","—","50.0 % Week  49 - 53","-","-","0","0","0","0","0","0","0","0","0","0","0","0","0","0","0","0","0","0","0","0","0","0","0","0","0","0","0","0","0","0","0","0","0","0","0","0","0","0","0","0","0","0","0","0","0","0","0","0","0","0","0","0","0","0","0","0","0","0","0","0","0"
"Sconza Cookie Bites – Sugar Cookie Bulk ( RM-01-185-A )","Not set","—","0","460","0","-","0","460","P02027 5/20/26","SA-01-185-A","-","0 w","0 w","—","-","Legacy","—","—","50.0 % Week  49 - 53","-","-","0","0","0","0","0","0","0","0","0","0","0","0","0","0","0","0","0","0","0","0","0","0","0","0","0","0","0","0","0","0","0","0","0","0","0","0","0","0","0","0","0","0","0","0","0","0","0","0","0","0","0","0","0","0","0","0","0","0","0","0","0"
"Taffy Town Holiday Mix Bulk ( RM-01-186-A )","Not set","—","0","405","0","-","0","405","P02027 5/20/26","SA-01-186-A","-","0 w","0 w","—","-","Legacy","—","—","50.0 % Week  49 - 53","-","-","0","0","0","0","0","0","0","0","0","0","0","0","0","0","0","0","0","0","0","0","0","0","0","0","0","0","0","0","0","0","0","0","0","0","0","0","0","0","0","0","0","0","0","0","0","0","0","0","0","0","0","0","0","0","0","0","0","0","0","0","0"
"Oatmeal Cranberry Pecan GFV Individual ( RM-03-002-A )","Not set","—","0","0","0","-","0","-","-","SA-03-002-A","-","0 w","0 w","—","-","Legacy","—","—","50.0 % Week  49 - 53","-","-","0","0","0","0","0","0","0","0","0","0","0","0","0","0","0","0","0","0","0","0","0","0","0","0","0","0","0","0","0","0","0","0","0","0","0","0","0","0","0","0","0","0","0","0","0","0","0","0","0","0","0","0","0","0","0","0","0","0","0","0","0"
"RM-03-010-A ( RM-03-010-A )","Not set","—","0","0","48","-","-48","-","-","SA-03-010-A 1.0","-","0 w","0 w","—","SA-03-010-A :   No","Legacy","—","—","50.0 % Week  49 - 53","C-C03-REG-22-010-XXX","-","0","0","0","0","0","0","0","0","0","0","0","0","0","0","0","0","0","0","0","0","0","0","0","0","0","0","0","0","0","0","0","0","0","0","0","0","0","0","0","0","0","0","0","0","0","0","0","0","0","0","0","0","0","0","0","0","0","0","0","0","0"
"Stuffed Peanut Butter Chocolate Individual ( RM-03-094-A )","Not set","—","0","0","0","-","0","-","-","SA-03-094-A","-","0 w","0 w","—","-","Legacy","—","—","50.0 % Week  49 - 53","-","-","0","0","0","0","0","0","0","0","0","0","0","0","0","0","0","0","0","0","0","0","0","0","0","0","0","0","0","0","0","0","0","0","0","0","0","0","0","0","0","0","0","0","0","0","0","0","0","0","0","0","0","0","0","0","0","0","0","0","0","0","0"
"RM-05-058-A ( RM-05-058-A )","Not set","—","0 lb","126 lb","180","-","-54 lb","-","-","SA-05-058-A Infinity","-","0 w","0 w","—","SA-05-058-A :   No","Legacy","—","—","50.0 % Week  49 - 53","L-A05-REG-22-058-XXX","-","0","0","0","0","0","0","0","0","0","0","0","0","0","0","0","0","0","0","0","0","0","0","0","0","0","0","0","0","0","0","0","0","0","0","0","0","0","0","0","0","0","0","0","0","0","0","0","0","0","0","0","0","0","0","0","0","0","0","0","0","0"
"Milk Chocolate Peanuts Bulk ( RM-05-068-A )","Not set","—","0","0","0","-","0","-","-","SA-05-068-A","-","0 w","0 w","—","-","Legacy","—","—","50.0 % Week  49 - 53","-","-","0","0","0","0","0","0","0","0","0","0","0","0","0","0","0","0","0","0","0","0","0","0","0","0","0","0","0","0","0","0","0","0","0","0","0","0","0","0","0","0","0","0","0","0","0","0","0","0","0","0","0","0","0","0","0","0","0","0","0","0","0"
"Liver Lover Jumbo Hearts Bulk ( RM-06-030-A )","Not set","—","0","0","0","-","0","-","-","SA-06-030-A","-","0 w","0 w","—","-","Legacy","—","—","50.0 % Week  49 - 53","-","-","0","0","0","0","0","0","0","0","0","0","0","0","0","0","0","0","0","0","0","0","0","0","0","0","0","0","0","0","0","0","0","0","0","0","0","0","0","0","0","0","0","0","0","0","0","0","0","0","0","0","0","0","0","0","0","0","0","0","0","0","0"
"Easter Bow Tie ( RM-06-069-A )","Not set","—","0","6","6","-","0","-","-","SA-06-069-A 1.0","-","0 w","0 w","—","SA-06-069-A :   No","Legacy","—","—","50.0 % Week  49 - 53","-","-","0","0","0","0","0","0","0","0","0","0","0","0","0","0","0","0","0","0","0","0","0","0","0","0","0","0","0","0","0","0","0","0","0","0","0","0","0","0","0","0","0","0","0","0","0","0","0","0","0","0","0","0","0","0","0","0","0","0","0","0","0"
"Easter Bandana ( RM-06-070-A )","Not set","—","0","29","29","-","0","-","-","SA-06-070-A 1.0","-","0 w","0 w","—","SA-06-070-A :   No","Legacy","—","—","50.0 % Week  49 - 53","-","-","0","0","0","0","0","0","0","0","0","0","0","0","0","0","0","0","0","0","0","0","0","0","0","0","0","0","0","0","0","0","0","0","0","0","0","0","0","0","0","0","0","0","0","0","0","0","0","0","0","0","0","0","0","0","0","0","0","0","0","0","0"
"Happy Birthday Bandana ( RM-06-086-A )","Not set","—","0","0","0","-","0","-","-","SA-06-086-A","-","0 w","0 w","—","-","Legacy","—","—","50.0 % Week  49 - 53","-","-","0","0","0","0","0","0","0","0","0","0","0","0","0","0","0","0","0","0","0","0","0","0","0","0","0","0","0","0","0","0","0","0","0","0","0","0","0","0","0","0","0","0","0","0","0","0","0","0","0","0","0","0","0","0","0","0","0","0","0","0","0"
"Red Mitten Charm Individual ( RM-06-097-A )","Not set","—","0","10","10","-","0","-","-","SA-06-097-A","-","0 w","0 w","—","-","Legacy","—","—","50.0 % Week  49 - 53","-","-","0","0","0","0","0","0","0","0","0","0","0","0","0","0","0","0","0","0","0","0","0","0","0","0","0","0","0","0","0","0","0","0","0","0","0","0","0","0","0","0","0","0","0","0","0","0","0","0","0","0","0","0","0","0","0","0","0","0","0","0","0"
"RainbowCharm Individual  ( RM-06-104-A )","Not set","Englewood","0","18","18","-","0","-","-","SA-06-104-A 1.0","Dog S-Wag :  1.3 %","0 w","0 w","—","SA-06-104-A :   No","Legacy","—","—","50.0 % Week  49 - 53","-","-","0","5","8","6","7","6","7","9","16","12","9","10","8","10","14","12","36","71","102","70","18","22","11","8","7","0","0","0","0","0","0","0","0","0","0","0","0","0","0","0","0","0","0","0","0","0","0","0","0","0","0","0","0","0","0","0","0","0","0","0","0"
"Baseball Charm Individual ( RM-06-107-A )","Not set","—","0","6","6","-","0","-","-","SA-06-107-A 1.0","-","0 w","0 w","—","SA-06-107-A :   No","Legacy","—","—","50.0 % Week  49 - 53","-","-","0","0","0","0","0","0","0","0","0","0","0","0","0","0","0","0","0","0","0","0","0","0","0","0","0","0","0","0","0","0","0","0","0","0","0","0","0","0","0","0","0","0","0","0","0","0","0","0","0","0","0","0","0","0","0","0","0","0","0","0","0"
"Chicken Bandana Individual ( RM-06-120-A )","Not set","Englewood","0","92","92","-","0","-","-","SA-06-120-A 1.0","Dog S-Wag :  3.7 %","0 w","0 w","—","SA-06-120-A :   No","Legacy","—","—","50.0 % Week  49 - 53","-","-","0","14","21","17","19","18","21","25","44","33","25","28","23","27","40","32","100","198","286","196","52","62","30","22","21","0","0","0","0","0","0","0","0","0","0","0","0","0","0","0","0","0","0","0","0","0","0","0","0","0","0","0","0","0","0","0","0","0","0","0","0"
"Chicken Bowtie Individual ( RM-06-121-A )","Not set","Englewood","0","52","52","-","0","-","-","SA-06-121-A 1.0","Dog S-Wag :  3.4 %","0 w","0 w","—","SA-06-121-A :   No","Legacy","—","—","50.0 % Week  49 - 53","-","-","0","13","20","16","17","17","19","23","41","31","23","26","22","25","38","30","94","186","268","183","48","58","28","20","19","0","0","0","0","0","0","0","0","0","0","0","0","0","0","0","0","0","0","0","0","0","0","0","0","0","0","0","0","0","0","0","0","0","0","0","0"
"Hot Sauce Bandana Individual ( RM-06-122-A )","Not set","—","0","5","5","-","0","-","-","SA-06-122-A 1.0","-","0 w","0 w","—","SA-06-122-A :   No","Legacy","—","—","50.0 % Week  49 - 53","-","-","0","0","0","0","0","0","0","0","0","0","0","0","0","0","0","0","0","0","0","0","0","0","0","0","0","0","0","0","0","0","0","0","0","0","0","0","0","0","0","0","0","0","0","0","0","0","0","0","0","0","0","0","0","0","0","0","0","0","0","0","0"
"Hot Sauce Bow Tie Individual ( RM-06-123-A )","Not set","—","0","2","2","-","0","-","-","SA-06-123-A 1.0","-","0 w","0 w","—","SA-06-123-A :   No","Legacy","—","—","50.0 % Week  49 - 53","-","-","0","0","0","0","0","0","0","0","0","0","0","0","0","0","0","0","0","0","0","0","0","0","0","0","0","0","0","0","0","0","0","0","0","0","0","0","0","0","0","0","0","0","0","0","0","0","0","0","0","0","0","0","0","0","0","0","0","0","0","0","0"
"Teeny Ghost Bowtie Individual ( RM-06-130-A )","Not set","—","0","30","30","-","0","-","-","SA-06-130-A 1.0","-","0 w","0 w","—","SA-06-130-A :   No","Legacy","—","—","50.0 % Week  49 - 53","-","-","0","0","0","0","0","0","0","0","0","0","0","0","0","0","0","0","0","0","0","0","0","0","0","0","0","0","0","0","0","0","0","0","0","0","0","0","0","0","0","0","0","0","0","0","0","0","0","0","0","0","0","0","0","0","0","0","0","0","0","0","0"
"Striped Holiday Bandana Individual ( RM-06-131-A )","Not set","—","0","125","125","-","0","-","-","SA-06-131-A 1.0","-","0 w","0 w","—","SA-06-131-A :   No","Legacy","—","—","50.0 % Week  49 - 53","-","-","0","0","0","0","0","0","0","0","0","0","0","0","0","0","0","0","0","0","0","0","0","0","0","0","0","0","0","0","0","0","0","0","0","0","0","0","0","0","0","0","0","0","0","0","0","0","0","0","0","0","0","0","0","0","0","0","0","0","0","0","0"
"Christmas Tree Bandana Individual ( RM-06-132-A )","Not set","—","0","75","75","-","0","-","-","SA-06-132-A 1.0","-","0 w","0 w","—","SA-06-132-A :   No","Legacy","—","—","50.0 % Week  49 - 53","-","-","0","0","0","0","0","0","0","0","0","0","0","0","0","0","0","0","0","0","0","0","0","0","0","0","0","0","0","0","0","0","0","0","0","0","0","0","0","0","0","0","0","0","0","0","0","0","0","0","0","0","0","0","0","0","0","0","0","0","0","0","0"
"Christmas Tree Bowtie Individual ( RM-06-133-A )","Not set","—","0","51","51","-","0","-","-","SA-06-133-A 1.0","-","0 w","0 w","—","SA-06-133-A :   No","Legacy","—","—","50.0 % Week  49 - 53","-","-","0","0","0","0","0","0","0","0","0","0","0","0","0","0","0","0","0","0","0","0","0","0","0","0","0","0","0","0","0","0","0","0","0","0","0","0","0","0","0","0","0","0","0","0","0","0","0","0","0","0","0","0","0","0","0","0","0","0","0","0","0"
"Shannon Ridge Chardonnay Bulk ( RM-10-156-A )","Not set","WCC","0","15","15","-","0","-","-","SA-10-156-A","-","0 w","0 w","—","-","Legacy","—","—","50.0 % Week  49 - 53","-","-","0","0","0","0","0","0","0","0","0","0","0","0","0","0","0","0","0","0","0","0","0","0","0","0","0","0","0","0","0","0","0","0","0","0","0","0","0","0","0","0","0","0","0","0","0","0","0","0","0","0","0","0","0","0","0","0","0","0","0","0","0"
"Juan Ramon Lozano Verdejo Sauvignon Blanc Individual ( RM-10-170-A )","Not set","WCC","0","3","3","-","0","-","-","SA-10-170-A 1.0","Wine Tastings :  1.9 %","0 w","0 w","—","SA-10-170-A :   No","Legacy","—","—","50.0 % Week  49 - 53","-","-","1","4","5","4","5","4","5","6","11","9","6","7","6","7","10","8","33","67","130","88","24","32","13","9","9","0","0","0","0","0","0","0","0","0","0","0","0","0","0","0","0","0","0","0","0","0","0","0","0","0","0","0","0","0","0","0","0","0","0","0","0"
"Botter Pecorino Individual ( RM-10-171-A )","Not set","—","0","18","18","-","0","-","-","SA-10-171-A 1.0","-","0 w","0 w","—","SA-10-171-A :   No","Legacy","—","—","50.0 % Week  49 - 53","-","-","0","0","0","0","0","0","0","0","0","0","0","0","0","0","0","0","0","0","0","0","0","0","0","0","0","0","0","0","0","0","0","0","0","0","0","0","0","0","0","0","0","0","0","0","0","0","0","0","0","0","0","0","0","0","0","0","0","0","0","0","0"
"Botter Primitivo Individual ( RM-10-172-A )","Not set","WCC","0","70","70","-","0","-","-","SA-10-172-A 1.0","Wine Tastings :  2.1 %","0 w","0 w","—","SA-10-172-A :   No","Legacy","—","—","50.0 % Week  49 - 53","-","-","0","4","6","5","5","5","5","6","12","9","7","7","6","8","11","9","37","74","144","98","26","35","15","10","10","0","0","0","0","0","0","0","0","0","0","0","0","0","0","0","0","0","0","0","0","0","0","0","0","0","0","0","0","0","0","0","0","0","0","0","0"
"Tenute Rossetti Chianti Individual ( RM-10-173-A )","Not set","WCC","0","23","23","-","0","-","-","SA-10-173-A 1.0","Wine Tastings :  2.2 %","0 w","0 w","—","SA-10-173-A :   No","Legacy","—","—","50.0 % Week  49 - 53","-","-","0","4","6","5","5","5","6","7","12","10","7","8","7","8","12","10","38","77","148","100","27","36","15","11","10","0","0","0","0","0","0","0","0","0","0","0","0","0","0","0","0","0","0","0","0","0","0","0","0","0","0","0","0","0","0","0","0","0","0","0","0"
"Henri Gaillard Rosé Cotes de Provence Individual ( RM-10-175-A )","Not set","WCC","0","202","202","-","0","-","-","SA-10-175-A 1.0","Wine Tastings :  2.8 %","0 w","0 w","—","SA-10-175-A :   No","Legacy","—","—","50.0 % Week  49 - 53","-","-","0","5","8","6","7","6","7","8","16","12","9","10","8","10","15","12","48","98","189","128","34","46","19","14","13","0","0","0","0","0","0","0","0","0","0","0","0","0","0","0","0","0","0","0","0","0","0","0","0","0","0","0","0","0","0","0","0","0","0","0","0"
"Calvet Reserve Bordeaux Individual ( RM-10-176-A )","Not set","WCC","0","74","74","-","0","-","-","SA-10-176-A 1.0","Wine Tastings :  3.4 %","0 w","0 w","—","SA-10-176-A :   No","Legacy","—","—","50.0 % Week  49 - 53","-","-","0","6","9","8","8","8","9","10","19","15","11","12","10","12","18","15","59","120","233","158","42","57","23","17","16","0","0","0","0","0","0","0","0","0","0","0","0","0","0","0","0","0","0","0","0","0","0","0","0","0","0","0","0","0","0","0","0","0","0","0","0"
"Mainz Spatburgunder Individual ( RM-10-177-A )","Not set","WCC","0","154","154","-","0","-","-","SA-10-177-A 1.0","Wine Tastings :  0.9 %","0 w","0 w","—","SA-10-177-A :   No","Legacy","—","—","50.0 % Week  49 - 53","-","-","0","2","2","2","2","2","2","3","5","4","3","3","3","3","5","4","15","30","59","40","11","14","6","4","4","0","0","0","0","0","0","0","0","0","0","0","0","0","0","0","0","0","0","0","0","0","0","0","0","0","0","0","0","0","0","0","0","0","0","0","0"
"Hechtshem Weissburgunder Individual ( RM-10-178-A )","Not set","—","0","108","108","-","0","-","-","SA-10-178-A 1.0","-","0 w","0 w","—","SA-10-178-A :   No","Legacy","—","—","50.0 % Week  49 - 53","-","-","0","0","0","0","0","0","0","0","0","0","0","0","0","0","0","0","0","0","0","0","0","0","0","0","0","0","0","0","0","0","0","0","0","0","0","0","0","0","0","0","0","0","0","0","0","0","0","0","0","0","0","0","0","0","0","0","0","0","0","0","0"
"Dark Rock Red Blend Individual ( RM-10-180-A )","Not set","WCC","0","12","12","-","0","-","-","SA-10-180-A 1.0","Wine Tastings :  2.4 %","0 w","0 w","—","SA-10-180-A :   No","Legacy","—","—","50.0 % Week  49 - 53","-","-","0","4","7","5","6","6","6","7","13","11","8","8","7","9","13","11","41","84","163","111","30","40","16","12","11","0","0","0","0","0","0","0","0","0","0","0","0","0","0","0","0","0","0","0","0","0","0","0","0","0","0","0","0","0","0","0","0","0","0","0","0"
"Folk Machine Valdigué Individual ( RM-10-181-A )","Not set","WCC","0","179","179","-","0","-","-","SA-10-181-A 1.0","Wine Tastings :  1.1 %","0 w","0 w","—","SA-10-181-A :   No","Legacy","—","—","50.0 % Week  49 - 53","-","-","0","2","3","2","3","2","3","3","6","5","3","4","3","4","6","5","18","37","72","49","13","17","7","5","5","0","0","0","0","0","0","0","0","0","0","0","0","0","0","0","0","0","0","0","0","0","0","0","0","0","0","0","0","0","0","0","0","0","0","0","0"
"Vinebox Petite Sirah Individual ( RM-10-182-A )","Not set","WCC","0","14","14","-","0","-","-","SA-10-182-A 1.0","Wine Tastings :  2.5 %","0 w","0 w","—","SA-10-182-A :   No","Legacy","—","—","50.0 % Week  49 - 53","-","-","0","5","7","6","6","6","6","7","14","11","8","9","7","9","13","11","43","87","168","114","30","41","17","12","11","0","0","0","0","0","0","0","0","0","0","0","0","0","0","0","0","0","0","0","0","0","0","0","0","0","0","0","0","0","0","0","0","0","0","0","0"
"Hobo Zinfandel Individual ( RM-10-183-A )","Not set","WCC","0","50","50","-","0","-","-","SA-10-183-A 1.0","Wine Tastings :  1.4 %","0 w","0 w","—","SA-10-183-A :   No","Legacy","—","—","50.0 % Week  49 - 53","-","-","0","3","4","3","3","3","4","4","8","6","4","5","4","5","7","6","24","49","94","64","17","23","9","7","6","0","0","0","0","0","0","0","0","0","0","0","0","0","0","0","0","0","0","0","0","0","0","0","0","0","0","0","0","0","0","0","0","0","0","0","0"
"Westmount Pinot Noir Individual ( RM-10-185-A )","Not set","WCC","0","79","79","-","0","-","-","SA-10-185-A 1.0","Wine Tastings :  2.6 %","0 w","0 w","—","SA-10-185-A :   No","Legacy","—","—","50.0 % Week  49 - 53","-","-","0","5","7","6","6","6","7","8","14","11","8","9","8","9","14","11","44","89","173","117","31","42","17","12","12","0","0","0","0","0","0","0","0","0","0","0","0","0","0","0","0","0","0","0","0","0","0","0","0","0","0","0","0","0","0","0","0","0","0","0","0"
"Westmount Riesling Individual ( RM-10-186-A )","Not set","WCC","0","93","93","-","0","-","-","SA-10-186-A 1.0","Wine Tastings :  1.8 %","0 w","0 w","—","SA-10-186-A :   No","Legacy","—","—","50.0 % Week  49 - 53","-","-","0","3","5","4","4","4","5","5","10","8","6","6","5","6","9","8","30","62","120","81","22","29","12","9","8","0","0","0","0","0","0","0","0","0","0","0","0","0","0","0","0","0","0","0","0","0","0","0","0","0","0","0","0","0","0","0","0","0","0","0","0"
"Wish Street 19 Laurel Ave Chardonnay Individual ( RM-10-187-A )","Not set","WCC","0","561","561","-","0","-","-","SA-10-187-A 1.0","Wine Tastings :  1.0 %","0 w","0 w","—","SA-10-187-A :   No","Legacy","—","—","50.0 % Week  49 - 53","-","-","0","2","3","2","2","2","3","3","5","4","3","3","3","4","5","4","17","34","67","45","12","16","7","5","5","0","0","0","0","0","0","0","0","0","0","0","0","0","0","0","0","0","0","0","0","0","0","0","0","0","0","0","0","0","0","0","0","0","0","0","0"
"Wish Street 18 Willow Street Aligote Individual ( RM-10-188-A )","Not set","WCC","0","490","490","-","0","-","-","SA-10-188-A 1.0","Wine Tastings :  1.5 %","0 w","0 w","—","SA-10-188-A :   No","Legacy","—","—","50.0 % Week  49 - 53","-","-","0","3","4","3","4","3","4","4","8","7","5","5","5","5","8","7","26","52","101","69","18","25","10","7","7","0","0","0","0","0","0","0","0","0","0","0","0","0","0","0","0","0","0","0","0","0","0","0","0","0","0","0","0","0","0","0","0","0","0","0","0"
"Camp White Blend Individual ( RM-10-189-A )","Not set","WCC","0","782","782","-","0","-","-","SA-10-189-A 1.0","Wine Tastings :  0.4 %","0 w","0 w","—","SA-10-189-A :   No","Legacy","—","—","50.0 % Week  49 - 53","-","-","0","1","1","1","1","1","1","1","2","2","1","2","1","2","2","2","7","15","29","20","5","7","3","2","2","0","0","0","0","0","0","0","0","0","0","0","0","0","0","0","0","0","0","0","0","0","0","0","0","0","0","0","0","0","0","0","0","0","0","0","0"
"Hue Savignon Blanc Individual ( RM-10-190-A )","Not set","WCC","0","135","135","-","0","-","-","SA-10-190-A 1.0","Wine Tastings :  3.2 %","0 w","0 w","—","SA-10-190-A :   No","Legacy","—","—","50.0 % Week  49 - 53","-","-","0","6","9","7","8","7","8","10","18","14","10","11","10","11","17","14","55","111","214","145","39","52","22","15","15","0","0","0","0","0","0","0","0","0","0","0","0","0","0","0","0","0","0","0","0","0","0","0","0","0","0","0","0","0","0","0","0","0","0","0","0"
"Hue Rosè Individual ( RM-10-191-A )","Not set","WCC","0","10","10","-","0","-","-","SA-10-191-A 1.0","Wine Tastings :  3.8 %","0 w","0 w","—","SA-10-191-A :   No","Legacy","—","—","50.0 % Week  49 - 53","-","-","0","7","11","9","9","9","10","12","21","17","12","13","12","14","21","17","66","134","260","176","47","63","26","19","18","0","0","0","0","0","0","0","0","0","0","0","0","0","0","0","0","0","0","0","0","0","0","0","0","0","0","0","0","0","0","0","0","0","0","0","0"
"Last Press Epilogue Merlot ( RM-10-192-A )","Not set","WCC","0","3,413","3,413","-","0","-","-","SA-10-192-A 1.0","Wine Tastings :  1.3 %","0 w","0 w","—","SA-10-192-A :   No","Legacy","—","—","50.0 % Week  49 - 53","-","-","0","2","4","3","3","3","3","4","7","6","4","5","4","5","7","6","22","46","88","60","16","21","9","6","6","0","0","0","0","0","0","0","0","0","0","0","0","0","0","0","0","0","0","0","0","0","0","0","0","0","0","0","0","0","0","0","0","0","0","0","0"
"Last Press Story Red Blend ( RM-10-193-A )","Not set","WCC","0","4,086","4,086","-","0","-","-","SA-10-193-A 1.0","Wine Tastings :  1.6 %","0 w","0 w","—","SA-10-193-A :   No","Legacy","—","—","50.0 % Week  49 - 53","-","-","0","3","5","4","4","4","4","5","9","7","5","6","5","6","9","7","28","57","111","75","20","27","11","8","8","0","0","0","0","0","0","0","0","0","0","0","0","0","0","0","0","0","0","0","0","0","0","0","0","0","0","0","0","0","0","0","0","0","0","0","0"
"Vintist Grenache ( RM-10-196-A )","Not set","WCC","0","3,343","3,343","-","0","-","-","SA-10-196-A 1.0","Wine Tastings :  1.7 %","0 w","0 w","—","SA-10-196-A :   No","Legacy","—","—","50.0 % Week  49 - 53","-","-","0","3","5","4","4","4","4","5","9","7","5","6","5","6","9","7","29","58","112","76","20","27","11","8","8","0","0","0","0","0","0","0","0","0","0","0","0","0","0","0","0","0","0","0","0","0","0","0","0","0","0","0","0","0","0","0","0","0","0","0","0"
"Vintist Orange Muscat ( RM-10-199-A )","Not set","WCC","0","2,749","2,749","-","0","-","-","SA-10-199-A 1.0","Wine Tastings :  2.6 %","0 w","0 w","—","SA-10-199-A :   No","Legacy","—","—","50.0 % Week  49 - 53","-","-","0","5","7","6","6","6","7","8","14","11","8","9","8","9","14","11","44","90","174","118","31","42","18","12","12","0","0","0","0","0","0","0","0","0","0","0","0","0","0","0","0","0","0","0","0","0","0","0","0","0","0","0","0","0","0","0","0","0","0","0","0"
"Vinebox Sauvignong Blanc ( RM-10-200-A )","Not set","WCC","0","3,053","3,053","-","0","-","-","SA-10-200-A 1.0","Wine Tastings :  3.2 %","0 w","0 w","—","SA-10-200-A :   No","Legacy","—","—","50.0 % Week  49 - 53","-","-","0","6","9","7","8","7","8","10","18","14","10","11","10","11","17","14","55","112","217","147","39","53","22","16","15","0","0","0","0","0","0","0","0","0","0","0","0","0","0","0","0","0","0","0","0","0","0","0","0","0","0","0","0","0","0","0","0","0","0","0","0"
"Opolo Reserve Petite Sirah Bulk ( RM-10-201-A )","Not set","WCC","0","3,867","3,757","-","110","-","-","SA-10-201-A 1.0","Wine Tastings :  3.2 %","0 w","0 w","—","SA-10-201-A :   No","Legacy","—","—","50.0 % Week  49 - 53","-","-","0","6","9","7","7","7","8","9","18","14","10","11","10","11","17","14","54","110","214","145","39","52","22","15","15","0","0","0","0","0","0","0","0","0","0","0","0","0","0","0","0","0","0","0","0","0","0","0","0","0","0","0","0","0","0","0","0","0","0","0","0"
"Opolo Cabernet Sauvignon Bulk ( RM-10-202-A )","Not set","WCC","0","3,791","3,681","-","110","-","-","SA-10-202-A 1.0","Wine Tastings :  4.7 %","0 w","0 w","—","SA-10-202-A :   No","Legacy","—","—","50.0 % Week  49 - 53","-","-","0","9","13","10","11","11","12","14","26","21","15","16","14","17","25","20","80","163","315","214","57","77","32","23","21","0","0","0","0","0","0","0","0","0","0","0","0","0","0","0","0","0","0","0","0","0","0","0","0","0","0","0","0","0","0","0","0","0","0","0","0"
"Vinebox Sangiovese Bulk ( RM-10-203-A )","Not set","WCC","0","3,370","3,275","-","95","-","-","SA-10-203-A 1.0","Wine Tastings :  1.6 %","0 w","0 w","—","SA-10-203-A :   No","Legacy","—","—","50.0 % Week  49 - 53","-","-","0","3","4","4","4","4","4","5","9","7","5","5","5","6","8","7","27","55","107","73","19","26","11","8","7","0","0","0","0","0","0","0","0","0","0","0","0","0","0","0","0","0","0","0","0","0","0","0","0","0","0","0","0","0","0","0","0","0","0","0","0"
"Thank you Daisy Tiny Terracotta Individual ( RM-15-044-A )","Not set","—","0","0","0","-","0","-","-","SA-15-044-A","-","0 w","0 w","—","-","Legacy","—","—","50.0 % Week  49 - 53","-","-","0","0","0","0","0","0","0","0","0","0","0","0","0","0","0","0","0","0","0","0","0","0","0","0","0","0","0","0","0","0","0","0","0","0","0","0","0","0","0","0","0","0","0","0","0","0","0","0","0","0","0","0","0","0","0","0","0","0","0","0","0"
"Good Luck Clover Tiny Terracotta Individual ( RM-15-047-A )","Not set","—","0","0","0","-","0","-","-","SA-15-047-A","-","0 w","0 w","—","-","Legacy","—","—","50.0 % Week  49 - 53","-","-","0","0","0","0","0","0","0","0","0","0","0","0","0","0","0","0","0","0","0","0","0","0","0","0","0","0","0","0","0","0","0","0","0","0","0","0","0","0","0","0","0","0","0","0","0","0","0","0","0","0","0","0","0","0","0","0","0","0","0","0","0"
"Zinnia Tiny Terracotta Individual ( RM-15-050-A )","Not set","—","0","0","0","-","0","-","-","SA-15-050-A","-","0 w","0 w","—","-","Legacy","—","—","50.0 % Week  49 - 53","-","-","0","0","0","0","0","0","0","0","0","0","0","0","0","0","0","0","0","0","0","0","0","0","0","0","0","0","0","0","0","0","0","0","0","0","0","0","0","0","0","0","0","0","0","0","0","0","0","0","0","0","0","0","0","0","0","0","0","0","0","0","0"
"Rosemary Tiny Terracotta Individual ( RM-15-051-A )","Not set","—","0","0","0","-","0","-","-","SA-15-051-A","-","0 w","0 w","—","-","Legacy","—","—","50.0 % Week  49 - 53","-","-","0","0","0","0","0","0","0","0","0","0","0","0","0","0","0","0","0","0","0","0","0","0","0","0","0","0","0","0","0","0","0","0","0","0","0","0","0","0","0","0","0","0","0","0","0","0","0","0","0","0","0","0","0","0","0","0","0","0","0","0","0"
"Apples & Maple Bourbon (Holiday) Individual ( RM-16-014-A )","Not set","—","0","0","0","-","0","-","-","SA-16-014-A","-","0 w","0 w","—","-","Legacy","—","—","50.0 % Week  49 - 53","-","-","0","0","0","0","0","0","0","0","0","0","0","0","0","0","0","0","0","0","0","0","0","0","0","0","0","0","0","0","0","0","0","0","0","0","0","0","0","0","0","0","0","0","0","0","0","0","0","0","0","0","0","0","0","0","0","0","0","0","0","0","0"
"Candle Coaster ( RM-16-110-A )","Not set","—","0","0","0","-","0","-","-","SA-16-110-A","-","0 w","0 w","—","-","Legacy","—","—","50.0 % Week  49 - 53","-","-","0","0","0","0","0","0","0","0","0","0","0","0","0","0","0","0","0","0","0","0","0","0","0","0","0","0","0","0","0","0","0","0","0","0","0","0","0","0","0","0","0","0","0","0","0","0","0","0","0","0","0","0","0","0","0","0","0","0","0","0","0"
"Copper Cow Mocha Creamer ( RM-19-088-A )","Not set","—","0","9,800","0","-","0","9,800","P02061 6/8/26","SA-19-088-A","-","0 w","0 w","—","-","Legacy","—","—","50.0 % Week  49 - 53","-","-","0","0","0","0","0","0","0","0","0","0","0","0","0","0","0","0","0","0","0","0","0","0","0","0","0","0","0","0","0","0","0","0","0","0","0","0","0","0","0","0","0","0","0","0","0","0","0","0","0","0","0","0","0","0","0","0","0","0","0","0","0"
"Champagne Garlic Honey Mustard Individual ( RM-39-022-A )","Not set","—","0","0","0","-","0","-","-","SA-39-022-A","-","0 w","0 w","—","-","Legacy","—","—","50.0 % Week  49 - 53","-","-","0","0","0","0","0","0","0","0","0","0","0","0","0","0","0","0","0","0","0","0","0","0","0","0","0","0","0","0","0","0","0","0","0","0","0","0","0","0","0","0","0","0","0","0","0","0","0","0","0","0","0","0","0","0","0","0","0","0","0","0","0"
"Vida Ceramic Mug Individual ( RM-39-072-A )","Not set","—","0","0","0","-","0","-","-","SA-39-072-A","-","0 w","0 w","—","-","Legacy","—","—","50.0 % Week  49 - 53","-","-","0","0","0","0","0","0","0","0","0","0","0","0","0","0","0","0","0","0","0","0","0","0","0","0","0","0","0","0","0","0","0","0","0","0","0","0","0","0","0","0","0","0","0","0","0","0","0","0","0","0","0","0","0","0","0","0","0","0","0","0","0"
"English Breakfast Tea Cube - 12 sachets Individual ( RM-39-081-A )","Not set","—","0","0","0","-","0","-","-","SA-39-081-A","-","0 w","0 w","—","-","Legacy","—","—","50.0 % Week  49 - 53","-","-","0","0","0","0","0","0","0","0","0","0","0","0","0","0","0","0","0","0","0","0","0","0","0","0","0","0","0","0","0","0","0","0","0","0","0","0","0","0","0","0","0","0","0","0","0","0","0","0","0","0","0","0","0","0","0","0","0","0","0","0","0"
"Masala Chai Tea Cube - 12 sachets Individual ( RM-39-082-A )","Not set","—","0","0","0","-","0","-","-","SA-39-082-A","-","0 w","0 w","—","-","Legacy","—","—","50.0 % Week  49 - 53","-","-","0","0","0","0","0","0","0","0","0","0","0","0","0","0","0","0","0","0","0","0","0","0","0","0","0","0","0","0","0","0","0","0","0","0","0","0","0","0","0","0","0","0","0","0","0","0","0","0","0","0","0","0","0","0","0","0","0","0","0","0","0"
"Jasmine Reserve Tea Cube - 12 sachets Individual ( RM-39-083-A )","Not set","—","0","0","0","-","0","-","-","SA-39-083-A","-","0 w","0 w","—","-","Legacy","—","—","50.0 % Week  49 - 53","-","-","0","0","0","0","0","0","0","0","0","0","0","0","0","0","0","0","0","0","0","0","0","0","0","0","0","0","0","0","0","0","0","0","0","0","0","0","0","0","0","0","0","0","0","0","0","0","0","0","0","0","0","0","0","0","0","0","0","0","0","0","0"
"Earl Grey Creme Tea Cube - 12 sachets Individual ( RM-39-084-A )","Not set","—","0","0","0","-","0","-","-","SA-39-084-A","-","0 w","0 w","—","-","Legacy","—","—","50.0 % Week  49 - 53","-","-","0","0","0","0","0","0","0","0","0","0","0","0","0","0","0","0","0","0","0","0","0","0","0","0","0","0","0","0","0","0","0","0","0","0","0","0","0","0","0","0","0","0","0","0","0","0","0","0","0","0","0","0","0","0","0","0","0","0","0","0","0"
"Egyptian Chamomile Tea Cube - 12 sachets Individual ( RM-39-085-A )","Not set","—","0","0","0","-","0","-","-","SA-39-085-A","-","0 w","0 w","—","-","Legacy","—","—","50.0 % Week  49 - 53","-","-","0","0","0","0","0","0","0","0","0","0","0","0","0","0","0","0","0","0","0","0","0","0","0","0","0","0","0","0","0","0","0","0","0","0","0","0","0","0","0","0","0","0","0","0","0","0","0","0","0","0","0","0","0","0","0","0","0","0","0","0","0"
"French Lemon Ginger Tea Cube - 12 sachets Individual ( RM-39-086-A )","Not set","—","0","0","0","-","0","-","-","SA-39-086-A","-","0 w","0 w","—","-","Legacy","—","—","50.0 % Week  49 - 53","-","-","0","0","0","0","0","0","0","0","0","0","0","0","0","0","0","0","0","0","0","0","0","0","0","0","0","0","0","0","0","0","0","0","0","0","0","0","0","0","0","0","0","0","0","0","0","0","0","0","0","0","0","0","0","0","0","0","0","0","0","0","0"
"White Coconut Creme Tea Cube - 12 sachets Individual ( RM-39-087-A )","Not set","—","0","0","0","-","0","-","-","SA-39-087-A","-","0 w","0 w","—","-","Legacy","—","—","50.0 % Week  49 - 53","-","-","0","0","0","0","0","0","0","0","0","0","0","0","0","0","0","0","0","0","0","0","0","0","0","0","0","0","0","0","0","0","0","0","0","0","0","0","0","0","0","0","0","0","0","0","0","0","0","0","0","0","0","0","0","0","0","0","0","0","0","0","0"
"Apricot Escape Tea Cube - 12 sachets Individual ( RM-39-088-A )","Not set","—","0","0","0","-","0","-","-","SA-39-088-A","-","0 w","0 w","—","-","Legacy","—","—","50.0 % Week  49 - 53","-","-","0","0","0","0","0","0","0","0","0","0","0","0","0","0","0","0","0","0","0","0","0","0","0","0","0","0","0","0","0","0","0","0","0","0","0","0","0","0","0","0","0","0","0","0","0","0","0","0","0","0","0","0","0","0","0","0","0","0","0","0","0"
"Warm Amber Lavender Salt Soak ( RM-40-106-A )","Not set","—","0","0","0","-","0","-","-","SA-40-106-A","-","0 w","0 w","—","-","Legacy","—","—","50.0 % Week  49 - 53","-","-","0","0","0","0","0","0","0","0","0","0","0","0","0","0","0","0","0","0","0","0","0","0","0","0","0","0","0","0","0","0","0","0","0","0","0","0","0","0","0","0","0","0","0","0","0","0","0","0","0","0","0","0","0","0","0","0","0","0","0","0","0"
"Chocolate Caramel Candy Bag ( RM-48-203-A )","Not set","—","0","0","0","-","0","-","-","SA-48-203-A","-","0 w","0 w","—","-","Legacy","—","—","50.0 % Week  49 - 53","-","-","0","0","0","0","0","0","0","0","0","0","0","0","0","0","0","0","0","0","0","0","0","0","0","0","0","0","0","0","0","0","0","0","0","0","0","0","0","0","0","0","0","0","0","0","0","0","0","0","0","0","0","0","0","0","0","0","0","0","0","0","0"
"Peppermint Almond Candy Bag ( RM-48-204-A )","Not set","—","0","0","0","-","0","-","-","SA-48-204-A","-","0 w","0 w","—","-","Legacy","—","—","50.0 % Week  49 - 53","-","-","0","0","0","0","0","0","0","0","0","0","0","0","0","0","0","0","0","0","0","0","0","0","0","0","0","0","0","0","0","0","0","0","0","0","0","0","0","0","0","0","0","0","0","0","0","0","0","0","0","0","0","0","0","0","0","0","0","0","0","0","0"
"Chappellet Signature Cabernet Sauvignon, Pritchard Hill ( SA-14-341-A )","Not set","WCC","0","44","22","-","22","-","-","SA-14-341-A 1.0","Grand Wine :  39.0 %","0 w","0 w","—","SA-14-341-A :   No","Legacy","—","—","50.0 % Week  49 - 53","-","-","0","1","1","2","2","1","2","2","1","4","2","2","4","4","4","4","17","33","129","129","28","35","14","10","6","0","0","0","0","0","0","0","0","0","0","0","0","0","0","0","0","0","0","0","0","0","0","0","0","0","0","0","0","0","0","0","0","0","0","0","0"
"Armida Maple Vineyards Zinfandel, Dry Creek Valley ( SA-14-342-A )","Not set","WCC","0","114","57","-","57","-","-","SA-14-342-A 1.0","X-Large Wine :  14.2 %","0 w","0 w","—","SA-14-342-A :   No","Legacy","—","—","50.0 % Week  49 - 53","-","-","0","1","2","1","2","2","2","4","3","3","2","2","2","4","4","3","26","52","125","84","23","26","10","7","6","0","0","0","0","0","0","0","0","0","0","0","0","0","0","0","0","0","0","0","0","0","0","0","0","0","0","0","0","0","0","0","0","0","0","0","0"
"Ogden Chardonnay, Muir-Hanna Vineyard, Napa ( SA-14-343-A )","Not set","WCC","0","72","36","-","36","-","-","SA-14-343-A 1.0","-","0 w","0 w","—","SA-14-343-A :   No","Legacy","—","—","50.0 % Week  49 - 53","-","-","0","0","0","0","0","0","0","0","0","0","0","0","0","0","0","0","0","0","0","0","0","0","0","0","0","0","0","0","0","0","0","0","0","0","0","0","0","0","0","0","0","0","0","0","0","0","0","0","0","0","0","0","0","0","0","0","0","0","0","0","0"
"The Vice ""The House"" Sauvignon Blanc, Napa ( SA-14-344-A )","Not set","WCC","0","186","93","-","93","-","-","SA-14-344-A 1.0","Large Wine :  7.9 %","0 w","0 w","—","SA-14-344-A :   No","Legacy","—","—","50.0 % Week  49 - 53","-","-","0","2","2","2","2","2","3","3","5","4","2","3","3","4","5","4","31","57","133","102","28","28","14","8","7","0","0","0","0","0","0","0","0","0","0","0","0","0","0","0","0","0","0","0","0","0","0","0","0","0","0","0","0","0","0","0","0","0","0","0","0"
"No Love Lost Chillable Red ( SA-14-345-A )","Not set","WCC","0","130","65","-","65","-","-","SA-14-345-A 1.0","Large Wine :  7.0 %","0 w","0 w","—","SA-14-345-A :   No","Legacy","—","—","50.0 % Week  49 - 53","-","-","0","2","2","2","2","2","2","2","4","3","2","2","3","4","4","4","27","50","117","91","24","25","13","7","6","0","0","0","0","0","0","0","0","0","0","0","0","0","0","0","0","0","0","0","0","0","0","0","0","0","0","0","0","0","0","0","0","0","0","0","0"
"No Love Lost Orange Picpoul ( SA-14-346-A )","Not set","WCC","0","124","62","-","62","-","-","SA-14-346-A 1.0","Large Wine :  10.6 %","0 w","0 w","—","SA-14-346-A :   No","Legacy","—","—","50.0 % Week  49 - 53","-","-","0","2","2","3","2","2","3","4","7","5","3","4","4","6","7","5","42","76","178","137","37","38","19","11","9","0","0","0","0","0","0","0","0","0","0","0","0","0","0","0","0","0","0","0","0","0","0","0","0","0","0","0","0","0","0","0","0","0","0","0","0"
"2023 Tooth & Nail Cabernet Sauvignon (Squad Series) ( SA-14-347-A )","Not set","WCC","0","94","47","-","47","-","-","SA-14-347-A 1.0","Medium Wine :  18.5 %","0 w","0 w","—","SA-14-347-A :   No","Legacy","—","—","50.0 % Week  49 - 53","-","-","0","5","12","7","8","7","6","7","22","12","10","8","8","9","10","11","59","138","348","295","68","81","32","25","19","0","0","0","0","0","0","0","0","0","0","0","0","0","0","0","0","0","0","0","0","0","0","0","0","0","0","0","0","0","0","0","0","0","0","0","0"
"2023 Sojourn Sonoma Coast Rosé ( SA-14-348-A )","Not set","WCC","0","156","0","-","0","156","P02082 6/17/26","SA-14-348-A 1.0","-","0 w","0 w","—","SA-14-348-A :   No","Legacy","—","—","50.0 % Week  49 - 53","-","-","0","0","0","0","0","0","0","0","0","0","0","0","0","0","0","0","0","0","0","0","0","0","0","0","0","0","0","0","0","0","0","0","0","0","0","0","0","0","0","0","0","0","0","0","0","0","0","0","0","0","0","0","0","0","0","0","0","0","0","0","0"
"2019 Broken Earth Limited Release Tempranillo ( SA-14-349-A )","Not set","WCC","0","138","69","-","69","-","-","SA-14-349-A 1.0","Medium Wine :  11.6 %","0 w","0 w","—","SA-14-349-A :   No","Legacy","—","—","50.0 % Week  49 - 53","-","-","0","3","7","4","5","5","4","4","14","8","6","5","5","6","6","7","37","87","218","185","43","51","20","16","12","0","0","0","0","0","0","0","0","0","0","0","0","0","0","0","0","0","0","0","0","0","0","0","0","0","0","0","0","0","0","0","0","0","0","0","0"
"Wish Street Zinfandel Bulk ( RM-14-167-A )","Wine","WCC","0","1,294","1,294","-","0","-","-","SA-14-167-A 1.0","Medium Wine :  5.0 %","4 w","4 w","—","SA-14-167-A :   No","Legacy","—","—","30.0 % Week  49 - 53","L-W14-EG-24-167","-","0","1","3","2","2","2","2","2","6","3","3","2","2","2","3","3","14","32","82","69","18","22","9","7","5","0","0","0","0","0","0","0","0","0","0","0","0","0","0","0","0","0","0","0","0","0","0","0","0","0","0","0","0","0","0","0","0","0","0","0","0"
"Wish Street Pinot Gris Bulk ( RM-14-168-A )","Wine","WCC","0","1,279","1,279","-","0","-","-","SA-14-168-A 1.0","Medium Wine :  7.2 %","4 w","4 w","—","SA-14-168-A :   No","Legacy","—","—","30.0 % Week  49 - 53","L-W14-REG-24-168","-","0","2","5","3","3","3","2","3","8","5","4","3","3","3","4","4","20","47","117","99","26","32","12","10","7","0","0","0","0","0","0","0","0","0","0","0","0","0","0","0","0","0","0","0","0","0","0","0","0","0","0","0","0","0","0","0","0","0","0","0","0"
"Wish Street Pinot Blanc Bulk ( RM-14-169-A )","Wine","WCC","0","1,813","1,813","-","0","-","-","SA-14-169-A 1.0","Large Wine :  5.2 %","4 w","4 w","—","SA-14-169-A :   No","Legacy","—","—","30.0 % Week  49 - 53","L-W14-REG-24-169","-","0","1","1","2","1","1","2","2","3","3","2","2","2","3","3","3","18","32","76","59","18","19","10","5","5","0","0","0","0","0","0","0","0","0","0","0","0","0","0","0","0","0","0","0","0","0","0","0","0","0","0","0","0","0","0","0","0","0","0","0","0"
"Wish Street Cab Bulk ( RM-14-170-A )","Wine","WCC","0","1","1","-","0","-","-","SA-14-170-A 1.0","-","4 w","4 w","—","SA-14-170-A :   No","Legacy","—","—","30.0 % Week  49 - 53","L-W14-REG-24-170","-","0","0","0","0","0","0","0","0","0","0","0","0","0","0","0","0","0","0","0","0","0","0","0","0","0","0","0","0","0","0","0","0","0","0","0","0","0","0","0","0","0","0","0","0","0","0","0","0","0","0","0","0","0","0","0","0","0","0","0","0","0"
"Inspiration Grenache Bulk ( RM-14-337-A )","Wine","WCC","0","44","44","-","0","-","-","SA-14-337-A 1.0","Medium Wine :  4.3 %","4 w","4 w","—","SA-14-337-A :   No","Legacy","—","—","30.0 % Week  49 - 53","-","-","0","1","3","2","2","2","1","2","5","3","2","2","2","2","2","3","12","28","69","59","16","19","7","6","4","0","0","0","0","0","0","0","0","0","0","0","0","0","0","0","0","0","0","0","0","0","0","0","0","0","0","0","0","0","0","0","0","0","0","0","0"
"Little X Little Angels Vineyard Chenin Blanc Bulk ( RM-14-338-A )","Wine","WCC","0","13","13","-","0","-","-","SA-14-338-A 1.0","Medium Wine :  8.4 %","4 w","4 w","—","SA-14-338-A :   No","Legacy","—","—","30.0 % Week  49 - 53","-","-","20","2","5","3","4","3","3","3","10","6","5","4","4","4","5","5","23","54","137","116","31","37","15","11","9","0","0","0","0","0","0","0","0","0","0","0","0","0","0","0","0","0","0","0","0","0","0","0","0","0","0","0","0","0","0","0","0","0","0","0","0"
"Tinedo Básico ( SA-14-001-A )","Wine","—","0","0","0","-","0","-","-","SA-14-001-A 1.0","-","4 w","4 w","—","SA-14-001-A :   No","Legacy","—","—","30.0 % Week  49 - 53","-","-","0","0","0","0","0","0","0","0","0","0","0","0","0","0","0","0","0","0","0","0","0","0","0","0","0","0","0","0","0","0","0","0","0","0","0","0","0","0","0","0","0","0","0","0","0","0","0","0","0","0","0","0","0","0","0","0","0","0","0","0","0"
"Natalina Grandi Solo Lei Garganega ( SA-14-002-A )","Wine","—","0","0","0","-","0","-","-","SA-14-002-A 1.0","-","4 w","4 w","—","SA-14-002-A :   No","Legacy","—","—","30.0 % Week  49 - 53","-","-","0","0","0","0","0","0","0","0","0","0","0","0","0","0","0","0","0","0","0","0","0","0","0","0","0","0","0","0","0","0","0","0","0","0","0","0","0","0","0","0","0","0","0","0","0","0","0","0","0","0","0","0","0","0","0","0","0","0","0","0","0"
"Natalina Grandi Cabernet IGT Veneto ( SA-14-003-A )","Wine","—","0","0","0","-","0","-","-","SA-14-003-A 1.0","-","4 w","4 w","—","SA-14-003-A :   No","Legacy","—","—","30.0 % Week  49 - 53","-","-","0","0","0","0","0","0","0","0","0","0","0","0","0","0","0","0","0","0","0","0","0","0","0","0","0","0","0","0","0","0","0","0","0","0","0","0","0","0","0","0","0","0","0","0","0","0","0","0","0","0","0","0","0","0","0","0","0","0","0","0","0"
"Tenuta i Gelsi Gelso Rosso ( SA-14-004-A )","Wine","—","0","0","0","-","0","-","-","SA-14-004-A 1.0","-","4 w","4 w","—","SA-14-004-A :   No","Legacy","—","—","30.0 % Week  49 - 53","-","-","0","0","0","0","0","0","0","0","0","0","0","0","0","0","0","0","0","0","0","0","0","0","0","0","0","0","0","0","0","0","0","0","0","0","0","0","0","0","0","0","0","0","0","0","0","0","0","0","0","0","0","0","0","0","0","0","0","0","0","0","0"
"Tenuta i Gelsi Gelso Bianco ( SA-14-005-A )","Wine","—","0","0","0","-","0","-","-","SA-14-005-A 1.0","-","4 w","4 w","—","SA-14-005-A :   No","Legacy","—","—","30.0 % Week  49 - 53","-","-","0","0","0","0","0","0","0","0","0","0","0","0","0","0","0","0","0","0","0","0","0","0","0","0","0","0","0","0","0","0","0","0","0","0","0","0","0","0","0","0","0","0","0","0","0","0","0","0","0","0","0","0","0","0","0","0","0","0","0","0","0"
"Château du Donjon AOP Minervois White ( SA-14-006-A )","Wine","—","0","0","0","-","0","-","-","SA-14-006-A 1.0","-","4 w","4 w","—","SA-14-006-A :   No","Legacy","—","—","30.0 % Week  49 - 53","-","-","0","0","0","0","0","0","0","0","0","0","0","0","0","0","0","0","0","0","0","0","0","0","0","0","0","0","0","0","0","0","0","0","0","0","0","0","0","0","0","0","0","0","0","0","0","0","0","0","0","0","0","0","0","0","0","0","0","0","0","0","0"
"IPG Coteaux de Peyriac Petit coup Rosé ( SA-14-007-A )","Wine","—","0","0","0","-","0","-","-","SA-14-007-A 1.0","-","4 w","4 w","—","SA-14-007-A :   No","Legacy","—","—","30.0 % Week  49 - 53","-","-","0","0","0","0","0","0","0","0","0","0","0","0","0","0","0","0","0","0","0","0","0","0","0","0","0","0","0","0","0","0","0","0","0","0","0","0","0","0","0","0","0","0","0","0","0","0","0","0","0","0","0","0","0","0","0","0","0","0","0","0","0"
"Rámon Ramos Montetoro Joven 2021 ( SA-14-008-A )","Wine","—","0","0","0","-","0","-","-","SA-14-008-A 1.0","-","4 w","4 w","—","SA-14-008-A :   No","Legacy","—","—","30.0 % Week  49 - 53","-","-","0","0","0","0","0","0","0","0","0","0","0","0","0","0","0","0","0","0","0","0","0","0","0","0","0","0","0","0","0","0","0","0","0","0","0","0","0","0","0","0","0","0","0","0","0","0","0","0","0","0","0","0","0","0","0","0","0","0","0","0","0"
"De Andres Sisters Binario Blanco 2021 ( SA-14-009-A )","Wine","—","0","0","0","-","0","-","-","SA-14-009-A 1.0","-","4 w","4 w","—","SA-14-009-A :   No","Legacy","—","—","30.0 % Week  49 - 53","-","-","0","0","0","0","0","0","0","0","0","0","0","0","0","0","0","0","0","0","0","0","0","0","0","0","0","0","0","0","0","0","0","0","0","0","0","0","0","0","0","0","0","0","0","0","0","0","0","0","0","0","0","0","0","0","0","0","0","0","0","0","0"
"Maior de Mendoza Oceanico Selección ( SA-14-010-A )","Wine","—","0","0","0","-","0","-","-","SA-14-010-A 1.0","-","4 w","4 w","—","SA-14-010-A :   No","Legacy","—","—","30.0 % Week  49 - 53","-","-","0","0","0","0","0","0","0","0","0","0","0","0","0","0","0","0","0","0","0","0","0","0","0","0","0","0","0","0","0","0","0","0","0","0","0","0","0","0","0","0","0","0","0","0","0","0","0","0","0","0","0","0","0","0","0","0","0","0","0","0","0"
"Mascorrubi Aixart 2020 ( SA-14-011-A )","Wine","—","0","0","0","-","0","-","-","SA-14-011-A 1.0","-","4 w","4 w","—","SA-14-011-A :   No","Legacy","—","—","30.0 % Week  49 - 53","-","-","0","0","0","0","0","0","0","0","0","0","0","0","0","0","0","0","0","0","0","0","0","0","0","0","0","0","0","0","0","0","0","0","0","0","0","0","0","0","0","0","0","0","0","0","0","0","0","0","0","0","0","0","0","0","0","0","0","0","0","0","0"
"Josep Foraster Els Nanos Negre ( SA-14-012-A )","Wine","—","0","0","0","-","0","-","-","SA-14-012-A 1.0","-","4 w","4 w","—","SA-14-012-A :   No","Legacy","—","—","30.0 % Week  49 - 53","-","-","0","0","0","0","0","0","0","0","0","0","0","0","0","0","0","0","0","0","0","0","0","0","0","0","0","0","0","0","0","0","0","0","0","0","0","0","0","0","0","0","0","0","0","0","0","0","0","0","0","0","0","0","0","0","0","0","0","0","0","0","0"
"Enológico Wamba Lyna 2016 ( SA-14-013-A )","Wine","—","0","0","0","-","0","-","-","SA-14-013-A 1.0","-","4 w","4 w","—","SA-14-013-A :   No","Legacy","—","—","30.0 % Week  49 - 53","-","-","0","0","0","0","0","0","0","0","0","0","0","0","0","0","0","0","0","0","0","0","0","0","0","0","0","0","0","0","0","0","0","0","0","0","0","0","0","0","0","0","0","0","0","0","0","0","0","0","0","0","0","0","0","0","0","0","0","0","0","0","0"
"De Andres Sisters Binario Crianza 2018 ( SA-14-014-A )","Wine","—","0","0","0","-","0","-","-","SA-14-014-A 1.0","-","4 w","4 w","—","SA-14-014-A :   No","Legacy","—","—","30.0 % Week  49 - 53","-","-","0","0","0","0","0","0","0","0","0","0","0","0","0","0","0","0","0","0","0","0","0","0","0","0","0","0","0","0","0","0","0","0","0","0","0","0","0","0","0","0","0","0","0","0","0","0","0","0","0","0","0","0","0","0","0","0","0","0","0","0","0"
"Tinedo Max ( SA-14-015-A )","Wine","—","0","0","0","-","0","-","-","SA-14-015-A 1.0","-","4 w","4 w","—","SA-14-015-A :   No","Legacy","—","—","30.0 % Week  49 - 53","-","-","0","0","0","0","0","0","0","0","0","0","0","0","0","0","0","0","0","0","0","0","0","0","0","0","0","0","0","0","0","0","0","0","0","0","0","0","0","0","0","0","0","0","0","0","0","0","0","0","0","0","0","0","0","0","0","0","0","0","0","0","0"
"Julien Mus Bon Ju Rouge ( SA-14-016-A )","Wine","—","0","0","0","-","0","-","-","SA-14-016-A 1.0","-","4 w","4 w","—","SA-14-016-A :   No","Legacy","—","—","30.0 % Week  49 - 53","-","-","0","0","0","0","0","0","0","0","0","0","0","0","0","0","0","0","0","0","0","0","0","0","0","0","0","0","0","0","0","0","0","0","0","0","0","0","0","0","0","0","0","0","0","0","0","0","0","0","0","0","0","0","0","0","0","0","0","0","0","0","0"
"Julien Mus Bon Ju Rosé ( SA-14-017-A )","Wine","—","0","0","0","-","0","-","-","SA-14-017-A 1.0","-","4 w","4 w","—","SA-14-017-A :   No","Legacy","—","—","30.0 % Week  49 - 53","-","-","0","0","0","0","0","0","0","0","0","0","0","0","0","0","0","0","0","0","0","0","0","0","0","0","0","0","0","0","0","0","0","0","0","0","0","0","0","0","0","0","0","0","0","0","0","0","0","0","0","0","0","0","0","0","0","0","0","0","0","0","0"
"Julien Mus Bon Ju Blanc ( SA-14-018-A )","Wine","—","0","0","0","-","0","-","-","SA-14-018-A 1.0","-","4 w","4 w","—","SA-14-018-A :   No","Legacy","—","—","30.0 % Week  49 - 53","-","-","0","0","0","0","0","0","0","0","0","0","0","0","0","0","0","0","0","0","0","0","0","0","0","0","0","0","0","0","0","0","0","0","0","0","0","0","0","0","0","0","0","0","0","0","0","0","0","0","0","0","0","0","0","0","0","0","0","0","0","0","0"
"Domaine Dumas Beaujolais Villages ( SA-14-019-A )","Wine","—","0","0","0","-","0","-","-","SA-14-019-A 1.0","-","4 w","4 w","—","SA-14-019-A :   No","Legacy","—","—","30.0 % Week  49 - 53","-","-","0","0","0","0","0","0","0","0","0","0","0","0","0","0","0","0","0","0","0","0","0","0","0","0","0","0","0","0","0","0","0","0","0","0","0","0","0","0","0","0","0","0","0","0","0","0","0","0","0","0","0","0","0","0","0","0","0","0","0","0","0"
"Domaine d'Escausses Vigne Blanche ( SA-14-020-A )","Wine","—","0","0","0","-","0","-","-","SA-14-020-A 1.0","-","4 w","4 w","—","SA-14-020-A :   No","Legacy","—","—","30.0 % Week  49 - 53","-","-","0","0","0","0","0","0","0","0","0","0","0","0","0","0","0","0","0","0","0","0","0","0","0","0","0","0","0","0","0","0","0","0","0","0","0","0","0","0","0","0","0","0","0","0","0","0","0","0","0","0","0","0","0","0","0","0","0","0","0","0","0"
"Placido Volpone Rosantica ( SA-14-021-A )","Wine","—","0","0","0","-","0","-","-","SA-14-021-A 1.0","-","4 w","4 w","—","SA-14-021-A :   No","Legacy","—","—","30.0 % Week  49 - 53","-","-","0","0","0","0","0","0","0","0","0","0","0","0","0","0","0","0","0","0","0","0","0","0","0","0","0","0","0","0","0","0","0","0","0","0","0","0","0","0","0","0","0","0","0","0","0","0","0","0","0","0","0","0","0","0","0","0","0","0","0","0","0"
"Placido Volpone Puglia IGP Rosso ""Il rosso e il nero ( SA-14-022-A )","Wine","—","0","0","0","-","0","-","-","SA-14-022-A 1.0","-","4 w","4 w","—","SA-14-022-A :   No","Legacy","—","—","30.0 % Week  49 - 53","-","-","0","0","0","0","0","0","0","0","0","0","0","0","0","0","0","0","0","0","0","0","0","0","0","0","0","0","0","0","0","0","0","0","0","0","0","0","0","0","0","0","0","0","0","0","0","0","0","0","0","0","0","0","0","0","0","0","0","0","0","0","0"
"Domaine D'Escausses, AOP Gaillac Rouge des drilles ( SA-14-023-A )","Wine","—","0","0","0","-","0","-","-","SA-14-023-A 1.0","-","4 w","4 w","—","SA-14-023-A :   No","Legacy","—","—","30.0 % Week  49 - 53","-","-","0","0","0","0","0","0","0","0","0","0","0","0","0","0","0","0","0","0","0","0","0","0","0","0","0","0","0","0","0","0","0","0","0","0","0","0","0","0","0","0","0","0","0","0","0","0","0","0","0","0","0","0","0","0","0","0","0","0","0","0","0"
"Domaine Lorieux St-Nicolas de Bourgueil ( SA-14-024-A )","Wine","—","0","0","0","-","0","-","-","SA-14-024-A 1.0","-","4 w","4 w","—","SA-14-024-A :   No","Legacy","—","—","30.0 % Week  49 - 53","-","-","0","0","0","0","0","0","0","0","0","0","0","0","0","0","0","0","0","0","0","0","0","0","0","0","0","0","0","0","0","0","0","0","0","0","0","0","0","0","0","0","0","0","0","0","0","0","0","0","0","0","0","0","0","0","0","0","0","0","0","0","0"
"Château du Donjon Minervois grande tradition ( SA-14-025-A )","Wine","—","0","0","0","-","0","-","-","SA-14-025-A 1.0","-","4 w","4 w","—","SA-14-025-A :   No","Legacy","—","—","30.0 % Week  49 - 53","-","-","0","0","0","0","0","0","0","0","0","0","0","0","0","0","0","0","0","0","0","0","0","0","0","0","0","0","0","0","0","0","0","0","0","0","0","0","0","0","0","0","0","0","0","0","0","0","0","0","0","0","0","0","0","0","0","0","0","0","0","0","0"
"La Garganta del Aguila ( SA-14-026-A )","Wine","—","0","0","0","-","0","-","-","SA-14-026-A 1.0","-","4 w","4 w","—","SA-14-026-A :   No","Legacy","—","—","30.0 % Week  49 - 53","-","-","0","0","0","0","0","0","0","0","0","0","0","0","0","0","0","0","0","0","0","0","0","0","0","0","0","0","0","0","0","0","0","0","0","0","0","0","0","0","0","0","0","0","0","0","0","0","0","0","0","0","0","0","0","0","0","0","0","0","0","0","0"
"Tandem Ars In Vitro 2018 ( SA-14-027-A )","Wine","—","0","0","0","-","0","-","-","SA-14-027-A 1.0","-","4 w","4 w","—","SA-14-027-A :   No","Legacy","—","—","30.0 % Week  49 - 53","-","-","0","0","0","0","0","0","0","0","0","0","0","0","0","0","0","0","0","0","0","0","0","0","0","0","0","0","0","0","0","0","0","0","0","0","0","0","0","0","0","0","0","0","0","0","0","0","0","0","0","0","0","0","0","0","0","0","0","0","0","0","0"
"Tandem Ars Nova 2015 ( SA-14-028-A )","Wine","—","0","0","0","-","0","-","-","SA-14-028-A 1.0","-","4 w","4 w","—","SA-14-028-A :   No","Legacy","—","—","30.0 % Week  49 - 53","-","-","0","0","0","0","0","0","0","0","0","0","0","0","0","0","0","0","0","0","0","0","0","0","0","0","0","0","0","0","0","0","0","0","0","0","0","0","0","0","0","0","0","0","0","0","0","0","0","0","0","0","0","0","0","0","0","0","0","0","0","0","0"
"Tolo do Xisto 2017 ( SA-14-029-A )","Wine","—","0","0","0","-","0","-","-","SA-14-029-A 1.0","-","4 w","4 w","—","SA-14-029-A :   No","Legacy","—","—","30.0 % Week  49 - 53","-","-","0","0","0","0","0","0","0","0","0","0","0","0","0","0","0","0","0","0","0","0","0","0","0","0","0","0","0","0","0","0","0","0","0","0","0","0","0","0","0","0","0","0","0","0","0","0","0","0","0","0","0","0","0","0","0","0","0","0","0","0","0"
"Volats Priorat 2018 ( SA-14-030-A )","Wine","—","0","0","0","-","0","-","-","SA-14-030-A 1.0","-","4 w","4 w","—","SA-14-030-A :   No","Legacy","—","—","30.0 % Week  49 - 53","-","-","0","0","0","0","0","0","0","0","0","0","0","0","0","0","0","0","0","0","0","0","0","0","0","0","0","0","0","0","0","0","0","0","0","0","0","0","0","0","0","0","0","0","0","0","0","0","0","0","0","0","0","0","0","0","0","0","0","0","0","0","0"
"Teulera Blanc 2022 ( SA-14-031-A )","Wine","—","0","0","0","-","0","-","-","SA-14-031-A 1.0","-","4 w","4 w","—","SA-14-031-A :   No","Legacy","—","—","30.0 % Week  49 - 53","-","-","0","0","0","0","0","0","0","0","0","0","0","0","0","0","0","0","0","0","0","0","0","0","0","0","0","0","0","0","0","0","0","0","0","0","0","0","0","0","0","0","0","0","0","0","0","0","0","0","0","0","0","0","0","0","0","0","0","0","0","0","0"
"l'India Blanc 2019 ( SA-14-032-A )","Wine","—","0","0","0","-","0","-","-","SA-14-032-A 1.0","-","4 w","4 w","—","SA-14-032-A :   No","Legacy","—","—","30.0 % Week  49 - 53","-","-","0","0","0","0","0","0","0","0","0","0","0","0","0","0","0","0","0","0","0","0","0","0","0","0","0","0","0","0","0","0","0","0","0","0","0","0","0","0","0","0","0","0","0","0","0","0","0","0","0","0","0","0","0","0","0","0","0","0","0","0","0"
"L'India Negre 2018 ( SA-14-033-A )","Wine","—","0","0","0","-","0","-","-","SA-14-033-A 1.0","-","4 w","4 w","—","SA-14-033-A :   No","Legacy","—","—","30.0 % Week  49 - 53","-","-","0","0","0","0","0","0","0","0","0","0","0","0","0","0","0","0","0","0","0","0","0","0","0","0","0","0","0","0","0","0","0","0","0","0","0","0","0","0","0","0","0","0","0","0","0","0","0","0","0","0","0","0","0","0","0","0","0","0","0","0","0"
"Meldor Rioja 2019 ( SA-14-034-A )","Wine","—","0","0","0","-","0","-","-","SA-14-034-A 1.0","-","4 w","4 w","—","SA-14-034-A :   No","Legacy","—","—","30.0 % Week  49 - 53","-","-","0","0","0","0","0","0","0","0","0","0","0","0","0","0","0","0","0","0","0","0","0","0","0","0","0","0","0","0","0","0","0","0","0","0","0","0","0","0","0","0","0","0","0","0","0","0","0","0","0","0","0","0","0","0","0","0","0","0","0","0","0"
"Bodega Tandem Casual Blanco ( SA-14-035-A )","Wine","—","0","0","0","-","0","-","-","SA-14-035-A 1.0","-","4 w","4 w","—","SA-14-035-A :   No","Legacy","—","—","30.0 % Week  49 - 53","-","-","0","0","0","0","0","0","0","0","0","0","0","0","0","0","0","0","0","0","0","0","0","0","0","0","0","0","0","0","0","0","0","0","0","0","0","0","0","0","0","0","0","0","0","0","0","0","0","0","0","0","0","0","0","0","0","0","0","0","0","0","0"
"Lagar de Brais ( SA-14-036-A )","Wine","—","0","0","0","-","0","-","-","SA-14-036-A 1.0","-","4 w","4 w","—","SA-14-036-A :   No","Legacy","—","—","30.0 % Week  49 - 53","-","-","0","0","0","0","0","0","0","0","0","0","0","0","0","0","0","0","0","0","0","0","0","0","0","0","0","0","0","0","0","0","0","0","0","0","0","0","0","0","0","0","0","0","0","0","0","0","0","0","0","0","0","0","0","0","0","0","0","0","0","0","0"
"La Spia Valtellina ( SA-14-037-A )","Wine","—","0","0","0","-","0","-","-","SA-14-037-A 1.0","-","4 w","4 w","—","SA-14-037-A :   No","Legacy","—","—","30.0 % Week  49 - 53","-","-","0","0","0","0","0","0","0","0","0","0","0","0","0","0","0","0","0","0","0","0","0","0","0","0","0","0","0","0","0","0","0","0","0","0","0","0","0","0","0","0","0","0","0","0","0","0","0","0","0","0","0","0","0","0","0","0","0","0","0","0","0"
"Domaine d'Escausses Gamay ""Les Bons Vivants"" ( SA-14-038-A )","Wine","—","0","0","0","-","0","-","-","SA-14-038-A 1.0","-","4 w","4 w","—","SA-14-038-A :   No","Legacy","—","—","30.0 % Week  49 - 53","-","-","0","0","0","0","0","0","0","0","0","0","0","0","0","0","0","0","0","0","0","0","0","0","0","0","0","0","0","0","0","0","0","0","0","0","0","0","0","0","0","0","0","0","0","0","0","0","0","0","0","0","0","0","0","0","0","0","0","0","0","0","0"
"Domaine Reine Juliette Gewurztraminer ( SA-14-039-A )","Wine","—","0","0","0","-","0","-","-","SA-14-039-A 1.0","-","4 w","4 w","—","SA-14-039-A :   No","Legacy","—","—","30.0 % Week  49 - 53","-","-","0","0","0","0","0","0","0","0","0","0","0","0","0","0","0","0","0","0","0","0","0","0","0","0","0","0","0","0","0","0","0","0","0","0","0","0","0","0","0","0","0","0","0","0","0","0","0","0","0","0","0","0","0","0","0","0","0","0","0","0","0"
"Pier Paolo Grasso Langhe Nebbiolo ""Riva"" ( SA-14-040-A )","Wine","—","0","0","0","-","0","-","-","SA-14-040-A 1.0","-","4 w","4 w","—","SA-14-040-A :   No","Legacy","—","—","30.0 % Week  49 - 53","-","-","0","0","0","0","0","0","0","0","0","0","0","0","0","0","0","0","0","0","0","0","0","0","0","0","0","0","0","0","0","0","0","0","0","0","0","0","0","0","0","0","0","0","0","0","0","0","0","0","0","0","0","0","0","0","0","0","0","0","0","0","0"
"Terre de Malbec ( SA-14-041-A )","Wine","—","0","0","0","-","0","-","-","SA-14-041-A 1.0","-","4 w","4 w","—","SA-14-041-A :   No","Legacy","—","—","30.0 % Week  49 - 53","-","-","0","0","0","0","0","0","0","0","0","0","0","0","0","0","0","0","0","0","0","0","0","0","0","0","0","0","0","0","0","0","0","0","0","0","0","0","0","0","0","0","0","0","0","0","0","0","0","0","0","0","0","0","0","0","0","0","0","0","0","0","0"
"Smoking Loon Pinot Grigio ( SA-14-042-A )","Wine","WCC","0","2","1","-","1","-","-","SA-14-042-A 1.0","-","4 w","4 w","—","SA-14-042-A :   No","Legacy","—","—","30.0 % Week  49 - 53","-","-","0","0","0","0","0","0","0","0","0","0","0","0","0","0","0","0","0","0","0","0","0","0","0","0","0","0","0","0","0","0","0","0","0","0","0","0","0","0","0","0","0","0","0","0","0","0","0","0","0","0","0","0","0","0","0","0","0","0","0","0","0"
"Garden Row Sauvignon Blanc ( SA-14-043-A )","Wine","—","0","0","0","-","0","-","-","SA-14-043-A 1.0","-","4 w","4 w","—","SA-14-043-A :   No","Legacy","—","—","30.0 % Week  49 - 53","-","-","0","0","0","0","0","0","0","0","0","0","0","0","0","0","0","0","0","0","0","0","0","0","0","0","0","0","0","0","0","0","0","0","0","0","0","0","0","0","0","0","0","0","0","0","0","0","0","0","0","0","0","0","0","0","0","0","0","0","0","0","0"
"Custard Califonia Chardonnay ( SA-14-044-A )","Wine","WCC","0","4","2","-","2","-","-","SA-14-044-A 1.0","-","4 w","4 w","—","SA-14-044-A :   No","Legacy","—","—","30.0 % Week  49 - 53","-","-","0","0","0","0","0","0","0","0","0","0","0","0","0","0","0","0","0","0","0","0","0","0","0","0","0","0","0","0","0","0","0","0","0","0","0","0","0","0","0","0","0","0","0","0","0","0","0","0","0","0","0","0","0","0","0","0","0","0","0","0","0"
"The Path Moscato ( SA-14-045-A )","Wine","WCC","0","4","2","-","2","-","-","SA-14-045-A 1.0","Medium Wine :  0.6 %","4 w","4 w","—","SA-14-045-A :   No","Legacy","—","—","30.0 % Week  49 - 53","-","-","0","0","0","0","0","0","0","0","1","0","0","0","0","0","0","0","2","4","9","8","2","3","1","1","1","0","0","0","0","0","0","0","0","0","0","0","0","0","0","0","0","0","0","0","0","0","0","0","0","0","0","0","0","0","0","0","0","0","0","0","0"
"Simple Life 2021 Rosé ( SA-14-046-A )","Wine","WCC","0","0","0","-","0","-","-","SA-14-046-A 1.0","-","4 w","4 w","—","SA-14-046-A :   No","Legacy","—","—","30.0 % Week  49 - 53","-","-","0","0","0","0","0","0","0","0","0","0","0","0","0","0","0","0","0","0","0","0","0","0","0","0","0","0","0","0","0","0","0","0","0","0","0","0","0","0","0","0","0","0","0","0","0","0","0","0","0","0","0","0","0","0","0","0","0","0","0","0","0"
"The Path Pink Moscato ( SA-14-047-A )","Wine","WCC","0","2","1","-","1","-","-","SA-14-047-A 1.0","-","4 w","4 w","—","SA-14-047-A :   No","Legacy","—","—","30.0 % Week  49 - 53","-","-","0","0","0","0","0","0","0","0","0","0","0","0","0","0","0","0","0","0","0","0","0","0","0","0","0","0","0","0","0","0","0","0","0","0","0","0","0","0","0","0","0","0","0","0","0","0","0","0","0","0","0","0","0","0","0","0","0","0","0","0","0"
"Momentus Chardonnay 2019 ( SA-14-048-A )","Wine","WCC","0","4","2","-","2","-","-","SA-14-048-A 1.0","-","4 w","4 w","—","SA-14-048-A :   No","Legacy","—","—","30.0 % Week  49 - 53","-","-","0","0","0","0","0","0","0","0","0","0","0","0","0","0","0","0","0","0","0","0","0","0","0","0","0","0","0","0","0","0","0","0","0","0","0","0","0","0","0","0","0","0","0","0","0","0","0","0","0","0","0","0","0","0","0","0","0","0","0","0","0"
"La Giana Pinot Grigio ( SA-14-049-A )","Wine","—","0","0","0","-","0","-","-","SA-14-049-A 1.0","-","4 w","4 w","—","SA-14-049-A :   No","Legacy","—","—","30.0 % Week  49 - 53","-","-","0","0","0","0","0","0","0","0","0","0","0","0","0","0","0","0","0","0","0","0","0","0","0","0","0","0","0","0","0","0","0","0","0","0","0","0","0","0","0","0","0","0","0","0","0","0","0","0","0","0","0","0","0","0","0","0","0","0","0","0","0"
"Kir Yianni Sparkling Rosé ( SA-14-050-A )","Wine","—","0","0","0","-","0","-","-","SA-14-050-A 1.0","-","4 w","4 w","—","SA-14-050-A :   No","Legacy","—","—","30.0 % Week  49 - 53","-","-","0","0","0","0","0","0","0","0","0","0","0","0","0","0","0","0","0","0","0","0","0","0","0","0","0","0","0","0","0","0","0","0","0","0","0","0","0","0","0","0","0","0","0","0","0","0","0","0","0","0","0","0","0","0","0","0","0","0","0","0","0"
"Domaine Skouras 'Zoe' White Greek Blend ( SA-14-051-A )","Wine","—","0","0","0","-","0","-","-","SA-14-051-A 1.0","-","4 w","4 w","—","SA-14-051-A :   No","Legacy","—","—","30.0 % Week  49 - 53","-","-","0","0","0","0","0","0","0","0","0","0","0","0","0","0","0","0","0","0","0","0","0","0","0","0","0","0","0","0","0","0","0","0","0","0","0","0","0","0","0","0","0","0","0","0","0","0","0","0","0","0","0","0","0","0","0","0","0","0","0","0","0"
"Izzie Isadora North Coast Pinot ( SA-14-052-A )","Wine","WCC","0","0","0","-","0","-","-","SA-14-052-A 1.0","-","4 w","4 w","—","SA-14-052-A :   No","Legacy","—","—","30.0 % Week  49 - 53","-","-","0","0","0","0","0","0","0","0","0","0","0","0","0","0","0","0","0","0","0","0","0","0","0","0","0","0","0","0","0","0","0","0","0","0","0","0","0","0","0","0","0","0","0","0","0","0","0","0","0","0","0","0","0","0","0","0","0","0","0","0","0"
"E. Gordon 2013 Pinot Noir Sonoma County ( SA-14-053-A )","Wine","—","0","0","0","-","0","-","-","SA-14-053-A 1.0","-","4 w","4 w","—","SA-14-053-A :   No","Legacy","—","—","30.0 % Week  49 - 53","-","-","0","0","0","0","0","0","0","0","0","0","0","0","0","0","0","0","0","0","0","0","0","0","0","0","0","0","0","0","0","0","0","0","0","0","0","0","0","0","0","0","0","0","0","0","0","0","0","0","0","0","0","0","0","0","0","0","0","0","0","0","0"
"Sphinx 2018 Red Blend ( SA-14-054-A )","Wine","WCC","0","6","3","-","3","-","-","SA-14-054-A 1.0","-","4 w","4 w","—","SA-14-054-A :   No","Legacy","—","—","30.0 % Week  49 - 53","-","-","0","0","0","0","0","0","0","0","0","0","0","0","0","0","0","0","0","0","0","0","0","0","0","0","0","0","0","0","0","0","0","0","0","0","0","0","0","0","0","0","0","0","0","0","0","0","0","0","0","0","0","0","0","0","0","0","0","0","0","0","0"
"Envisage North Coast Cabernet ( SA-14-055-A )","Wine","—","0","0","0","-","0","-","-","SA-14-055-A 1.0","-","4 w","4 w","—","SA-14-055-A :   No","Legacy","—","—","30.0 % Week  49 - 53","-","-","0","0","0","0","0","0","0","0","0","0","0","0","0","0","0","0","0","0","0","0","0","0","0","0","0","0","0","0","0","0","0","0","0","0","0","0","0","0","0","0","0","0","0","0","0","0","0","0","0","0","0","0","0","0","0","0","0","0","0","0","0"
"Garden Row Paso Robles ( SA-14-056-A )","Wine","—","0","0","0","-","0","-","-","SA-14-056-A 1.0","-","4 w","4 w","—","SA-14-056-A :   No","Legacy","—","—","30.0 % Week  49 - 53","-","-","0","0","0","0","0","0","0","0","0","0","0","0","0","0","0","0","0","0","0","0","0","0","0","0","0","0","0","0","0","0","0","0","0","0","0","0","0","0","0","0","0","0","0","0","0","0","0","0","0","0","0","0","0","0","0","0","0","0","0","0","0"
"The Path Merlot ( SA-14-057-A )","Wine","WCC","0","4","2","-","2","-","-","SA-14-057-A 1.0","-","4 w","4 w","—","SA-14-057-A :   No","Legacy","—","—","30.0 % Week  49 - 53","-","-","0","0","0","0","0","0","0","0","0","0","0","0","0","0","0","0","0","0","0","0","0","0","0","0","0","0","0","0","0","0","0","0","0","0","0","0","0","0","0","0","0","0","0","0","0","0","0","0","0","0","0","0","0","0","0","0","0","0","0","0","0"
"Garden Row Red Blend ( SA-14-058-A )","Wine","—","0","0","0","-","0","-","-","SA-14-058-A 1.0","-","4 w","4 w","—","SA-14-058-A :   No","Legacy","—","—","30.0 % Week  49 - 53","-","-","0","0","0","0","0","0","0","0","0","0","0","0","0","0","0","0","0","0","0","0","0","0","0","0","0","0","0","0","0","0","0","0","0","0","0","0","0","0","0","0","0","0","0","0","0","0","0","0","0","0","0","0","0","0","0","0","0","0","0","0","0"
"The Crusher Petite Sirah ( SA-14-059-A )","Wine","WCC","0","0","0","-","0","-","-","SA-14-059-A 1.0","-","4 w","4 w","—","SA-14-059-A :   No","Legacy","—","—","30.0 % Week  49 - 53","-","-","0","0","0","0","0","0","0","0","0","0","0","0","0","0","0","0","0","0","0","0","0","0","0","0","0","0","0","0","0","0","0","0","0","0","0","0","0","0","0","0","0","0","0","0","0","0","0","0","0","0","0","0","0","0","0","0","0","0","0","0","0"
"Leese Fitch Zinfandel ( SA-14-060-A )","Wine","WCC","0","0","0","-","0","-","-","SA-14-060-A 1.0","-","4 w","4 w","—","SA-14-060-A :   No","Legacy","—","—","30.0 % Week  49 - 53","-","-","0","0","0","0","0","0","0","0","0","0","0","0","0","0","0","0","0","0","0","0","0","0","0","0","0","0","0","0","0","0","0","0","0","0","0","0","0","0","0","0","0","0","0","0","0","0","0","0","0","0","0","0","0","0","0","0","0","0","0","0","0"
"Big Smooth Old-Vine Zinfandel ( SA-14-061-A )","Wine","WCC","0","8","4","-","4","-","-","SA-14-061-A 1.0","-","4 w","4 w","—","SA-14-061-A :   No","Legacy","—","—","30.0 % Week  49 - 53","-","-","0","0","0","0","0","0","0","0","0","0","0","0","0","0","0","0","0","0","0","0","0","0","0","0","0","0","0","0","0","0","0","0","0","0","0","0","0","0","0","0","0","0","0","0","0","0","0","0","0","0","0","0","0","0","0","0","0","0","0","0","0"
"Giuseppe and Luigi Prosecco ( SA-14-062-A )","Wine","—","0","0","0","-","0","-","-","SA-14-062-A 1.0","-","4 w","4 w","—","SA-14-062-A :   No","Legacy","—","—","30.0 % Week  49 - 53","-","-","0","0","0","0","0","0","0","0","0","0","0","0","0","0","0","0","0","0","0","0","0","0","0","0","0","0","0","0","0","0","0","0","0","0","0","0","0","0","0","0","0","0","0","0","0","0","0","0","0","0","0","0","0","0","0","0","0","0","0","0","0"
"SA-14-063 ( SA-14-063 )","Wine","WCC","0","0","0","-","0","-","-","SA-14-063","-","4 w","4 w","—","SA-14-063 :   No","Legacy","—","—","30.0 % Week  49 - 53","-","-","0","0","0","0","0","0","0","0","0","0","0","0","0","0","0","0","0","0","0","0","0","0","0","0","0","0","0","0","0","0","0","0","0","0","0","0","0","0","0","0","0","0","0","0","0","0","0","0","0","0","0","0","0","0","0","0","0","0","0","0","0"
"Califortune Brut Cuvee  ( SA-14-063-A )","Wine","—","0","4","2","-","2","-","-","SA-14-063-A 1.0","-","4 w","4 w","—","SA-14-063-A :   Yes","Legacy","—","—","30.0 % Week  49 - 53","-","-","0","0","0","0","0","0","0","0","0","0","0","0","0","0","0","0","0","0","0","0","0","0","0","0","0","0","0","0","0","0","0","0","0","0","0","0","0","0","0","0","0","0","0","0","0","0","0","0","0","0","0","0","0","0","0","0","0","0","0","0","0"
"Saber Brut  Rosé ( SA-14-064-A )","Wine","—","0","0","0","-","0","-","-","SA-14-064-A 1.0","-","4 w","4 w","—","SA-14-064-A :   No","Legacy","—","—","30.0 % Week  49 - 53","-","-","0","0","0","0","0","0","0","0","0","0","0","0","0","0","0","0","0","0","0","0","0","0","0","0","0","0","0","0","0","0","0","0","0","0","0","0","0","0","0","0","0","0","0","0","0","0","0","0","0","0","0","0","0","0","0","0","0","0","0","0","0"
"Urgency Zinfandel  ( SA-14-065-A )","Wine","—","0","0","0","-","0","-","-","SA-14-065-A 1.0","-","4 w","4 w","—","SA-14-065-A :   No","Legacy","—","—","30.0 % Week  49 - 53","-","-","0","0","0","0","0","0","0","0","0","0","0","0","0","0","0","0","0","0","0","0","0","0","0","0","0","0","0","0","0","0","0","0","0","0","0","0","0","0","0","0","0","0","0","0","0","0","0","0","0","0","0","0","0","0","0","0","0","0","0","0","0"
"Urgency Chardonnay  ( SA-14-066-A )","Wine","—","0","0","0","-","0","-","-","SA-14-066-A 1.0","-","4 w","4 w","—","SA-14-066-A :   No","Legacy","—","—","30.0 % Week  49 - 53","-","-","0","0","0","0","0","0","0","0","0","0","0","0","0","0","0","0","0","0","0","0","0","0","0","0","0","0","0","0","0","0","0","0","0","0","0","0","0","0","0","0","0","0","0","0","0","0","0","0","0","0","0","0","0","0","0","0","0","0","0","0","0"
"Elder Rock Pino Grigo  ( SA-14-067-A )","Wine","WCC","0","0","0","-","0","-","-","SA-14-067-A 1.0","-","4 w","4 w","—","SA-14-067-A :   No","Legacy","—","—","30.0 % Week  49 - 53","-","-","0","0","0","0","0","0","0","0","0","0","0","0","0","0","0","0","0","0","0","0","0","0","0","0","0","0","0","0","0","0","0","0","0","0","0","0","0","0","0","0","0","0","0","0","0","0","0","0","0","0","0","0","0","0","0","0","0","0","0","0","0"
"Reflection Ridge Red Blend  ( SA-14-068-A )","Wine","—","0","0","0","-","0","-","-","SA-14-068-A 1.0","-","4 w","4 w","—","SA-14-068-A :   No","Legacy","—","—","30.0 % Week  49 - 53","-","-","0","0","0","0","0","0","0","0","0","0","0","0","0","0","0","0","0","0","0","0","0","0","0","0","0","0","0","0","0","0","0","0","0","0","0","0","0","0","0","0","0","0","0","0","0","0","0","0","0","0","0","0","0","0","0","0","0","0","0","0","0"
"Axel des Vignes Bordeaux  ( SA-14-069-A )","Wine","—","0","0","0","-","0","-","-","SA-14-069-A 1.0","-","4 w","4 w","—","SA-14-069-A :   No","Legacy","—","—","30.0 % Week  49 - 53","-","-","0","0","0","0","0","0","0","0","0","0","0","0","0","0","0","0","0","0","0","0","0","0","0","0","0","0","0","0","0","0","0","0","0","0","0","0","0","0","0","0","0","0","0","0","0","0","0","0","0","0","0","0","0","0","0","0","0","0","0","0","0"
"Tutela Pinot Grigio ( SA-14-070-A )","Wine","—","0","0","0","-","0","-","-","SA-14-070-A 1.0","-","4 w","4 w","—","SA-14-070-A :   No","Legacy","—","—","30.0 % Week  49 - 53","-","-","0","0","0","0","0","0","0","0","0","0","0","0","0","0","0","0","0","0","0","0","0","0","0","0","0","0","0","0","0","0","0","0","0","0","0","0","0","0","0","0","0","0","0","0","0","0","0","0","0","0","0","0","0","0","0","0","0","0","0","0","0"
"Nebla Veredejo Rosé ( SA-14-071-A )","Wine","—","0","0","0","-","0","-","-","SA-14-071-A 1.0","-","4 w","4 w","—","SA-14-071-A :   No","Legacy","—","—","30.0 % Week  49 - 53","-","-","0","0","0","0","0","0","0","0","0","0","0","0","0","0","0","0","0","0","0","0","0","0","0","0","0","0","0","0","0","0","0","0","0","0","0","0","0","0","0","0","0","0","0","0","0","0","0","0","0","0","0","0","0","0","0","0","0","0","0","0","0"
"Longford Estate Cabernet Sauvignon ( SA-14-072-A )","Wine","—","0","0","0","-","0","-","-","SA-14-072-A 1.0","-","4 w","4 w","—","SA-14-072-A :   No","Legacy","—","—","30.0 % Week  49 - 53","-","-","0","0","0","0","0","0","0","0","0","0","0","0","0","0","0","0","0","0","0","0","0","0","0","0","0","0","0","0","0","0","0","0","0","0","0","0","0","0","0","0","0","0","0","0","0","0","0","0","0","0","0","0","0","0","0","0","0","0","0","0","0"
"Savino Prosecco  ( SA-14-073-A )","Wine","—","0","0","0","-","0","-","-","SA-14-073-A 1.0","-","4 w","4 w","—","SA-14-073-A :   No","Legacy","—","—","30.0 % Week  49 - 53","-","-","0","0","0","0","0","0","0","0","0","0","0","0","0","0","0","0","0","0","0","0","0","0","0","0","0","0","0","0","0","0","0","0","0","0","0","0","0","0","0","0","0","0","0","0","0","0","0","0","0","0","0","0","0","0","0","0","0","0","0","0","0"
"Maison Montagne Cabernet Sauvignon ( SA-14-074-A )","Wine","—","0","0","0","-","0","-","-","SA-14-074-A 1.0","-","4 w","4 w","—","SA-14-074-A :   No","Legacy","—","—","30.0 % Week  49 - 53","-","-","0","0","0","0","0","0","0","0","0","0","0","0","0","0","0","0","0","0","0","0","0","0","0","0","0","0","0","0","0","0","0","0","0","0","0","0","0","0","0","0","0","0","0","0","0","0","0","0","0","0","0","0","0","0","0","0","0","0","0","0","0"
"Lab Rosé ( SA-14-075-A )","Wine","WCC","0","8","4","-","4","-","-","SA-14-075-A 1.0","-","4 w","4 w","—","SA-14-075-A :   Yes","Legacy","—","—","30.0 % Week  49 - 53","-","-","0","0","0","0","0","0","0","0","0","0","0","0","0","0","0","0","0","0","0","0","0","0","0","0","0","0","0","0","0","0","0","0","0","0","0","0","0","0","0","0","0","0","0","0","0","0","0","0","0","0","0","0","0","0","0","0","0","0","0","0","0"
"Ryder Estate Pinot Noir Rosé ( SA-14-076-A )","Wine","WCC","0","0","0","-","0","-","-","SA-14-076-A 1.0","-","4 w","4 w","—","SA-14-076-A :   No","Legacy","—","—","30.0 % Week  49 - 53","-","-","0","0","0","0","0","0","0","0","0","0","0","0","0","0","0","0","0","0","0","0","0","0","0","0","0","0","0","0","0","0","0","0","0","0","0","0","0","0","0","0","0","0","0","0","0","0","0","0","0","0","0","0","0","0","0","0","0","0","0","0","0"
"The Promise Rosé ( SA-14-077-A )","Wine","WCC","0","0","0","-","0","-","-","SA-14-077-A 1.0","-","4 w","4 w","—","SA-14-077-A :   No","Legacy","—","—","30.0 % Week  49 - 53","-","-","0","0","0","0","0","0","0","0","0","0","0","0","0","0","0","0","0","0","0","0","0","0","0","0","0","0","0","0","0","0","0","0","0","0","0","0","0","0","0","0","0","0","0","0","0","0","0","0","0","0","0","0","0","0","0","0","0","0","0","0","0"
"Knottyhead Chardonnay  ( SA-14-078-A )","Wine","—","0","0","0","-","0","-","-","SA-14-078-A 1.0","-","4 w","4 w","—","SA-14-078-A :   No","Legacy","—","—","30.0 % Week  49 - 53","-","-","0","0","0","0","0","0","0","0","0","0","0","0","0","0","0","0","0","0","0","0","0","0","0","0","0","0","0","0","0","0","0","0","0","0","0","0","0","0","0","0","0","0","0","0","0","0","0","0","0","0","0","0","0","0","0","0","0","0","0","0","0"
"Nino Ardevi Pinot Grigio Delle Venezie DOC ( SA-14-079-A )","Wine","—","0","0","0","-","0","-","-","SA-14-079-A 1.0","-","4 w","4 w","—","SA-14-079-A :   No","Legacy","—","—","30.0 % Week  49 - 53","-","-","0","0","0","0","0","0","0","0","0","0","0","0","0","0","0","0","0","0","0","0","0","0","0","0","0","0","0","0","0","0","0","0","0","0","0","0","0","0","0","0","0","0","0","0","0","0","0","0","0","0","0","0","0","0","0","0","0","0","0","0","0"
"Calyptra Vivendo Reserva Chardonnay ( SA-14-080-A )","Wine","—","0","0","0","-","0","-","-","SA-14-080-A 1.0","-","4 w","4 w","—","SA-14-080-A :   No","Legacy","—","—","30.0 % Week  49 - 53","-","-","0","0","0","0","0","0","0","0","0","0","0","0","0","0","0","0","0","0","0","0","0","0","0","0","0","0","0","0","0","0","0","0","0","0","0","0","0","0","0","0","0","0","0","0","0","0","0","0","0","0","0","0","0","0","0","0","0","0","0","0","0"
"Calyptra Vivendo Reserva Sauvignon Blanc ( SA-14-081-A )","Wine","WCC","0","0","0","-","0","-","-","SA-14-081-A 1.0","-","4 w","4 w","—","SA-14-081-A :   No","Legacy","—","—","30.0 % Week  49 - 53","-","-","0","0","0","0","0","0","0","0","0","0","0","0","0","0","0","0","0","0","0","0","0","0","0","0","0","0","0","0","0","0","0","0","0","0","0","0","0","0","0","0","0","0","0","0","0","0","0","0","0","0","0","0","0","0","0","0","0","0","0","0","0"
"M by Martellotto Syrah Paso Robles ( SA-14-082-A )","Wine","—","0","0","0","-","0","-","-","SA-14-082-A 1.0","-","4 w","4 w","—","SA-14-082-A :   No","Legacy","—","—","30.0 % Week  49 - 53","-","-","0","0","0","0","0","0","0","0","0","0","0","0","0","0","0","0","0","0","0","0","0","0","0","0","0","0","0","0","0","0","0","0","0","0","0","0","0","0","0","0","0","0","0","0","0","0","0","0","0","0","0","0","0","0","0","0","0","0","0","0","0"
"Wayra Estate Uco Valley Mendoza Malbec ( SA-14-083-A )","Wine","—","0","0","0","-","0","-","-","SA-14-083-A 1.0","-","4 w","4 w","—","SA-14-083-A :   No","Legacy","—","—","30.0 % Week  49 - 53","-","-","0","0","0","0","0","0","0","0","0","0","0","0","0","0","0","0","0","0","0","0","0","0","0","0","0","0","0","0","0","0","0","0","0","0","0","0","0","0","0","0","0","0","0","0","0","0","0","0","0","0","0","0","0","0","0","0","0","0","0","0","0"
"Cruzat Brut ( SA-14-084-A )","Wine","WCC","0","0","0","-","0","-","-","SA-14-084-A 1.0","-","4 w","4 w","—","SA-14-084-A :   Yes","Legacy","—","—","30.0 % Week  49 - 53","-","-","0","0","0","0","0","0","0","0","0","0","0","0","0","0","0","0","0","0","0","0","0","0","0","0","0","0","0","0","0","0","0","0","0","0","0","0","0","0","0","0","0","0","0","0","0","0","0","0","0","0","0","0","0","0","0","0","0","0","0","0","0"
"Durigutti Cabernet ( SA-14-085-A )","Wine","—","0","0","0","-","0","-","-","SA-14-085-A 1.0","-","4 w","4 w","—","SA-14-085-A :   No","Legacy","—","—","30.0 % Week  49 - 53","-","-","0","0","0","0","0","0","0","0","0","0","0","0","0","0","0","0","0","0","0","0","0","0","0","0","0","0","0","0","0","0","0","0","0","0","0","0","0","0","0","0","0","0","0","0","0","0","0","0","0","0","0","0","0","0","0","0","0","0","0","0","0"
"Avivo Vermentino ( SA-14-086-A )","Wine","WCC","0","2","1","-","1","-","-","SA-14-086-A 1.0","-","4 w","4 w","—","SA-14-086-A :   No","Legacy","—","—","30.0 % Week  49 - 53","-","-","0","0","0","0","0","0","0","0","0","0","0","0","0","0","0","0","0","0","0","0","0","0","0","0","0","0","0","0","0","0","0","0","0","0","0","0","0","0","0","0","0","0","0","0","0","0","0","0","0","0","0","0","0","0","0","0","0","0","0","0","0"
"Avivo Sangiovese ( SA-14-087-A )","Wine","—","0","0","0","-","0","-","-","SA-14-087-A 1.0","-","4 w","4 w","—","SA-14-087-A :   No","Legacy","—","—","30.0 % Week  49 - 53","-","-","0","0","0","0","0","0","0","0","0","0","0","0","0","0","0","0","0","0","0","0","0","0","0","0","0","0","0","0","0","0","0","0","0","0","0","0","0","0","0","0","0","0","0","0","0","0","0","0","0","0","0","0","0","0","0","0","0","0","0","0","0"
"Tutela Prosecco ( SA-14-088-A )","Wine","—","0","0","0","-","0","-","-","SA-14-088-A 1.0","-","4 w","4 w","—","SA-14-088-A :   No","Legacy","—","—","30.0 % Week  49 - 53","-","-","0","0","0","0","0","0","0","0","0","0","0","0","0","0","0","0","0","0","0","0","0","0","0","0","0","0","0","0","0","0","0","0","0","0","0","0","0","0","0","0","0","0","0","0","0","0","0","0","0","0","0","0","0","0","0","0","0","0","0","0","0"
"Fossil Point Grenache RosÃ© ( SA-14-089-A )","Wine","WCC","0","12","6","-","6","-","-","SA-14-089-A 1.0","-","4 w","4 w","—","SA-14-089-A :   No","Legacy","—","—","30.0 % Week  49 - 53","-","-","0","0","0","0","0","0","0","0","0","0","0","0","0","0","0","0","0","0","0","0","0","0","0","0","0","0","0","0","0","0","0","0","0","0","0","0","0","0","0","0","0","0","0","0","0","0","0","0","0","0","0","0","0","0","0","0","0","0","0","0","0"
"Badenhorst Curator Red ( SA-14-090-A )","Wine","WCC","0","0","0","-","0","-","-","SA-14-090-A 1.0","-","4 w","4 w","—","SA-14-090-A :   No","Legacy","—","—","30.0 % Week  49 - 53","-","-","0","0","0","0","0","0","0","0","0","0","0","0","0","0","0","0","0","0","0","0","0","0","0","0","0","0","0","0","0","0","0","0","0","0","0","0","0","0","0","0","0","0","0","0","0","0","0","0","0","0","0","0","0","0","0","0","0","0","0","0","0"
"Badenhorst Curator White ( SA-14-091-A )","Wine","WCC","0","2","1","-","1","-","-","SA-14-091-A 1.0","-","4 w","4 w","—","SA-14-091-A :   No","Legacy","—","—","30.0 % Week  49 - 53","-","-","0","0","0","0","0","0","0","0","0","0","0","0","0","0","0","0","0","0","0","0","0","0","0","0","0","0","0","0","0","0","0","0","0","0","0","0","0","0","0","0","0","0","0","0","0","0","0","0","0","0","0","0","0","0","0","0","0","0","0","0","0"
"Raia Chardonnay ( SA-14-092-A )","Wine","WCC","0","4","2","-","2","-","-","SA-14-092-A 1.0","Medium Wine :  0.6 %","4 w","4 w","—","SA-14-092-A :   No","Legacy","—","—","30.0 % Week  49 - 53","-","-","0","0","0","0","0","0","0","0","1","0","0","0","0","0","0","0","2","4","9","8","2","3","1","1","1","0","0","0","0","0","0","0","0","0","0","0","0","0","0","0","0","0","0","0","0","0","0","0","0","0","0","0","0","0","0","0","0","0","0","0","0"
"La Yunta Torrontes ( SA-14-093-A )","Wine","—","0","0","0","-","0","-","-","SA-14-093-A 1.0","-","4 w","4 w","—","SA-14-093-A :   No","Legacy","—","—","30.0 % Week  49 - 53","-","-","0","0","0","0","0","0","0","0","0","0","0","0","0","0","0","0","0","0","0","0","0","0","0","0","0","0","0","0","0","0","0","0","0","0","0","0","0","0","0","0","0","0","0","0","0","0","0","0","0","0","0","0","0","0","0","0","0","0","0","0","0"
"Dos Fincas Cabernet Malbec ( SA-14-094-A )","Wine","—","0","0","0","-","0","-","-","SA-14-094-A 1.0","-","4 w","4 w","—","SA-14-094-A :   No","Legacy","—","—","30.0 % Week  49 - 53","-","-","0","0","0","0","0","0","0","0","0","0","0","0","0","0","0","0","0","0","0","0","0","0","0","0","0","0","0","0","0","0","0","0","0","0","0","0","0","0","0","0","0","0","0","0","0","0","0","0","0","0","0","0","0","0","0","0","0","0","0","0","0"
"Shannon Ridge High Elevation Sauvignon Blanc ( SA-14-095-A )","Wine","WCC","0","0","0","-","0","-","-","SA-14-095-A 1.0","-","4 w","4 w","—","SA-14-095-A :   Yes","Legacy","—","—","30.0 % Week  49 - 53","-","-","0","0","0","0","0","0","0","0","0","0","0","0","0","0","0","0","0","0","0","0","0","0","0","0","0","0","0","0","0","0","0","0","0","0","0","0","0","0","0","0","0","0","0","0","0","0","0","0","0","0","0","0","0","0","0","0","0","0","0","0","0"
"Shannon Ridge High Elevation Chardonnay ( SA-14-096-A )","Wine","WCC","0","8","4","-","4","-","-","SA-14-096-A 1.0","-","4 w","4 w","—","SA-14-096-A :   No","Legacy","—","—","30.0 % Week  49 - 53","-","-","0","0","0","0","0","0","0","0","0","0","0","0","0","0","0","0","0","0","0","0","0","0","0","0","0","0","0","0","0","0","0","0","0","0","0","0","0","0","0","0","0","0","0","0","0","0","0","0","0","0","0","0","0","0","0","0","0","0","0","0","0"
"DeMartino Cabernet ( SA-14-097-A )","Wine","—","0","0","0","-","0","-","-","SA-14-097-A 1.0","-","4 w","4 w","—","SA-14-097-A :   No","Legacy","—","—","30.0 % Week  49 - 53","-","-","0","0","0","0","0","0","0","0","0","0","0","0","0","0","0","0","0","0","0","0","0","0","0","0","0","0","0","0","0","0","0","0","0","0","0","0","0","0","0","0","0","0","0","0","0","0","0","0","0","0","0","0","0","0","0","0","0","0","0","0","0"
"DeMartino Carmenere ( SA-14-098-A )","Wine","WCC","0","2","1","-","1","-","-","SA-14-098-A 1.0","-","4 w","4 w","—","SA-14-098-A :   Yes","Legacy","—","—","30.0 % Week  49 - 53","-","-","0","0","0","0","0","0","0","0","0","0","0","0","0","0","0","0","0","0","0","0","0","0","0","0","0","0","0","0","0","0","0","0","0","0","0","0","0","0","0","0","0","0","0","0","0","0","0","0","0","0","0","0","0","0","0","0","0","0","0","0","0"
"Broadbent Vinho Verde Rose ( SA-14-099-A )","Wine","—","0","0","0","-","0","-","-","SA-14-099-A 1.0","-","4 w","4 w","—","SA-14-099-A :   No","Legacy","—","—","30.0 % Week  49 - 53","-","-","0","0","0","0","0","0","0","0","0","0","0","0","0","0","0","0","0","0","0","0","0","0","0","0","0","0","0","0","0","0","0","0","0","0","0","0","0","0","0","0","0","0","0","0","0","0","0","0","0","0","0","0","0","0","0","0","0","0","0","0","0"
"Urgency Pinot Noir ( SA-14-100-A )","Wine","WCC","0","0","0","-","0","-","-","SA-14-100-A 1.0","-","4 w","4 w","—","SA-14-100-A :   No","Legacy","—","—","30.0 % Week  49 - 53","-","-","0","0","0","0","0","0","0","0","0","0","0","0","0","0","0","0","0","0","0","0","0","0","0","0","0","0","0","0","0","0","0","0","0","0","0","0","0","0","0","0","0","0","0","0","0","0","0","0","0","0","0","0","0","0","0","0","0","0","0","0","0"
"Urgency Red Blend ( SA-14-101-A )","Wine","WCC","0","0","0","-","0","-","-","SA-14-101-A 1.0","-","4 w","4 w","—","SA-14-101-A :   No","Legacy","—","—","30.0 % Week  49 - 53","-","-","0","0","0","0","0","0","0","0","0","0","0","0","0","0","0","0","0","0","0","0","0","0","0","0","0","0","0","0","0","0","0","0","0","0","0","0","0","0","0","0","0","0","0","0","0","0","0","0","0","0","0","0","0","0","0","0","0","0","0","0","0"
"Scotto Family Cellars Sangiovese Rose ( SA-14-102-A )","Wine","WCC","0","0","0","-","0","-","-","SA-14-102-A 1.0","-","4 w","4 w","—","SA-14-102-A :   No","Legacy","—","—","30.0 % Week  49 - 53","-","-","0","0","0","0","0","0","0","0","0","0","0","0","0","0","0","0","0","0","0","0","0","0","0","0","0","0","0","0","0","0","0","0","0","0","0","0","0","0","0","0","0","0","0","0","0","0","0","0","0","0","0","0","0","0","0","0","0","0","0","0","0"
"Villa Loosen Rose ( SA-14-103-A )","Wine","WCC","0","0","0","-","0","-","-","SA-14-103-A 1.0","-","4 w","4 w","—","SA-14-103-A :   No","Legacy","—","—","30.0 % Week  49 - 53","-","-","0","0","0","0","0","0","0","0","0","0","0","0","0","0","0","0","0","0","0","0","0","0","0","0","0","0","0","0","0","0","0","0","0","0","0","0","0","0","0","0","0","0","0","0","0","0","0","0","0","0","0","0","0","0","0","0","0","0","0","0","0"
"Scotto Cellars Old Vine Zin 2017 ( SA-14-104-A )","Wine","WCC","0","0","0","-","0","-","-","SA-14-104-A 1.0","-","4 w","4 w","—","SA-14-104-A :   Yes","Legacy","—","—","30.0 % Week  49 - 53","-","-","0","0","0","0","0","0","0","0","0","0","0","0","0","0","0","0","0","0","0","0","0","0","0","0","0","0","0","0","0","0","0","0","0","0","0","0","0","0","0","0","0","0","0","0","0","0","0","0","0","0","0","0","0","0","0","0","0","0","0","0","0"
"Ettore Chardonnay ( SA-14-105-A )","Wine","—","0","0","0","-","0","-","-","SA-14-105-A 1.0","-","4 w","4 w","—","SA-14-105-A :   No","Legacy","—","—","30.0 % Week  49 - 53","-","-","0","0","0","0","0","0","0","0","0","0","0","0","0","0","0","0","0","0","0","0","0","0","0","0","0","0","0","0","0","0","0","0","0","0","0","0","0","0","0","0","0","0","0","0","0","0","0","0","0","0","0","0","0","0","0","0","0","0","0","0","0"
"Stolen Identity Red ( SA-14-106-A )","Wine","WCC","0","0","0","-","0","-","-","SA-14-106-A 1.0","-","4 w","4 w","—","SA-14-106-A :   No","Legacy","—","—","30.0 % Week  49 - 53","-","-","0","0","0","0","0","0","0","0","0","0","0","0","0","0","0","0","0","0","0","0","0","0","0","0","0","0","0","0","0","0","0","0","0","0","0","0","0","0","0","0","0","0","0","0","0","0","0","0","0","0","0","0","0","0","0","0","0","0","0","0","0"
"Rascal Rose ( SA-14-107-A )","Wine","WCC","0","0","0","-","0","-","-","SA-14-107-A 1.0","-","4 w","4 w","—","SA-14-107-A :   No","Legacy","—","—","30.0 % Week  49 - 53","-","-","0","0","0","0","0","0","0","0","0","0","0","0","0","0","0","0","0","0","0","0","0","0","0","0","0","0","0","0","0","0","0","0","0","0","0","0","0","0","0","0","0","0","0","0","0","0","0","0","0","0","0","0","0","0","0","0","0","0","0","0","0"
"Replica Label Envy Pinot Noir ( SA-14-108-A )","Wine","WCC","0","0","0","-","0","-","-","SA-14-108-A 1.0","-","4 w","4 w","—","SA-14-108-A :   No","Legacy","—","—","30.0 % Week  49 - 53","-","-","0","0","0","0","0","0","0","0","0","0","0","0","0","0","0","0","0","0","0","0","0","0","0","0","0","0","0","0","0","0","0","0","0","0","0","0","0","0","0","0","0","0","0","0","0","0","0","0","0","0","0","0","0","0","0","0","0","0","0","0","0"
"Stolen Identity Pinot Noir ( SA-14-109-A )","Wine","WCC","0","0","0","-","0","-","-","SA-14-109-A 1.0","-","4 w","4 w","—","SA-14-109-A :   No","Legacy","—","—","30.0 % Week  49 - 53","-","-","0","0","0","0","0","0","0","0","0","0","0","0","0","0","0","0","0","0","0","0","0","0","0","0","0","0","0","0","0","0","0","0","0","0","0","0","0","0","0","0","0","0","0","0","0","0","0","0","0","0","0","0","0","0","0","0","0","0","0","0","0"
"Meadowcroft Malbec ( SA-14-110-A )","Wine","—","0","0","0","-","0","-","-","SA-14-110-A 1.0","-","4 w","4 w","—","SA-14-110-A :   No","Legacy","—","—","30.0 % Week  49 - 53","-","-","0","0","0","0","0","0","0","0","0","0","0","0","0","0","0","0","0","0","0","0","0","0","0","0","0","0","0","0","0","0","0","0","0","0","0","0","0","0","0","0","0","0","0","0","0","0","0","0","0","0","0","0","0","0","0","0","0","0","0","0","0"
"Casa de Uco Malbec ( SA-14-111-A )","Wine","—","0","0","0","-","0","-","-","SA-14-111-A 1.0","-","4 w","4 w","—","SA-14-111-A :   No","Legacy","—","—","30.0 % Week  49 - 53","-","-","0","0","0","0","0","0","0","0","0","0","0","0","0","0","0","0","0","0","0","0","0","0","0","0","0","0","0","0","0","0","0","0","0","0","0","0","0","0","0","0","0","0","0","0","0","0","0","0","0","0","0","0","0","0","0","0","0","0","0","0","0"
"Exposition Sparkling Wine ( SA-14-112-A )","Wine","—","0","0","0","-","0","-","-","SA-14-112-A 1.0","-","4 w","4 w","—","SA-14-112-A :   No","Legacy","—","—","30.0 % Week  49 - 53","-","-","0","0","0","0","0","0","0","0","0","0","0","0","0","0","0","0","0","0","0","0","0","0","0","0","0","0","0","0","0","0","0","0","0","0","0","0","0","0","0","0","0","0","0","0","0","0","0","0","0","0","0","0","0","0","0","0","0","0","0","0","0"
"Son of a Butcher Rose ( SA-14-113-A )","Wine","WCC","0","0","0","-","0","-","-","SA-14-113-A 1.0","-","4 w","4 w","—","SA-14-113-A :   Yes","Legacy","—","—","30.0 % Week  49 - 53","-","-","0","0","0","0","0","0","0","0","0","0","0","0","0","0","0","0","0","0","0","0","0","0","0","0","0","0","0","0","0","0","0","0","0","0","0","0","0","0","0","0","0","0","0","0","0","0","0","0","0","0","0","0","0","0","0","0","0","0","0","0","0"
"Son of a Butcher White ( SA-14-114-A )","Wine","WCC","0","8","4","-","4","-","-","SA-14-114-A 1.0","-","4 w","4 w","—","SA-14-114-A :   Yes","Legacy","—","—","30.0 % Week  49 - 53","-","-","0","0","0","0","0","0","0","0","0","0","0","0","0","0","0","0","0","0","0","0","0","0","0","0","0","0","0","0","0","0","0","0","0","0","0","0","0","0","0","0","0","0","0","0","0","0","0","0","0","0","0","0","0","0","0","0","0","0","0","0","0"
"Michael Pozzan Cabernet Sauvignon ( SA-14-115-A )","Wine","—","0","0","0","-","0","-","-","SA-14-115-A 1.0","-","4 w","4 w","—","SA-14-115-A :   No","Legacy","—","—","30.0 % Week  49 - 53","-","-","0","0","0","0","0","0","0","0","0","0","0","0","0","0","0","0","0","0","0","0","0","0","0","0","0","0","0","0","0","0","0","0","0","0","0","0","0","0","0","0","0","0","0","0","0","0","0","0","0","0","0","0","0","0","0","0","0","0","0","0","0"
"Broken Earth CdR Red Blend ( SA-14-116-A )","Wine","—","0","0","0","-","0","-","-","SA-14-116-A 1.0","-","4 w","4 w","—","SA-14-116-A :   No","Legacy","—","—","30.0 % Week  49 - 53","-","-","0","0","0","0","0","0","0","0","0","0","0","0","0","0","0","0","0","0","0","0","0","0","0","0","0","0","0","0","0","0","0","0","0","0","0","0","0","0","0","0","0","0","0","0","0","0","0","0","0","0","0","0","0","0","0","0","0","0","0","0","0"
"Broken Earth Syrah ( SA-14-117-A )","Wine","—","0","0","0","-","0","-","-","SA-14-117-A 1.0","-","4 w","4 w","—","SA-14-117-A :   No","Legacy","—","—","30.0 % Week  49 - 53","-","-","0","0","0","0","0","0","0","0","0","0","0","0","0","0","0","0","0","0","0","0","0","0","0","0","0","0","0","0","0","0","0","0","0","0","0","0","0","0","0","0","0","0","0","0","0","0","0","0","0","0","0","0","0","0","0","0","0","0","0","0","0"
"Lost Chapters Napa Merlot ( SA-14-118-A )","Wine","WCC","0","0","0","-","0","-","-","SA-14-118-A 1.0","-","4 w","4 w","—","SA-14-118-A :   Yes","Legacy","—","—","30.0 % Week  49 - 53","-","-","0","0","0","0","0","0","0","0","0","0","0","0","0","0","0","0","0","0","0","0","0","0","0","0","0","0","0","0","0","0","0","0","0","0","0","0","0","0","0","0","0","0","0","0","0","0","0","0","0","0","0","0","0","0","0","0","0","0","0","0","0"
"Lost Chapters Napa Sauvignon Blanc ( SA-14-119-A )","Wine","—","0","0","0","-","0","-","-","SA-14-119-A 1.0","-","4 w","4 w","—","SA-14-119-A :   No","Legacy","—","—","30.0 % Week  49 - 53","-","-","0","0","0","0","0","0","0","0","0","0","0","0","0","0","0","0","0","0","0","0","0","0","0","0","0","0","0","0","0","0","0","0","0","0","0","0","0","0","0","0","0","0","0","0","0","0","0","0","0","0","0","0","0","0","0","0","0","0","0","0","0"
"Napa by NAPA Napa White Blend ( SA-14-120-A )","Wine","WCC","0","6","3","-","3","-","-","SA-14-120-A 1.0","Medium Wine :  0.3 %","4 w","4 w","—","SA-14-120-A :   No","Legacy","—","—","30.0 % Week  49 - 53","-","-","0","0","0","0","0","0","0","0","0","0","0","0","0","0","0","0","1","2","5","4","1","1","1","0","0","0","0","0","0","0","0","0","0","0","0","0","0","0","0","0","0","0","0","0","0","0","0","0","0","0","0","0","0","0","0","0","0","0","0","0","0"
"Pure Sparkling Rose ( SA-14-121-A )","Wine","WCC","0","0","0","-","0","-","-","SA-14-121-A 1.0","-","4 w","4 w","—","SA-14-121-A :   Yes","Legacy","—","—","30.0 % Week  49 - 53","-","-","0","0","0","0","0","0","0","0","0","0","0","0","0","0","0","0","0","0","0","0","0","0","0","0","0","0","0","0","0","0","0","0","0","0","0","0","0","0","0","0","0","0","0","0","0","0","0","0","0","0","0","0","0","0","0","0","0","0","0","0","0"
"Une Femme ""The Betty"" Sparkling Brut ( SA-14-122-A )","Wine","WCC","0","4","2","-","2","-","-","SA-14-122-A 1.0","-","4 w","4 w","—","SA-14-122-A :   Yes","Legacy","—","—","30.0 % Week  49 - 53","-","-","0","0","0","0","0","0","0","0","0","0","0","0","0","0","0","0","0","0","0","0","0","0","0","0","0","0","0","0","0","0","0","0","0","0","0","0","0","0","0","0","0","0","0","0","0","0","0","0","0","0","0","0","0","0","0","0","0","0","0","0","0"
"Two Shepherds Rose of Cinsault ( SA-14-123-A )","Wine","WCC","0","4","2","-","2","-","-","SA-14-123-A 1.0","-","4 w","4 w","—","SA-14-123-A :   Yes","Legacy","—","—","30.0 % Week  49 - 53","-","-","0","0","0","0","0","0","0","0","0","0","0","0","0","0","0","0","0","0","0","0","0","0","0","0","0","0","0","0","0","0","0","0","0","0","0","0","0","0","0","0","0","0","0","0","0","0","0","0","0","0","0","0","0","0","0","0","0","0","0","0","0"
"Une Femme ""The Callie"" Sparkling Brut Rose ( SA-14-124-A )","Wine","WCC","0","4","2","-","2","-","-","SA-14-124-A 1.0","-","4 w","4 w","—","SA-14-124-A :   No","Legacy","—","—","30.0 % Week  49 - 53","-","-","0","0","0","0","0","0","0","0","0","0","0","0","0","0","0","0","0","0","0","0","0","0","0","0","0","0","0","0","0","0","0","0","0","0","0","0","0","0","0","0","0","0","0","0","0","0","0","0","0","0","0","0","0","0","0","0","0","0","0","0","0"
"Stedt Wines ""Embody"" Pinot Gris Eola ( SA-14-125-A )","Wine","WCC","0","0","0","-","0","-","-","SA-14-125-A 1.0","-","4 w","4 w","—","SA-14-125-A :   No","Legacy","—","—","30.0 % Week  49 - 53","-","-","0","0","0","0","0","0","0","0","0","0","0","0","0","0","0","0","0","0","0","0","0","0","0","0","0","0","0","0","0","0","0","0","0","0","0","0","0","0","0","0","0","0","0","0","0","0","0","0","0","0","0","0","0","0","0","0","0","0","0","0","0"
"Orinda Hayes Chardonnay ( SA-14-126-A )","Wine","—","0","0","0","-","0","-","-","SA-14-126-A 1.0","-","4 w","4 w","—","SA-14-126-A :   No","Legacy","—","—","30.0 % Week  49 - 53","-","-","0","0","0","0","0","0","0","0","0","0","0","0","0","0","0","0","0","0","0","0","0","0","0","0","0","0","0","0","0","0","0","0","0","0","0","0","0","0","0","0","0","0","0","0","0","0","0","0","0","0","0","0","0","0","0","0","0","0","0","0","0"
"Cloudview Chardonnay ( SA-14-127-A )","Wine","WCC","0","0","0","-","0","-","-","SA-14-127-A 1.0","-","4 w","4 w","—","SA-14-127-A :   Yes","Legacy","—","—","30.0 % Week  49 - 53","-","-","0","0","0","0","0","0","0","0","0","0","0","0","0","0","0","0","0","0","0","0","0","0","0","0","0","0","0","0","0","0","0","0","0","0","0","0","0","0","0","0","0","0","0","0","0","0","0","0","0","0","0","0","0","0","0","0","0","0","0","0","0"
"On Q Vivace Rose Primitivo ( SA-14-128-A )","Wine","—","0","0","0","-","0","-","-","SA-14-128-A 1.0","-","4 w","4 w","—","SA-14-128-A :   No","Legacy","—","—","30.0 % Week  49 - 53","-","-","0","0","0","0","0","0","0","0","0","0","0","0","0","0","0","0","0","0","0","0","0","0","0","0","0","0","0","0","0","0","0","0","0","0","0","0","0","0","0","0","0","0","0","0","0","0","0","0","0","0","0","0","0","0","0","0","0","0","0","0","0"
"La Bete Red Blend/Tannat ( SA-14-129-A )","Wine","WCC","0","8","4","-","4","-","-","SA-14-129-A 1.0","-","4 w","4 w","—","SA-14-129-A :   No","Legacy","—","—","30.0 % Week  49 - 53","-","-","0","0","0","0","0","0","0","0","0","0","0","0","0","0","0","0","0","0","0","0","0","0","0","0","0","0","0","0","0","0","0","0","0","0","0","0","0","0","0","0","0","0","0","0","0","0","0","0","0","0","0","0","0","0","0","0","0","0","0","0","0"
"Limited Release Syrah Viognier ( SA-14-130-A )","Wine","WCC","0","196","98","-","98","-","-","SA-14-130-A 1.0","-","4 w","4 w","—","SA-14-130-A :   Yes","Legacy","—","—","30.0 % Week  49 - 53","-","-","0","0","0","0","0","0","0","0","0","0","0","0","0","0","0","0","0","0","0","0","0","0","0","0","0","0","0","0","0","0","0","0","0","0","0","0","0","0","0","0","0","0","0","0","0","0","0","0","0","0","0","0","0","0","0","0","0","0","0","0","0"
"Limited Release Grenache Rose ( SA-14-131-A )","Wine","WCC","0","4","2","-","2","-","-","SA-14-131-A 1.0","-","4 w","4 w","—","SA-14-131-A :   Yes","Legacy","—","—","30.0 % Week  49 - 53","-","-","0","0","0","0","0","0","0","0","0","0","0","0","0","0","0","0","0","0","0","0","0","0","0","0","0","0","0","0","0","0","0","0","0","0","0","0","0","0","0","0","0","0","0","0","0","0","0","0","0","0","0","0","0","0","0","0","0","0","0","0","0"
"Tenute Piccini Poggio Al Sale Chianti DOCG ( SA-14-132-A )","Wine","—","0","0","0","-","0","-","-","SA-14-132-A 1.0","-","4 w","4 w","—","SA-14-132-A :   No","Legacy","—","—","30.0 % Week  49 - 53","-","-","0","0","0","0","0","0","0","0","0","0","0","0","0","0","0","0","0","0","0","0","0","0","0","0","0","0","0","0","0","0","0","0","0","0","0","0","0","0","0","0","0","0","0","0","0","0","0","0","0","0","0","0","0","0","0","0","0","0","0","0","0"
"Sun Goddess Merlot ( SA-14-133-A )","Wine","WCC","0","8","4","-","4","-","-","SA-14-133-A 1.0","-","4 w","4 w","—","SA-14-133-A :   No","Legacy","—","—","30.0 % Week  49 - 53","-","-","0","0","0","0","0","0","0","0","0","0","0","0","0","0","0","0","0","0","0","0","0","0","0","0","0","0","0","0","0","0","0","0","0","0","0","0","0","0","0","0","0","0","0","0","0","0","0","0","0","0","0","0","0","0","0","0","0","0","0","0","0"
"Izzie Isadora Cabernet ( SA-14-134-A )","Wine","WCC","0","0","0","-","0","-","-","SA-14-134-A 1.0","-","4 w","4 w","—","SA-14-134-A :   Yes","Legacy","—","—","30.0 % Week  49 - 53","-","-","0","0","0","0","0","0","0","0","0","0","0","0","0","0","0","0","0","0","0","0","0","0","0","0","0","0","0","0","0","0","0","0","0","0","0","0","0","0","0","0","0","0","0","0","0","0","0","0","0","0","0","0","0","0","0","0","0","0","0","0","0"
"Obvious Wines Light & Lively Pinot Noir ( SA-14-135-A )","Wine","WCC","0","4","2","-","2","-","-","SA-14-135-A 1.0","Medium Wine :  1.5 %","4 w","4 w","—","SA-14-135-A :   No","Legacy","—","—","30.0 % Week  49 - 53","-","-","2","0","1","1","1","1","0","1","2","1","1","1","1","1","1","1","4","10","24","20","5","7","3","2","2","0","0","0","0","0","0","0","0","0","0","0","0","0","0","0","0","0","0","0","0","0","0","0","0","0","0","0","0","0","0","0","0","0","0","0","0"
"Desert Wind Ruah Proprietary Red Wine ( SA-14-136-A )","Wine","—","0","0","0","-","0","-","-","SA-14-136-A 1.0","-","4 w","4 w","—","SA-14-136-A :   No","Legacy","—","—","30.0 % Week  49 - 53","-","-","0","0","0","0","0","0","0","0","0","0","0","0","0","0","0","0","0","0","0","0","0","0","0","0","0","0","0","0","0","0","0","0","0","0","0","0","0","0","0","0","0","0","0","0","0","0","0","0","0","0","0","0","0","0","0","0","0","0","0","0","0"
"Ranch 32 Cabernet Sauvignon ( SA-14-137-A )","Wine","WCC","0","0","0","-","0","-","-","SA-14-137-A 1.0","-","4 w","4 w","—","SA-14-137-A :   No","Legacy","—","—","30.0 % Week  49 - 53","-","-","0","0","0","0","0","0","0","0","0","0","0","0","0","0","0","0","0","0","0","0","0","0","0","0","0","0","0","0","0","0","0","0","0","0","0","0","0","0","0","0","0","0","0","0","0","0","0","0","0","0","0","0","0","0","0","0","0","0","0","0","0"
"Ranch 32 Chardonnay ( SA-14-138-A )","Wine","WCC","0","4","2","-","2","-","-","SA-14-138-A 1.0","-","4 w","4 w","—","SA-14-138-A :   Yes","Legacy","—","—","30.0 % Week  49 - 53","-","-","0","0","0","0","0","0","0","0","0","0","0","0","0","0","0","0","0","0","0","0","0","0","0","0","0","0","0","0","0","0","0","0","0","0","0","0","0","0","0","0","0","0","0","0","0","0","0","0","0","0","0","0","0","0","0","0","0","0","0","0","0"
"Elder Rock Pinot Noir ( SA-14-139-A )","Wine","—","0","0","0","-","0","-","-","SA-14-139-A 1.0","-","4 w","4 w","—","SA-14-139-A :   No","Legacy","—","—","30.0 % Week  49 - 53","-","-","0","0","0","0","0","0","0","0","0","0","0","0","0","0","0","0","0","0","0","0","0","0","0","0","0","0","0","0","0","0","0","0","0","0","0","0","0","0","0","0","0","0","0","0","0","0","0","0","0","0","0","0","0","0","0","0","0","0","0","0","0"
"Mundaka Rose ( SA-14-140-A )","Wine","WCC","0","4","2","-","2","-","-","SA-14-140-A 1.0","-","4 w","4 w","—","SA-14-140-A :   Yes","Legacy","—","—","30.0 % Week  49 - 53","-","-","0","0","0","0","0","0","0","0","0","0","0","0","0","0","0","0","0","0","0","0","0","0","0","0","0","0","0","0","0","0","0","0","0","0","0","0","0","0","0","0","0","0","0","0","0","0","0","0","0","0","0","0","0","0","0","0","0","0","0","0","0"
"Mundaka Sauvignon Blanc ( SA-14-141-A )","Wine","WCC","0","0","0","-","0","-","-","SA-14-141-A 1.0","-","4 w","4 w","—","SA-14-141-A :   No","Legacy","—","—","30.0 % Week  49 - 53","-","-","0","0","0","0","0","0","0","0","0","0","0","0","0","0","0","0","0","0","0","0","0","0","0","0","0","0","0","0","0","0","0","0","0","0","0","0","0","0","0","0","0","0","0","0","0","0","0","0","0","0","0","0","0","0","0","0","0","0","0","0","0"
"Ryder Estate Pinot Noir ( SA-14-142-A )","Wine","WCC","0","2","1","-","1","-","-","SA-14-142-A 1.0","-","4 w","4 w","—","SA-14-142-A :   No","Legacy","—","—","30.0 % Week  49 - 53","-","-","0","0","0","0","0","0","0","0","0","0","0","0","0","0","0","0","0","0","0","0","0","0","0","0","0","0","0","0","0","0","0","0","0","0","0","0","0","0","0","0","0","0","0","0","0","0","0","0","0","0","0","0","0","0","0","0","0","0","0","0","0"
"Witness Mark Sauvignon Blanc ( SA-14-143-A )","Wine","WCC","0","0","0","-","0","-","-","SA-14-143-A 1.0","-","4 w","4 w","—","SA-14-143-A :   No","Legacy","—","—","30.0 % Week  49 - 53","-","-","0","0","0","0","0","0","0","0","0","0","0","0","0","0","0","0","0","0","0","0","0","0","0","0","0","0","0","0","0","0","0","0","0","0","0","0","0","0","0","0","0","0","0","0","0","0","0","0","0","0","0","0","0","0","0","0","0","0","0","0","0"
"Coca i Fit Jade ( SA-14-144-A )","Wine","—","0","0","0","-","0","-","-","SA-14-144-A 1.0","-","4 w","4 w","—","SA-14-144-A :   No","Legacy","—","—","30.0 % Week  49 - 53","-","-","0","0","0","0","0","0","0","0","0","0","0","0","0","0","0","0","0","0","0","0","0","0","0","0","0","0","0","0","0","0","0","0","0","0","0","0","0","0","0","0","0","0","0","0","0","0","0","0","0","0","0","0","0","0","0","0","0","0","0","0","0"
"InAnnat Rosato ( SA-14-145-A )","Wine","WCC","0","4","2","-","2","-","-","SA-14-145-A 1.0","-","4 w","4 w","—","SA-14-145-A :   Yes","Legacy","—","—","30.0 % Week  49 - 53","-","-","0","0","0","0","0","0","0","0","0","0","0","0","0","0","0","0","0","0","0","0","0","0","0","0","0","0","0","0","0","0","0","0","0","0","0","0","0","0","0","0","0","0","0","0","0","0","0","0","0","0","0","0","0","0","0","0","0","0","0","0","0"
"Kaldera Santorini Assyrtiko ( SA-14-146-A )","Wine","—","0","0","0","-","0","-","-","SA-14-146-A 1.0","-","4 w","4 w","—","SA-14-146-A :   No","Legacy","—","—","30.0 % Week  49 - 53","-","-","0","0","0","0","0","0","0","0","0","0","0","0","0","0","0","0","0","0","0","0","0","0","0","0","0","0","0","0","0","0","0","0","0","0","0","0","0","0","0","0","0","0","0","0","0","0","0","0","0","0","0","0","0","0","0","0","0","0","0","0","0"
"Santa Vittoria Comune Gavi di Gavi ( SA-14-147-A )","Wine","—","0","0","0","-","0","-","-","SA-14-147-A 1.0","-","4 w","4 w","—","SA-14-147-A :   No","Legacy","—","—","30.0 % Week  49 - 53","-","-","0","0","0","0","0","0","0","0","0","0","0","0","0","0","0","0","0","0","0","0","0","0","0","0","0","0","0","0","0","0","0","0","0","0","0","0","0","0","0","0","0","0","0","0","0","0","0","0","0","0","0","0","0","0","0","0","0","0","0","0","0"
"Lofos Siatista Xinomavro Rose ( SA-14-148-A )","Wine","WCC","0","4","2","-","2","-","-","SA-14-148-A 1.0","-","4 w","4 w","—","SA-14-148-A :   No","Legacy","—","—","30.0 % Week  49 - 53","-","-","0","0","0","0","0","0","0","0","0","0","0","0","0","0","0","0","0","0","0","0","0","0","0","0","0","0","0","0","0","0","0","0","0","0","0","0","0","0","0","0","0","0","0","0","0","0","0","0","0","0","0","0","0","0","0","0","0","0","0","0","0"
"Clos Troteligotte K NOM ( SA-14-149-A )","Wine","WCC","0","4","2","-","2","-","-","SA-14-149-A 1.0","-","4 w","4 w","—","SA-14-149-A :   Yes","Legacy","—","—","30.0 % Week  49 - 53","-","-","0","0","0","0","0","0","0","0","0","0","0","0","0","0","0","0","0","0","0","0","0","0","0","0","0","0","0","0","0","0","0","0","0","0","0","0","0","0","0","0","0","0","0","0","0","0","0","0","0","0","0","0","0","0","0","0","0","0","0","0","0"
"Clos Trotelligotte Malbec ( SA-14-150-A )","Wine","—","0","0","0","-","0","-","-","SA-14-150-A 1.0","-","4 w","4 w","—","SA-14-150-A :   No","Legacy","—","—","30.0 % Week  49 - 53","-","-","0","0","0","0","0","0","0","0","0","0","0","0","0","0","0","0","0","0","0","0","0","0","0","0","0","0","0","0","0","0","0","0","0","0","0","0","0","0","0","0","0","0","0","0","0","0","0","0","0","0","0","0","0","0","0","0","0","0","0","0","0"
"Dorina Lindemann Touriga ( SA-14-151-A )","Wine","WCC","0","0","0","-","0","-","-","SA-14-151-A 1.0","-","4 w","4 w","—","SA-14-151-A :   Yes","Legacy","—","—","30.0 % Week  49 - 53","-","-","0","0","0","0","0","0","0","0","0","0","0","0","0","0","0","0","0","0","0","0","0","0","0","0","0","0","0","0","0","0","0","0","0","0","0","0","0","0","0","0","0","0","0","0","0","0","0","0","0","0","0","0","0","0","0","0","0","0","0","0","0"
"Dorina Lindemann Jovem ( SA-14-152-A )","Wine","—","0","0","0","-","0","-","-","SA-14-152-A 1.0","-","4 w","4 w","—","SA-14-152-A :   No","Legacy","—","—","30.0 % Week  49 - 53","-","-","0","0","0","0","0","0","0","0","0","0","0","0","0","0","0","0","0","0","0","0","0","0","0","0","0","0","0","0","0","0","0","0","0","0","0","0","0","0","0","0","0","0","0","0","0","0","0","0","0","0","0","0","0","0","0","0","0","0","0","0","0"
"King Estate Riesling ( SA-14-153-A )","Wine","WCC","0","4","2","-","2","-","-","SA-14-153-A 1.0","Medium Wine :  2.0 %","4 w","4 w","—","SA-14-153-A :   No","Legacy","—","—","30.0 % Week  49 - 53","-","-","4","1","1","1","1","1","1","1","2","1","1","1","1","1","1","1","5","13","32","27","7","9","3","3","2","0","0","0","0","0","0","0","0","0","0","0","0","0","0","0","0","0","0","0","0","0","0","0","0","0","0","0","0","0","0","0","0","0","0","0","0"
"King Estate Four Nobles Cuvee Blanc ( SA-14-154-A )","Wine","WCC","0","4","2","-","2","-","-","SA-14-154-A 1.0","-","4 w","4 w","—","SA-14-154-A :   Yes","Legacy","—","—","30.0 % Week  49 - 53","-","-","0","0","0","0","0","0","0","0","0","0","0","0","0","0","0","0","0","0","0","0","0","0","0","0","0","0","0","0","0","0","0","0","0","0","0","0","0","0","0","0","0","0","0","0","0","0","0","0","0","0","0","0","0","0","0","0","0","0","0","0","0"
"Grandeur Rose ( SA-14-155-A )","Wine","WCC","0","4","2","-","2","-","-","SA-14-155-A 1.0","-","4 w","4 w","—","SA-14-155-A :   Yes","Legacy","—","—","30.0 % Week  49 - 53","-","-","0","0","0","0","0","0","0","0","0","0","0","0","0","0","0","0","0","0","0","0","0","0","0","0","0","0","0","0","0","0","0","0","0","0","0","0","0","0","0","0","0","0","0","0","0","0","0","0","0","0","0","0","0","0","0","0","0","0","0","0","0"
"Reflection Ride Pinot Noir ( SA-14-171-A )","Wine","WCC","0","0","0","-","0","-","-","SA-14-171-A 1.0","-","4 w","4 w","—","SA-14-171-A :   Yes","Legacy","—","—","30.0 % Week  49 - 53","-","-","0","0","0","0","0","0","0","0","0","0","0","0","0","0","0","0","0","0","0","0","0","0","0","0","0","0","0","0","0","0","0","0","0","0","0","0","0","0","0","0","0","0","0","0","0","0","0","0","0","0","0","0","0","0","0","0","0","0","0","0","0"
"Tabali Cab Franc/Malbec ( SA-14-172-A )","Wine","—","0","0","0","-","0","-","-","SA-14-172-A 1.0","-","4 w","4 w","—","SA-14-172-A :   No","Legacy","—","—","30.0 % Week  49 - 53","-","-","0","0","0","0","0","0","0","0","0","0","0","0","0","0","0","0","0","0","0","0","0","0","0","0","0","0","0","0","0","0","0","0","0","0","0","0","0","0","0","0","0","0","0","0","0","0","0","0","0","0","0","0","0","0","0","0","0","0","0","0","0"
"Stringer Cellars Holmes Ranch Oakville Cabernet Sauvignon ( SA-14-173-A )","Wine","WCC","0","4","2","-","2","-","-","SA-14-173-A 1.0","-","4 w","4 w","—","SA-14-173-A :   Yes","Legacy","—","—","30.0 % Week  49 - 53","-","-","0","0","0","0","0","0","0","0","0","0","0","0","0","0","0","0","0","0","0","0","0","0","0","0","0","0","0","0","0","0","0","0","0","0","0","0","0","0","0","0","0","0","0","0","0","0","0","0","0","0","0","0","0","0","0","0","0","0","0","0","0"
"Hoopes Oakville Cabernet Sauvignon ( SA-14-174-A )","Wine","WCC","0","16","8","-","8","-","-","SA-14-174-A 1.0","Grand Wine :  6.7 %","4 w","4 w","—","SA-14-174-A :   No","Legacy","—","—","30.0 % Week  49 - 53","-","-","0","0","0","0","0","0","0","0","0","1","0","0","1","1","1","1","3","5","19","19","5","6","2","2","1","0","0","0","0","0","0","0","0","0","0","0","0","0","0","0","0","0","0","0","0","0","0","0","0","0","0","0","0","0","0","0","0","0","0","0","0"
"Stephane Usseglio Charaeunuf-du-Pape Fragments ( SA-14-175-A )","Wine","—","0","0","0","-","0","-","-","SA-14-175-A 1.0","-","4 w","4 w","—","SA-14-175-A :   No","Legacy","—","—","30.0 % Week  49 - 53","-","-","0","0","0","0","0","0","0","0","0","0","0","0","0","0","0","0","0","0","0","0","0","0","0","0","0","0","0","0","0","0","0","0","0","0","0","0","0","0","0","0","0","0","0","0","0","0","0","0","0","0","0","0","0","0","0","0","0","0","0","0","0"
"Andre Jacquart Experience Premier Cru Rose De Saignee ( SA-14-176-A )","Wine","—","0","0","0","-","0","-","-","SA-14-176-A 1.0","-","4 w","4 w","—","SA-14-176-A :   No","Legacy","—","—","30.0 % Week  49 - 53","-","-","0","0","0","0","0","0","0","0","0","0","0","0","0","0","0","0","0","0","0","0","0","0","0","0","0","0","0","0","0","0","0","0","0","0","0","0","0","0","0","0","0","0","0","0","0","0","0","0","0","0","0","0","0","0","0","0","0","0","0","0","0"
"Beau Vigne Romeo Cabernet Sauvignon ( SA-14-177-A )","Wine","WCC","0","50","25","-","25","-","-","SA-14-177-A 1.0","Deluxe Wine :  1.2 %","4 w","4 w","—","SA-14-177-A :   No","Legacy","—","—","30.0 % Week  49 - 53","-","-","0","0","0","0","0","0","0","0","0","0","0","0","0","0","0","0","1","2","6","5","2","2","1","0","0","0","0","0","0","0","0","0","0","0","0","0","0","0","0","0","0","0","0","0","0","0","0","0","0","0","0","0","0","0","0","0","0","0","0","0","0"
"Beau Vigne Juliet Cabernet Sauvignon ( SA-14-178-A )","Wine","WCC","0","76","38","-","38","-","-","SA-14-178-A 1.0","Deluxe Wine :  1.7 %","4 w","4 w","—","SA-14-178-A :   No","Legacy","—","—","30.0 % Week  49 - 53","-","-","0","0","0","0","0","0","0","0","0","0","0","0","0","0","0","0","1","3","9","7","2","3","1","1","0","0","0","0","0","0","0","0","0","0","0","0","0","0","0","0","0","0","0","0","0","0","0","0","0","0","0","0","0","0","0","0","0","0","0","0","0"
"Colle Nero Tra di Noi Brunello di Montalcino ( SA-14-179-A )","Wine","WCC","0","2","1","-","1","-","-","SA-14-179-A 1.0","-","4 w","4 w","—","SA-14-179-A :   No","Legacy","—","—","30.0 % Week  49 - 53","-","-","0","0","0","0","0","0","0","0","0","0","0","0","0","0","0","0","0","0","0","0","0","0","0","0","0","0","0","0","0","0","0","0","0","0","0","0","0","0","0","0","0","0","0","0","0","0","0","0","0","0","0","0","0","0","0","0","0","0","0","0","0"
"Luciano Arduini Simison Amarone della Valpolicella Classico ( SA-14-180-A )","Wine","WCC","0","2","1","-","1","-","-","SA-14-180-A 1.0","-","4 w","4 w","—","SA-14-180-A :   Yes","Legacy","—","—","30.0 % Week  49 - 53","-","-","0","0","0","0","0","0","0","0","0","0","0","0","0","0","0","0","0","0","0","0","0","0","0","0","0","0","0","0","0","0","0","0","0","0","0","0","0","0","0","0","0","0","0","0","0","0","0","0","0","0","0","0","0","0","0","0","0","0","0","0","0"
"Domaine Carneros Estate Brut Cuvee ( SA-14-181-A )","Wine","WCC","0","8","4","-","4","-","-","SA-14-181-A 1.0","-","4 w","4 w","—","SA-14-181-A :   No","Legacy","—","—","30.0 % Week  49 - 53","-","-","0","0","0","0","0","0","0","0","0","0","0","0","0","0","0","0","0","0","0","0","0","0","0","0","0","0","0","0","0","0","0","0","0","0","0","0","0","0","0","0","0","0","0","0","0","0","0","0","0","0","0","0","0","0","0","0","0","0","0","0","0"
"Muscardini Sangiovese ( SA-14-182-A )","Wine","WCC","0","2","1","-","1","-","-","SA-14-182-A 1.0","-","4 w","4 w","—","SA-14-182-A :   No","Legacy","—","—","30.0 % Week  49 - 53","-","-","0","0","0","0","0","0","0","0","0","0","0","0","0","0","0","0","0","0","0","0","0","0","0","0","0","0","0","0","0","0","0","0","0","0","0","0","0","0","0","0","0","0","0","0","0","0","0","0","0","0","0","0","0","0","0","0","0","0","0","0","0"
"Muscadini Rosato ( SA-14-183-A )","Wine","WCC","0","0","0","-","0","-","-","SA-14-183-A 1.0","-","4 w","4 w","—","SA-14-183-A :   No","Legacy","—","—","30.0 % Week  49 - 53","-","-","0","0","0","0","0","0","0","0","0","0","0","0","0","0","0","0","0","0","0","0","0","0","0","0","0","0","0","0","0","0","0","0","0","0","0","0","0","0","0","0","0","0","0","0","0","0","0","0","0","0","0","0","0","0","0","0","0","0","0","0","0"
"SA-14-184 ( SA-14-184 )","Wine","WCC","0","0","0","-","0","-","-","SA-14-184","-","4 w","4 w","—","SA-14-184 :   Yes","Legacy","—","—","30.0 % Week  49 - 53","-","-","0","0","0","0","0","0","0","0","0","0","0","0","0","0","0","0","0","0","0","0","0","0","0","0","0","0","0","0","0","0","0","0","0","0","0","0","0","0","0","0","0","0","0","0","0","0","0","0","0","0","0","0","0","0","0","0","0","0","0","0","0"
"Muscadini Pinot Grigio Hartz Vineyard ( SA-14-184-A )","Wine","—","0","0","0","-","0","-","-","SA-14-184-A 1.0","-","4 w","4 w","—","SA-14-184-A :   No","Legacy","—","—","30.0 % Week  49 - 53","-","-","0","0","0","0","0","0","0","0","0","0","0","0","0","0","0","0","0","0","0","0","0","0","0","0","0","0","0","0","0","0","0","0","0","0","0","0","0","0","0","0","0","0","0","0","0","0","0","0","0","0","0","0","0","0","0","0","0","0","0","0","0"
"Off the Press Pinot Noir Rogue Valley ( SA-14-185-A )","Wine","WCC","0","0","0","-","0","-","-","SA-14-185-A 1.0","-","4 w","4 w","—","SA-14-185-A :   Yes","Legacy","—","—","30.0 % Week  49 - 53","-","-","0","0","0","0","0","0","0","0","0","0","0","0","0","0","0","0","0","0","0","0","0","0","0","0","0","0","0","0","0","0","0","0","0","0","0","0","0","0","0","0","0","0","0","0","0","0","0","0","0","0","0","0","0","0","0","0","0","0","0","0","0"
"J Dusi Model M Red Blend ( SA-14-186-A )","Wine","WCC","0","192","96","-","96","-","-","SA-14-186-A 1.0","-","4 w","4 w","—","SA-14-186-A :   No","Legacy","—","—","30.0 % Week  49 - 53","-","-","0","0","0","0","0","0","0","0","0","0","0","0","0","0","0","0","0","0","0","0","0","0","0","0","0","0","0","0","0","0","0","0","0","0","0","0","0","0","0","0","0","0","0","0","0","0","0","0","0","0","0","0","0","0","0","0","0","0","0","0","0"
"Laurent Miquel Cabernet Sauvignon ( SA-14-187-A )","Wine","WCC","0","2","1","-","1","-","-","SA-14-187-A 1.0","-","4 w","4 w","—","SA-14-187-A :   Yes","Legacy","—","—","30.0 % Week  49 - 53","-","-","0","0","0","0","0","0","0","0","0","0","0","0","0","0","0","0","0","0","0","0","0","0","0","0","0","0","0","0","0","0","0","0","0","0","0","0","0","0","0","0","0","0","0","0","0","0","0","0","0","0","0","0","0","0","0","0","0","0","0","0","0"
"Bennett Lane Maximum Feasting Red Blend Napa Valley ( SA-14-188-A )","Wine","—","0","0","0","-","0","-","-","SA-14-188-A 1.0","-","4 w","4 w","—","SA-14-188-A :   No","Legacy","—","—","30.0 % Week  49 - 53","-","-","0","0","0","0","0","0","0","0","0","0","0","0","0","0","0","0","0","0","0","0","0","0","0","0","0","0","0","0","0","0","0","0","0","0","0","0","0","0","0","0","0","0","0","0","0","0","0","0","0","0","0","0","0","0","0","0","0","0","0","0","0"
"Cerro Napa Valley Red Blend ( SA-14-189-A )","Wine","WCC","0","0","0","-","0","-","-","SA-14-189-A 1.0","-","4 w","4 w","—","SA-14-189-A :   No","Legacy","—","—","30.0 % Week  49 - 53","-","-","0","0","0","0","0","0","0","0","0","0","0","0","0","0","0","0","0","0","0","0","0","0","0","0","0","0","0","0","0","0","0","0","0","0","0","0","0","0","0","0","0","0","0","0","0","0","0","0","0","0","0","0","0","0","0","0","0","0","0","0","0"
"Martellotto Cabernet Sauvignon La Bomba Paso Robles ( SA-14-190-A )","Wine","WCC","0","0","0","-","0","-","-","SA-14-190-A 1.0","-","4 w","4 w","—","SA-14-190-A :   Yes","Legacy","—","—","30.0 % Week  49 - 53","-","-","0","0","0","0","0","0","0","0","0","0","0","0","0","0","0","0","0","0","0","0","0","0","0","0","0","0","0","0","0","0","0","0","0","0","0","0","0","0","0","0","0","0","0","0","0","0","0","0","0","0","0","0","0","0","0","0","0","0","0","0","0"
"M by Martellotto Grenache Santa Barbara ( SA-14-191-A )","Wine","WCC","0","0","0","-","0","-","-","SA-14-191-A 1.0","-","4 w","4 w","—","SA-14-191-A :   No","Legacy","—","—","30.0 % Week  49 - 53","-","-","0","0","0","0","0","0","0","0","0","0","0","0","0","0","0","0","0","0","0","0","0","0","0","0","0","0","0","0","0","0","0","0","0","0","0","0","0","0","0","0","0","0","0","0","0","0","0","0","0","0","0","0","0","0","0","0","0","0","0","0","0"
"Chateau Haut Musset “La Cerisiers” Montage Saint-Emilion ( SA-14-192-A )","Wine","WCC","0","4","2","-","2","-","-","SA-14-192-A 1.0","-","4 w","4 w","—","SA-14-192-A :   No","Legacy","—","—","30.0 % Week  49 - 53","-","-","0","0","0","0","0","0","0","0","0","0","0","0","0","0","0","0","0","0","0","0","0","0","0","0","0","0","0","0","0","0","0","0","0","0","0","0","0","0","0","0","0","0","0","0","0","0","0","0","0","0","0","0","0","0","0","0","0","0","0","0","0"
"Corte Medicea Aristeo Ross Toscana IGT ( SA-14-193-A )","Wine","—","0","0","0","-","0","-","-","SA-14-193-A 1.0","-","4 w","4 w","—","SA-14-193-A :   No","Legacy","—","—","30.0 % Week  49 - 53","-","-","0","0","0","0","0","0","0","0","0","0","0","0","0","0","0","0","0","0","0","0","0","0","0","0","0","0","0","0","0","0","0","0","0","0","0","0","0","0","0","0","0","0","0","0","0","0","0","0","0","0","0","0","0","0","0","0","0","0","0","0","0"
"DAOU Pessimist ( SA-14-194-A )","Wine","WCC","0","0","0","-","0","-","-","SA-14-194-A 1.0","-","4 w","4 w","—","SA-14-194-A :   Yes","Legacy","—","—","30.0 % Week  49 - 53","-","-","0","0","0","0","0","0","0","0","0","0","0","0","0","0","0","0","0","0","0","0","0","0","0","0","0","0","0","0","0","0","0","0","0","0","0","0","0","0","0","0","0","0","0","0","0","0","0","0","0","0","0","0","0","0","0","0","0","0","0","0","0"
"Hoopes Napa Chardonnay ( SA-14-195-A )","Wine","WCC","0","0","0","-","0","-","-","SA-14-195-A 1.0","-","4 w","4 w","—","SA-14-195-A :   No","Legacy","—","—","30.0 % Week  49 - 53","-","-","0","0","0","0","0","0","0","0","0","0","0","0","0","0","0","0","0","0","0","0","0","0","0","0","0","0","0","0","0","0","0","0","0","0","0","0","0","0","0","0","0","0","0","0","0","0","0","0","0","0","0","0","0","0","0","0","0","0","0","0","0"
"Bouchaine Napa Valley Carneros Pinot gris ( SA-14-196-A )","Wine","WCC","0","132","66","-","66","-","-","SA-14-196-A 1.0","-","4 w","4 w","—","SA-14-196-A :   No","Legacy","—","—","30.0 % Week  49 - 53","-","-","0","0","0","0","0","0","0","0","0","0","0","0","0","0","0","0","0","0","0","0","0","0","0","0","0","0","0","0","0","0","0","0","0","0","0","0","0","0","0","0","0","0","0","0","0","0","0","0","0","0","0","0","0","0","0","0","0","0","0","0","0"
"Vollereaux Blanc de Blancs Brut Champagne NV ( SA-14-197-A )","Wine","WCC","0","0","0","-","0","-","-","SA-14-197-A 1.0","-","4 w","4 w","—","SA-14-197-A :   No","Legacy","—","—","30.0 % Week  49 - 53","-","-","0","0","0","0","0","0","0","0","0","0","0","0","0","0","0","0","0","0","0","0","0","0","0","0","0","0","0","0","0","0","0","0","0","0","0","0","0","0","0","0","0","0","0","0","0","0","0","0","0","0","0","0","0","0","0","0","0","0","0","0","0"
"Mazzarosa Vere novo Montepulciano d’Abruzzo DOC ( SA-14-198-A )","Wine","WCC","0","0","0","-","0","-","-","SA-14-198-A 1.0","-","4 w","4 w","—","SA-14-198-A :   No","Legacy","—","—","30.0 % Week  49 - 53","-","-","0","0","0","0","0","0","0","0","0","0","0","0","0","0","0","0","0","0","0","0","0","0","0","0","0","0","0","0","0","0","0","0","0","0","0","0","0","0","0","0","0","0","0","0","0","0","0","0","0","0","0","0","0","0","0","0","0","0","0","0","0"
"Acumen Napa Cabernet Sauvignon ( SA-14-199-A )","Wine","WCC","0","0","0","-","0","-","-","SA-14-199-A 1.0","-","4 w","4 w","—","SA-14-199-A :   No","Legacy","—","—","30.0 % Week  49 - 53","-","-","0","0","0","0","0","0","0","0","0","0","0","0","0","0","0","0","0","0","0","0","0","0","0","0","0","0","0","0","0","0","0","0","0","0","0","0","0","0","0","0","0","0","0","0","0","0","0","0","0","0","0","0","0","0","0","0","0","0","0","0","0"
"Hoopes Napa Cabernet Sauvignon ( SA-14-200-A )","Wine","WCC","0","0","0","-","0","-","-","SA-14-200-A 1.0","-","4 w","4 w","—","SA-14-200-A :   No","Legacy","—","—","30.0 % Week  49 - 53","-","-","0","0","0","0","0","0","0","0","0","0","0","0","0","0","0","0","0","0","0","0","0","0","0","0","0","0","0","0","0","0","0","0","0","0","0","0","0","0","0","0","0","0","0","0","0","0","0","0","0","0","0","0","0","0","0","0","0","0","0","0","0"
"Stag’s Leap Petite Sirah ( SA-14-201-A )","Wine","WCC","0","2","1","-","1","-","-","SA-14-201-A 1.0","-","4 w","4 w","—","SA-14-201-A :   No","Legacy","—","—","30.0 % Week  49 - 53","-","-","0","0","0","0","0","0","0","0","0","0","0","0","0","0","0","0","0","0","0","0","0","0","0","0","0","0","0","0","0","0","0","0","0","0","0","0","0","0","0","0","0","0","0","0","0","0","0","0","0","0","0","0","0","0","0","0","0","0","0","0","0"
"Frank Family Napa Cabernet Sauvignon ( SA-14-202-A )","Wine","WCC","0","18","9","-","9","-","-","SA-14-202-A 1.0","Deluxe Wine :  15.4 %","4 w","4 w","—","SA-14-202-A :   No","Legacy","—","—","30.0 % Week  49 - 53","-","-","0","1","1","1","1","1","1","1","1","2","1","2","1","1","2","2","10","23","81","58","20","23","7","4","4","0","0","0","0","0","0","0","0","0","0","0","0","0","0","0","0","0","0","0","0","0","0","0","0","0","0","0","0","0","0","0","0","0","0","0","0"
"DAOU Discovery Rose ( SA-14-203-A )","Wine","WCC","0","4","2","-","2","-","-","SA-14-203-A 1.0","-","4 w","4 w","—","SA-14-203-A :   Yes","Legacy","—","—","30.0 % Week  49 - 53","-","-","0","0","0","0","0","0","0","0","0","0","0","0","0","0","0","0","0","0","0","0","0","0","0","0","0","0","0","0","0","0","0","0","0","0","0","0","0","0","0","0","0","0","0","0","0","0","0","0","0","0","0","0","0","0","0","0","0","0","0","0","0"
"Banyan Gewurtraminer ( SA-14-204-A )","Wine","WCC","0","74","37","-","37","-","-","SA-14-204-A 1.0","Medium Wine :  1.2 %","4 w","4 w","—","SA-14-204-A :   No","Legacy","—","—","30.0 % Week  49 - 53","-","-","0","0","1","0","0","0","0","0","1","1","1","1","1","1","1","1","3","7","19","16","4","5","2","2","1","0","0","0","0","0","0","0","0","0","0","0","0","0","0","0","0","0","0","0","0","0","0","0","0","0","0","0","0","0","0","0","0","0","0","0","0"
"Camp Chardonnay ( SA-14-205-A )","Wine","WCC","0","148","74","-","74","-","-","SA-14-205-A 1.0","Medium Wine :  1.1 %","4 w","4 w","—","SA-14-205-A :   No","Legacy","—","—","30.0 % Week  49 - 53","-","-","0","0","1","0","0","0","0","0","1","1","1","0","0","1","1","1","3","7","17","15","4","5","2","1","1","0","0","0","0","0","0","0","0","0","0","0","0","0","0","0","0","0","0","0","0","0","0","0","0","0","0","0","0","0","0","0","0","0","0","0","0"
"Folk Machine Chenin Blanc ( SA-14-206-A )","Wine","WCC","0","148","74","-","74","-","-","SA-14-206-A 1.0","Medium Wine :  1.8 %","4 w","4 w","—","SA-14-206-A :   No","Legacy","—","—","30.0 % Week  49 - 53","-","-","0","0","1","1","1","1","1","1","2","1","1","1","1","1","1","1","5","12","30","25","7","8","3","2","2","0","0","0","0","0","0","0","0","0","0","0","0","0","0","0","0","0","0","0","0","0","0","0","0","0","0","0","0","0","0","0","0","0","0","0","0"
"Jeanne d’Arc Skin Contact White Wine ( SA-14-207-A )","Wine","WCC","0","74","37","-","37","-","-","SA-14-207-A 1.0","Large Wine :  1.8 %","4 w","4 w","—","SA-14-207-A :   No","Legacy","—","—","30.0 % Week  49 - 53","-","-","0","0","0","1","0","0","1","1","1","1","1","1","1","1","1","1","6","11","27","20","6","6","3","2","2","0","0","0","0","0","0","0","0","0","0","0","0","0","0","0","0","0","0","0","0","0","0","0","0","0","0","0","0","0","0","0","0","0","0","0","0"
"Folk Machine Pinot Noir Vecino Vineyard ( SA-14-208-A )","Wine","WCC","0","206","103","-","103","-","-","SA-14-208-A 1.0","Large Wine :  5.7 %","4 w","4 w","—","SA-14-208-A :   No","Legacy","—","—","30.0 % Week  49 - 53","-","-","0","1","1","2","1","1","2","2","4","3","2","2","2","3","4","3","19","35","82","64","20","20","10","6","5","0","0","0","0","0","0","0","0","0","0","0","0","0","0","0","0","0","0","0","0","0","0","0","0","0","0","0","0","0","0","0","0","0","0","0","0"
"Ghostwriter Chardonnay ( SA-14-209-A )","Wine","WCC","0","88","44","-","44","-","-","SA-14-209-A 1.0","Large Wine :  2.0 %","4 w","4 w","—","SA-14-209-A :   No","Legacy","—","—","30.0 % Week  49 - 53","-","-","0","0","0","1","0","0","1","1","1","1","1","1","1","1","1","1","7","12","29","22","7","7","4","2","2","0","0","0","0","0","0","0","0","0","0","0","0","0","0","0","0","0","0","0","0","0","0","0","0","0","0","0","0","0","0","0","0","0","0","0","0"
"Ghostwriter Pinot Noir Santa Cruz County ( SA-14-210-A )","Wine","WCC","0","96","48","-","48","-","-","SA-14-210-A 1.0","-","4 w","4 w","—","SA-14-210-A :   Yes","Legacy","—","—","30.0 % Week  49 - 53","-","-","0","0","0","0","0","0","0","0","0","0","0","0","0","0","0","0","0","0","0","0","0","0","0","0","0","0","0","0","0","0","0","0","0","0","0","0","0","0","0","0","0","0","0","0","0","0","0","0","0","0","0","0","0","0","0","0","0","0","0","0","0"
"Ghostwriter Pinot Noir, Amaya Ridge ( SA-14-211-A )","Wine","WCC","0","102","51","-","51","-","-","SA-14-211-A 1.0","X-Large Wine :  9.9 %","4 w","4 w","—","SA-14-211-A :   No","Legacy","—","—","30.0 % Week  49 - 53","-","-","0","1","1","1","1","1","2","3","2","2","1","2","1","2","3","2","16","31","75","51","16","18","7","5","4","0","0","0","0","0","0","0","0","0","0","0","0","0","0","0","0","0","0","0","0","0","0","0","0","0","0","0","0","0","0","0","0","0","0","0","0"
"Ghostwriter Cabernet, Black Ridge ( SA-14-212-A )","Wine","WCC","0","40","20","-","20","-","-","SA-14-212-A 1.0","Deluxe Wine :  6.5 %","4 w","4 w","—","SA-14-212-A :   No","Legacy","—","—","30.0 % Week  49 - 53","-","-","0","0","0","0","0","0","0","0","0","1","1","1","1","1","1","1","4","10","34","25","8","10","3","2","1","0","0","0","0","0","0","0","0","0","0","0","0","0","0","0","0","0","0","0","0","0","0","0","0","0","0","0","0","0","0","0","0","0","0","0","0"
"Roettgerding Rottgen ( SA-14-213-A )","Wine","WCC","0","2","1","-","1","-","-","SA-14-213-A 1.0","-","4 w","4 w","—","SA-14-213-A :   Yes","Legacy","—","—","30.0 % Week  49 - 53","-","-","0","0","0","0","0","0","0","0","0","0","0","0","0","0","0","0","0","0","0","0","0","0","0","0","0","0","0","0","0","0","0","0","0","0","0","0","0","0","0","0","0","0","0","0","0","0","0","0","0","0","0","0","0","0","0","0","0","0","0","0","0"
"Domaine de la Damase Grenache ( SA-14-214-A )","Wine","WCC","0","114","57","-","57","-","-","SA-14-214-A 1.0","Medium Wine :  2.9 %","4 w","4 w","—","SA-14-214-A :   No","Legacy","—","—","30.0 % Week  49 - 53","-","-","0","1","2","1","1","1","1","1","3","2","2","1","1","1","2","2","8","19","47","40","11","13","5","4","3","0","0","0","0","0","0","0","0","0","0","0","0","0","0","0","0","0","0","0","0","0","0","0","0","0","0","0","0","0","0","0","0","0","0","0","0"
"The Big Pink Rose ( SA-14-215-A )","Wine","WCC","0","2","1","-","1","-","-","SA-14-215-A 1.0","-","4 w","4 w","—","SA-14-215-A :   Yes","Legacy","—","—","30.0 % Week  49 - 53","-","-","0","0","0","0","0","0","0","0","0","0","0","0","0","0","0","0","0","0","0","0","0","0","0","0","0","0","0","0","0","0","0","0","0","0","0","0","0","0","0","0","0","0","0","0","0","0","0","0","0","0","0","0","0","0","0","0","0","0","0","0","0"
"Metier by Delille Sauvignon Blanc ( SA-14-216-A )","Wine","—","0","0","0","-","0","-","-","SA-14-216-A 1.0","-","4 w","4 w","—","SA-14-216-A :   No","Legacy","—","—","30.0 % Week  49 - 53","-","-","0","0","0","0","0","0","0","0","0","0","0","0","0","0","0","0","0","0","0","0","0","0","0","0","0","0","0","0","0","0","0","0","0","0","0","0","0","0","0","0","0","0","0","0","0","0","0","0","0","0","0","0","0","0","0","0","0","0","0","0","0"
"A Terre de Rai Prosecco Brut ( SA-14-217-A )","Wine","WCC","0","4","2","-","2","-","-","SA-14-217-A 1.0","-","4 w","4 w","—","SA-14-217-A :   Yes","Legacy","—","—","30.0 % Week  49 - 53","-","-","0","0","0","0","0","0","0","0","0","0","0","0","0","0","0","0","0","0","0","0","0","0","0","0","0","0","0","0","0","0","0","0","0","0","0","0","0","0","0","0","0","0","0","0","0","0","0","0","0","0","0","0","0","0","0","0","0","0","0","0","0"
"Mother Vine Rose ( SA-14-218-A )","Wine","WCC","0","0","0","-","0","-","-","SA-14-218-A 1.0","-","4 w","4 w","—","SA-14-218-A :   Yes","Legacy","—","—","30.0 % Week  49 - 53","-","-","0","0","0","0","0","0","0","0","0","0","0","0","0","0","0","0","0","0","0","0","0","0","0","0","0","0","0","0","0","0","0","0","0","0","0","0","0","0","0","0","0","0","0","0","0","0","0","0","0","0","0","0","0","0","0","0","0","0","0","0","0"
"Red Car Rose of Pinot Noir ( SA-14-219-A )","Wine","WCC","0","2","1","-","1","-","-","SA-14-219-A 1.0","-","4 w","4 w","—","SA-14-219-A :   Yes","Legacy","—","—","30.0 % Week  49 - 53","-","-","0","0","0","0","0","0","0","0","0","0","0","0","0","0","0","0","0","0","0","0","0","0","0","0","0","0","0","0","0","0","0","0","0","0","0","0","0","0","0","0","0","0","0","0","0","0","0","0","0","0","0","0","0","0","0","0","0","0","0","0","0"
"Cricket Farms Brut Sparkling Rose ( SA-14-220-A )","Wine","WCC","0","0","0","-","0","-","-","SA-14-220-A 1.0","-","4 w","4 w","—","SA-14-220-A :   Yes","Legacy","—","—","30.0 % Week  49 - 53","-","-","0","0","0","0","0","0","0","0","0","0","0","0","0","0","0","0","0","0","0","0","0","0","0","0","0","0","0","0","0","0","0","0","0","0","0","0","0","0","0","0","0","0","0","0","0","0","0","0","0","0","0","0","0","0","0","0","0","0","0","0","0"
"Cricket Farms Brut Sparkling White Wine ( SA-14-221-A )","Wine","WCC","0","4","2","-","2","-","-","SA-14-221-A 1.0","-","4 w","4 w","—","SA-14-221-A :   No","Legacy","—","—","30.0 % Week  49 - 53","-","-","0","0","0","0","0","0","0","0","0","0","0","0","0","0","0","0","0","0","0","0","0","0","0","0","0","0","0","0","0","0","0","0","0","0","0","0","0","0","0","0","0","0","0","0","0","0","0","0","0","0","0","0","0","0","0","0","0","0","0","0","0"
"Clay Shannon Rose ( SA-14-222-A )","Wine","WCC","0","0","0","-","0","-","-","SA-14-222-A 1.0","-","4 w","4 w","—","SA-14-222-A :   No","Legacy","—","—","30.0 % Week  49 - 53","-","-","0","0","0","0","0","0","0","0","0","0","0","0","0","0","0","0","0","0","0","0","0","0","0","0","0","0","0","0","0","0","0","0","0","0","0","0","0","0","0","0","0","0","0","0","0","0","0","0","0","0","0","0","0","0","0","0","0","0","0","0","0"
"Delille Chaleur Blanc ( SA-14-223-A )","Wine","WCC","0","0","0","-","0","-","-","SA-14-223-A 1.0","-","4 w","4 w","—","SA-14-223-A :   No","Legacy","—","—","30.0 % Week  49 - 53","-","-","0","0","0","0","0","0","0","0","0","0","0","0","0","0","0","0","0","0","0","0","0","0","0","0","0","0","0","0","0","0","0","0","0","0","0","0","0","0","0","0","0","0","0","0","0","0","0","0","0","0","0","0","0","0","0","0","0","0","0","0","0"
"Brick Barn Albarino ( SA-14-224-A )","Wine","WCC","0","4","2","-","2","-","-","SA-14-224-A 1.0","-","4 w","4 w","—","SA-14-224-A :   No","Legacy","—","—","30.0 % Week  49 - 53","-","-","0","0","0","0","0","0","0","0","0","0","0","0","0","0","0","0","0","0","0","0","0","0","0","0","0","0","0","0","0","0","0","0","0","0","0","0","0","0","0","0","0","0","0","0","0","0","0","0","0","0","0","0","0","0","0","0","0","0","0","0","0"
"Brick Barn Blanc de Blanc ( SA-14-225-A )","Wine","WCC","0","24","12","-","12","-","-","SA-14-225-A 1.0","X-Large Wine :  2.4 %","4 w","4 w","—","SA-14-225-A :   No","Legacy","—","—","30.0 % Week  49 - 53","-","-","0","0","0","0","0","0","0","1","1","1","0","0","0","1","1","1","4","8","18","12","4","4","2","1","1","0","0","0","0","0","0","0","0","0","0","0","0","0","0","0","0","0","0","0","0","0","0","0","0","0","0","0","0","0","0","0","0","0","0","0","0"
"Domaine Vincent Wengier Chablis ( SA-14-226-A )","Wine","WCC","0","6","3","-","3","-","-","SA-14-226-A 1.0","-","4 w","4 w","—","SA-14-226-A :   No","Legacy","—","—","30.0 % Week  49 - 53","-","-","0","0","0","0","0","0","0","0","0","0","0","0","0","0","0","0","0","0","0","0","0","0","0","0","0","0","0","0","0","0","0","0","0","0","0","0","0","0","0","0","0","0","0","0","0","0","0","0","0","0","0","0","0","0","0","0","0","0","0","0","0"
"Red CarMohrhardt Ridge Chardonnay, Fort Ross-Seaview ( SA-14-227-A )","Wine","WCC","0","0","0","-","0","-","-","SA-14-227-A 1.0","-","4 w","4 w","—","SA-14-227-A :   No","Legacy","—","—","30.0 % Week  49 - 53","-","-","0","0","0","0","0","0","0","0","0","0","0","0","0","0","0","0","0","0","0","0","0","0","0","0","0","0","0","0","0","0","0","0","0","0","0","0","0","0","0","0","0","0","0","0","0","0","0","0","0","0","0","0","0","0","0","0","0","0","0","0","0"
"Grand Napa Spring Mountain District Sauvignon Blanc Ultra Luxury ( SA-14-228-A )","Wine","WCC","0","2","1","-","1","-","-","SA-14-228-A 1.0","-","4 w","4 w","—","SA-14-228-A :   No","Legacy","—","—","30.0 % Week  49 - 53","-","-","0","0","0","0","0","0","0","0","0","0","0","0","0","0","0","0","0","0","0","0","0","0","0","0","0","0","0","0","0","0","0","0","0","0","0","0","0","0","0","0","0","0","0","0","0","0","0","0","0","0","0","0","0","0","0","0","0","0","0","0","0"
"MV Louis Roederer Collection 244 ( SA-14-229-A )","Wine","WCC","0","0","0","-","0","-","-","SA-14-229-A 1.0","-","4 w","4 w","—","SA-14-229-A :   No","Legacy","—","—","30.0 % Week  49 - 53","-","-","0","0","0","0","0","0","0","0","0","0","0","0","0","0","0","0","0","0","0","0","0","0","0","0","0","0","0","0","0","0","0","0","0","0","0","0","0","0","0","0","0","0","0","0","0","0","0","0","0","0","0","0","0","0","0","0","0","0","0","0","0"
"Les Hauts de Milly Chablis 1er Cru Cote de Lechet Vieille Vigne ( SA-14-230-A )","Wine","WCC","0","0","0","-","0","-","-","SA-14-230-A 1.0","-","4 w","4 w","—","SA-14-230-A :   No","Legacy","—","—","30.0 % Week  49 - 53","-","-","0","0","0","0","0","0","0","0","0","0","0","0","0","0","0","0","0","0","0","0","0","0","0","0","0","0","0","0","0","0","0","0","0","0","0","0","0","0","0","0","0","0","0","0","0","0","0","0","0","0","0","0","0","0","0","0","0","0","0","0","0"
"Red Car Estate Chardonnay, Fort Ross-Seaview ( SA-14-231-A )","Wine","—","0","0","0","-","0","-","-","SA-14-231-A 1.0","-","4 w","4 w","—","SA-14-231-A :   No","Legacy","—","—","30.0 % Week  49 - 53","-","-","0","0","0","0","0","0","0","0","0","0","0","0","0","0","0","0","0","0","0","0","0","0","0","0","0","0","0","0","0","0","0","0","0","0","0","0","0","0","0","0","0","0","0","0","0","0","0","0","0","0","0","0","0","0","0","0","0","0","0","0","0"
"Azur Proprietary Red ( SA-14-232-A )","Wine","WCC","0","52","26","-","26","-","-","SA-14-232-A 1.0","Grand Wine :  5.6 %","4 w","4 w","—","SA-14-232-A :   No","Legacy","—","—","30.0 % Week  49 - 53","-","-","0","0","0","0","0","0","0","0","0","1","0","0","1","1","1","1","2","4","16","16","4","5","2","1","1","0","0","0","0","0","0","0","0","0","0","0","0","0","0","0","0","0","0","0","0","0","0","0","0","0","0","0","0","0","0","0","0","0","0","0","0"
"William Fevre Fourchaume Chablis Premier Cru ( SA-14-233-A )","Wine","WCC","0","2","1","-","1","-","-","SA-14-233-A 1.0","-","4 w","4 w","—","SA-14-233-A :   Yes","Legacy","—","—","30.0 % Week  49 - 53","-","-","0","0","0","0","0","0","0","0","0","0","0","0","0","0","0","0","0","0","0","0","0","0","0","0","0","0","0","0","0","0","0","0","0","0","0","0","0","0","0","0","0","0","0","0","0","0","0","0","0","0","0","0","0","0","0","0","0","0","0","0","0"
"Grand Napa Blanc de Noir ( SA-14-234-A )","Wine","WCC","0","88","44","-","44","-","-","SA-14-234-A 1.0","Deluxe Wine :  2.9 %","4 w","4 w","—","SA-14-234-A :   No","Legacy","—","—","30.0 % Week  49 - 53","-","-","0","0","0","0","0","0","0","0","0","0","0","0","0","0","0","0","2","4","16","11","4","4","1","1","1","0","0","0","0","0","0","0","0","0","0","0","0","0","0","0","0","0","0","0","0","0","0","0","0","0","0","0","0","0","0","0","0","0","0","0","0"
"Heir Apparent Proprietary Napa Red Blend ( SA-14-235-A )","Wine","WCC","0","2","1","-","1","-","-","SA-14-235-A 1.0","-","4 w","4 w","—","SA-14-235-A :   No","Legacy","—","—","30.0 % Week  49 - 53","-","-","0","0","0","0","0","0","0","0","0","0","0","0","0","0","0","0","0","0","0","0","0","0","0","0","0","0","0","0","0","0","0","0","0","0","0","0","0","0","0","0","0","0","0","0","0","0","0","0","0","0","0","0","0","0","0","0","0","0","0","0","0"
"Grand Napa Sparkling Rose ( SA-14-236-A )","Wine","WCC","0","0","0","-","0","-","-","SA-14-236-A 1.0","-","4 w","4 w","—","SA-14-236-A :   No","Legacy","—","—","30.0 % Week  49 - 53","-","-","0","0","0","0","0","0","0","0","0","0","0","0","0","0","0","0","0","0","0","0","0","0","0","0","0","0","0","0","0","0","0","0","0","0","0","0","0","0","0","0","0","0","0","0","0","0","0","0","0","0","0","0","0","0","0","0","0","0","0","0","0"
"Maximin Grunhaus Abtsberg Riesling Trocken Grosses Gewächs ( SA-14-237-A )","Wine","WCC","0","50","25","-","25","-","-","SA-14-237-A 1.0","Grand Wine :  4.9 %","4 w","4 w","—","SA-14-237-A :   No","Legacy","—","—","30.0 % Week  49 - 53","-","-","0","0","0","0","0","0","0","0","0","1","0","0","0","0","0","1","2","4","14","14","3","4","2","1","1","0","0","0","0","0","0","0","0","0","0","0","0","0","0","0","0","0","0","0","0","0","0","0","0","0","0","0","0","0","0","0","0","0","0","0","0"
"Domaine de La Garenne Macon Aze ’19 ( SA-14-238-A )","Wine","WCC","0","0","0","-","0","-","-","SA-14-238-A 1.0","-","4 w","4 w","—","SA-14-238-A :   No","Legacy","—","—","30.0 % Week  49 - 53","-","-","0","0","0","0","0","0","0","0","0","0","0","0","0","0","0","0","0","0","0","0","0","0","0","0","0","0","0","0","0","0","0","0","0","0","0","0","0","0","0","0","0","0","0","0","0","0","0","0","0","0","0","0","0","0","0","0","0","0","0","0","0"
"Le Renard Bourgogne Chardonnay ( SA-14-239-A )","Wine","WCC","0","12","6","-","6","-","-","SA-14-239-A 1.0","-","4 w","4 w","—","SA-14-239-A :   No","Legacy","—","—","30.0 % Week  49 - 53","-","-","0","0","0","0","0","0","0","0","0","0","0","0","0","0","0","0","0","0","0","0","0","0","0","0","0","0","0","0","0","0","0","0","0","0","0","0","0","0","0","0","0","0","0","0","0","0","0","0","0","0","0","0","0","0","0","0","0","0","0","0","0"
"Machherndl Pulp Fiction White ( SA-14-240-A )","Wine","WCC","0","100","50","-","50","-","-","SA-14-240-A 1.0","-","4 w","4 w","—","SA-14-240-A :   No","Legacy","—","—","30.0 % Week  49 - 53","-","-","0","0","0","0","0","0","0","0","0","0","0","0","0","0","0","0","0","0","0","0","0","0","0","0","0","0","0","0","0","0","0","0","0","0","0","0","0","0","0","0","0","0","0","0","0","0","0","0","0","0","0","0","0","0","0","0","0","0","0","0","0"
"Alheit Cartology Chenin Blanc ( SA-14-241-A )","Wine","WCC","0","0","0","-","0","-","-","SA-14-241-A 1.0","-","4 w","4 w","—","SA-14-241-A :   No","Legacy","—","—","30.0 % Week  49 - 53","-","-","0","0","0","0","0","0","0","0","0","0","0","0","0","0","0","0","0","0","0","0","0","0","0","0","0","0","0","0","0","0","0","0","0","0","0","0","0","0","0","0","0","0","0","0","0","0","0","0","0","0","0","0","0","0","0","0","0","0","0","0","0"
"Gusbourne Brut Reserve 2019 ( SA-14-242-A )","Wine","WCC","0","66","33","-","33","-","-","SA-14-242-A 1.0","Deluxe Wine :  9.4 %","4 w","4 w","—","SA-14-242-A :   No","Legacy","—","—","30.0 % Week  49 - 53","-","-","0","1","0","0","0","1","0","1","1","1","1","1","1","1","1","1","6","14","50","36","12","14","5","3","2","0","0","0","0","0","0","0","0","0","0","0","0","0","0","0","0","0","0","0","0","0","0","0","0","0","0","0","0","0","0","0","0","0","0","0","0"
"La Ferme du Mont Chateauneuf-du-Pape Blanc ( SA-14-243-A )","Wine","WCC","0","0","0","-","0","-","-","SA-14-243-A 1.0","-","4 w","4 w","—","SA-14-243-A :   No","Legacy","—","—","30.0 % Week  49 - 53","-","-","0","0","0","0","0","0","0","0","0","0","0","0","0","0","0","0","0","0","0","0","0","0","0","0","0","0","0","0","0","0","0","0","0","0","0","0","0","0","0","0","0","0","0","0","0","0","0","0","0","0","0","0","0","0","0","0","0","0","0","0","0"
"Gusbourne Blanc de Noirs 2018 ( SA-14-244-A )","Wine","WCC","0","0","0","-","0","-","-","SA-14-244-A 1.0","-","4 w","4 w","—","SA-14-244-A :   Yes","Legacy","—","—","30.0 % Week  49 - 53","-","-","0","0","0","0","0","0","0","0","0","0","0","0","0","0","0","0","0","0","0","0","0","0","0","0","0","0","0","0","0","0","0","0","0","0","0","0","0","0","0","0","0","0","0","0","0","0","0","0","0","0","0","0","0","0","0","0","0","0","0","0","0"
"Pierre Mayeul 2018 Volnay ( SA-14-245-A )","Wine","WCC","0","8","4","-","4","-","-","SA-14-245-A 1.0","-","4 w","4 w","—","SA-14-245-A :   No","Legacy","—","—","30.0 % Week  49 - 53","-","-","0","0","0","0","0","0","0","0","0","0","0","0","0","0","0","0","0","0","0","0","0","0","0","0","0","0","0","0","0","0","0","0","0","0","0","0","0","0","0","0","0","0","0","0","0","0","0","0","0","0","0","0","0","0","0","0","0","0","0","0","0"
"Chateau de Pommard Clos Marey-Monge “Micault” 2019 ( SA-14-246-A )","Wine","WCC","0","0","0","-","0","-","-","SA-14-246-A 1.0","-","4 w","4 w","—","SA-14-246-A :   No","Legacy","—","—","30.0 % Week  49 - 53","-","-","0","0","0","0","0","0","0","0","0","0","0","0","0","0","0","0","0","0","0","0","0","0","0","0","0","0","0","0","0","0","0","0","0","0","0","0","0","0","0","0","0","0","0","0","0","0","0","0","0","0","0","0","0","0","0","0","0","0","0","0","0"
"Cross Springs Zinfandel ( SA-14-247-A )","Wine","WCC","0","0","0","-","0","-","-","SA-14-247-A 1.0","-","4 w","4 w","—","SA-14-247-A :   No","Legacy","—","—","30.0 % Week  49 - 53","-","-","0","0","0","0","0","0","0","0","0","0","0","0","0","0","0","0","0","0","0","0","0","0","0","0","0","0","0","0","0","0","0","0","0","0","0","0","0","0","0","0","0","0","0","0","0","0","0","0","0","0","0","0","0","0","0","0","0","0","0","0","0"
"2020 Bouchaine Estate Chardonnay ( SA-14-248-A )","Wine","WCC","0","6","3","-","3","-","-","SA-14-248-A 1.0","-","4 w","4 w","—","SA-14-248-A :   No","Legacy","—","—","30.0 % Week  49 - 53","-","-","0","0","0","0","0","0","0","0","0","0","0","0","0","0","0","0","0","0","0","0","0","0","0","0","0","0","0","0","0","0","0","0","0","0","0","0","0","0","0","0","0","0","0","0","0","0","0","0","0","0","0","0","0","0","0","0","0","0","0","0","0"
"2020 Bouchaine Unoaked Chardonnay ( SA-14-249-A )","Wine","WCC","0","6","3","-","3","-","-","SA-14-249-A 1.0","-","4 w","4 w","—","SA-14-249-A :   No","Legacy","—","—","30.0 % Week  49 - 53","-","-","0","0","0","0","0","0","0","0","0","0","0","0","0","0","0","0","0","0","0","0","0","0","0","0","0","0","0","0","0","0","0","0","0","0","0","0","0","0","0","0","0","0","0","0","0","0","0","0","0","0","0","0","0","0","0","0","0","0","0","0","0"
"2017 Le Vigne Estate Red Rhone Blend ( SA-14-250-A )","Wine","WCC","0","0","0","-","0","-","-","SA-14-250-A 1.0","-","4 w","4 w","—","SA-14-250-A :   Yes","Legacy","—","—","30.0 % Week  49 - 53","-","-","0","0","0","0","0","0","0","0","0","0","0","0","0","0","0","0","0","0","0","0","0","0","0","0","0","0","0","0","0","0","0","0","0","0","0","0","0","0","0","0","0","0","0","0","0","0","0","0","0","0","0","0","0","0","0","0","0","0","0","0","0"
"2022 Brick Barn Rose of Grenache ( SA-14-251-A )","Wine","WCC","0","4","2","-","2","-","-","SA-14-251-A 1.0","-","4 w","4 w","—","SA-14-251-A :   Yes","Legacy","—","—","30.0 % Week  49 - 53","-","-","0","0","0","0","0","0","0","0","0","0","0","0","0","0","0","0","0","0","0","0","0","0","0","0","0","0","0","0","0","0","0","0","0","0","0","0","0","0","0","0","0","0","0","0","0","0","0","0","0","0","0","0","0","0","0","0","0","0","0","0","0"
"2022 Domaine Malleron Clos du Roy Sancerre ( SA-14-252-A )","Wine","WCC","0","0","0","-","0","-","-","SA-14-252-A 1.0","-","4 w","4 w","—","SA-14-252-A :   No","Legacy","—","—","30.0 % Week  49 - 53","-","-","0","0","0","0","0","0","0","0","0","0","0","0","0","0","0","0","0","0","0","0","0","0","0","0","0","0","0","0","0","0","0","0","0","0","0","0","0","0","0","0","0","0","0","0","0","0","0","0","0","0","0","0","0","0","0","0","0","0","0","0","0"
"2017 Stroppiana “Cesare” Barolo DOCG ( SA-14-253-A )","Wine","WCC","0","4","2","-","2","-","-","SA-14-253-A 1.0","-","4 w","4 w","—","SA-14-253-A :   No","Legacy","—","—","30.0 % Week  49 - 53","-","-","0","0","0","0","0","0","0","0","0","0","0","0","0","0","0","0","0","0","0","0","0","0","0","0","0","0","0","0","0","0","0","0","0","0","0","0","0","0","0","0","0","0","0","0","0","0","0","0","0","0","0","0","0","0","0","0","0","0","0","0","0"
"Furthermore Russian River Pinot Noir ( SA-14-254-A )","Wine","WCC","0","0","0","-","0","-","-","SA-14-254-A 1.0","-","4 w","4 w","—","SA-14-254-A :   No","Legacy","—","—","30.0 % Week  49 - 53","-","-","0","0","0","0","0","0","0","0","0","0","0","0","0","0","0","0","0","0","0","0","0","0","0","0","0","0","0","0","0","0","0","0","0","0","0","0","0","0","0","0","0","0","0","0","0","0","0","0","0","0","0","0","0","0","0","0","0","0","0","0","0"
"2021 Les Terrasses Chateaneuf du Pape ( SA-14-255-A )","Wine","WCC","0","0","0","-","0","-","-","SA-14-255-A 1.0","-","4 w","4 w","—","SA-14-255-A :   No","Legacy","—","—","30.0 % Week  49 - 53","-","-","0","0","0","0","0","0","0","0","0","0","0","0","0","0","0","0","0","0","0","0","0","0","0","0","0","0","0","0","0","0","0","0","0","0","0","0","0","0","0","0","0","0","0","0","0","0","0","0","0","0","0","0","0","0","0","0","0","0","0","0","0"
"Reflection Ridge Cabernet Sauvignon ( SA-14-256-A )","Wine","WCC","0","4","2","-","2","-","-","SA-14-256-A 1.0","-","4 w","4 w","—","SA-14-256-A :   Yes","Legacy","—","—","30.0 % Week  49 - 53","-","-","0","0","0","0","0","0","0","0","0","0","0","0","0","0","0","0","0","0","0","0","0","0","0","0","0","0","0","0","0","0","0","0","0","0","0","0","0","0","0","0","0","0","0","0","0","0","0","0","0","0","0","0","0","0","0","0","0","0","0","0","0"
"Laurent Miquel Alaina Langeudoc AOP Red ( SA-14-257-A )","Wine","—","0","4","2","-","2","-","-","SA-14-257-A 1.0","-","4 w","4 w","—","SA-14-257-A :   No","Legacy","—","—","30.0 % Week  49 - 53","-","-","0","0","0","0","0","0","0","0","0","0","0","0","0","0","0","0","0","0","0","0","0","0","0","0","0","0","0","0","0","0","0","0","0","0","0","0","0","0","0","0","0","0","0","0","0","0","0","0","0","0","0","0","0","0","0","0","0","0","0","0","0"
"Witness Mark Pinot Noir ( SA-14-258-A )","Wine","—","0","0","0","-","0","-","-","SA-14-258-A 1.0","-","4 w","4 w","—","SA-14-258-A :   No","Legacy","—","—","30.0 % Week  49 - 53","-","-","0","0","0","0","0","0","0","0","0","0","0","0","0","0","0","0","0","0","0","0","0","0","0","0","0","0","0","0","0","0","0","0","0","0","0","0","0","0","0","0","0","0","0","0","0","0","0","0","0","0","0","0","0","0","0","0","0","0","0","0","0"
"Grandeur Red Blend ( SA-14-259-A )","Wine","WCC","0","4","2","-","2","-","-","SA-14-259-A 1.0","-","4 w","4 w","—","SA-14-259-A :   Yes","Legacy","—","—","30.0 % Week  49 - 53","-","-","0","0","0","0","0","0","0","0","0","0","0","0","0","0","0","0","0","0","0","0","0","0","0","0","0","0","0","0","0","0","0","0","0","0","0","0","0","0","0","0","0","0","0","0","0","0","0","0","0","0","0","0","0","0","0","0","0","0","0","0","0"
"Annabella Napa Sauvignon Blanc ( SA-14-260-A )","Wine","WCC","0","0","0","-","0","-","-","SA-14-260-A 1.0","-","4 w","4 w","—","SA-14-260-A :   Yes","Legacy","—","—","30.0 % Week  49 - 53","-","-","0","0","0","0","0","0","0","0","0","0","0","0","0","0","0","0","0","0","0","0","0","0","0","0","0","0","0","0","0","0","0","0","0","0","0","0","0","0","0","0","0","0","0","0","0","0","0","0","0","0","0","0","0","0","0","0","0","0","0","0","0"
"Robert Biale Party Line Zinfandel ( SA-14-261-A )","Wine","WCC","0","148","74","-","74","-","-","SA-14-261-A 1.0","Large Wine :  4.0 %","4 w","4 w","—","SA-14-261-A :   No","Legacy","—","—","30.0 % Week  49 - 53","-","-","0","1","1","1","1","1","1","1","2","2","1","1","1","2","2","2","13","24","57","44","14","14","7","4","3","0","0","0","0","0","0","0","0","0","0","0","0","0","0","0","0","0","0","0","0","0","0","0","0","0","0","0","0","0","0","0","0","0","0","0","0"
"Scheid Vineyards Merlot ( SA-14-262-A )","Wine","WCC","0","176","88","-","88","-","-","SA-14-262-A 1.0","X-Large Wine :  3.4 %","4 w","4 w","—","SA-14-262-A :   No","Legacy","—","—","30.0 % Week  49 - 53","-","-","0","0","0","0","0","0","1","1","1","1","0","1","0","1","1","1","5","11","26","17","6","6","2","2","1","0","0","0","0","0","0","0","0","0","0","0","0","0","0","0","0","0","0","0","0","0","0","0","0","0","0","0","0","0","0","0","0","0","0","0","0"
"Robert Biale Black Chicken Zinfandel ( SA-14-263-A )","Wine","WCC","0","6","3","-","3","-","-","SA-14-263-A 1.0","X-Large Wine :  2.4 %","4 w","4 w","—","SA-14-263-A :   No","Legacy","—","—","30.0 % Week  49 - 53","-","-","0","0","0","0","0","0","0","1","1","1","0","0","0","1","1","1","4","8","18","12","4","4","2","1","1","0","0","0","0","0","0","0","0","0","0","0","0","0","0","0","0","0","0","0","0","0","0","0","0","0","0","0","0","0","0","0","0","0","0","0","0"
"Scheid Vineyards Pinot Noir ( SA-14-264-A )","Wine","WCC","0","20","10","-","10","-","-","SA-14-264-A 1.0","X-Large Wine :  4.9 %","4 w","4 w","—","SA-14-264-A :   No","Legacy","—","—","30.0 % Week  49 - 53","-","-","0","0","1","1","1","1","1","1","1","1","1","1","1","1","1","1","8","16","37","25","8","9","4","2","2","0","0","0","0","0","0","0","0","0","0","0","0","0","0","0","0","0","0","0","0","0","0","0","0","0","0","0","0","0","0","0","0","0","0","0","0"
"Beaulieu Vineyard Napa Valley Cabernet Sauvignon ( SA-14-265-A )","Wine","WCC","0","0","0","-","0","-","-","SA-14-265-A 1.0","-","4 w","4 w","—","SA-14-265-A :   No","Legacy","—","—","30.0 % Week  49 - 53","-","-","0","0","0","0","0","0","0","0","0","0","0","0","0","0","0","0","0","0","0","0","0","0","0","0","0","0","0","0","0","0","0","0","0","0","0","0","0","0","0","0","0","0","0","0","0","0","0","0","0","0","0","0","0","0","0","0","0","0","0","0","0"
"Beringer Distinctions Napa Cabernet Sauvignon ( SA-14-266-A )","Wine","WCC","0","6","3","-","3","-","-","SA-14-266-A 1.0","-","4 w","4 w","—","SA-14-266-A :   No","Legacy","—","—","30.0 % Week  49 - 53","-","-","0","0","0","0","0","0","0","0","0","0","0","0","0","0","0","0","0","0","0","0","0","0","0","0","0","0","0","0","0","0","0","0","0","0","0","0","0","0","0","0","0","0","0","0","0","0","0","0","0","0","0","0","0","0","0","0","0","0","0","0","0"
"Ferrari Carano Pinot Noir Anderson Valley ( SA-14-267-A )","Wine","WCC","0","6","3","-","3","-","-","SA-14-267-A 1.0","-","4 w","4 w","—","SA-14-267-A :   No","Legacy","—","—","30.0 % Week  49 - 53","-","-","0","0","0","0","0","0","0","0","0","0","0","0","0","0","0","0","0","0","0","0","0","0","0","0","0","0","0","0","0","0","0","0","0","0","0","0","0","0","0","0","0","0","0","0","0","0","0","0","0","0","0","0","0","0","0","0","0","0","0","0","0"
"Baeulieu Vineyard Tapestry Red Blend ( SA-14-268-A )","Wine","WCC","0","0","0","-","0","-","-","SA-14-268-A 1.0","-","4 w","4 w","—","SA-14-268-A :   No","Legacy","—","—","30.0 % Week  49 - 53","-","-","0","0","0","0","0","0","0","0","0","0","0","0","0","0","0","0","0","0","0","0","0","0","0","0","0","0","0","0","0","0","0","0","0","0","0","0","0","0","0","0","0","0","0","0","0","0","0","0","0","0","0","0","0","0","0","0","0","0","0","0","0"
"Stags Leap Napa Valley Cabernet Sauvignon ( SA-14-269-A )","Wine","WCC","0","0","0","-","0","-","-","SA-14-269-A 1.0","-","4 w","4 w","—","SA-14-269-A :   No","Legacy","—","—","30.0 % Week  49 - 53","-","-","0","0","0","0","0","0","0","0","0","0","0","0","0","0","0","0","0","0","0","0","0","0","0","0","0","0","0","0","0","0","0","0","0","0","0","0","0","0","0","0","0","0","0","0","0","0","0","0","0","0","0","0","0","0","0","0","0","0","0","0","0"
"Moet Chandon Champagne Brut Imperial ( SA-14-270-A )","Wine","WCC","0","0","0","-","0","-","-","SA-14-270-A 1.0","-","4 w","4 w","—","SA-14-270-A :   Yes","Legacy","—","—","30.0 % Week  49 - 53","-","-","0","0","0","0","0","0","0","0","0","0","0","0","0","0","0","0","0","0","0","0","0","0","0","0","0","0","0","0","0","0","0","0","0","0","0","0","0","0","0","0","0","0","0","0","0","0","0","0","0","0","0","0","0","0","0","0","0","0","0","0","0"
"2020 Beaulieu Vineyard Reserve Rutherford Cabernet ( SA-14-271-A )","Wine","WCC","0","58","29","-","29","-","-","SA-14-271-A 1.0","Grand Wine :  5.6 %","4 w","4 w","—","SA-14-271-A :   No","Legacy","—","—","30.0 % Week  49 - 53","-","-","0","0","0","0","0","0","0","0","0","1","0","0","1","1","1","1","2","4","16","16","4","5","2","1","1","0","0","0","0","0","0","0","0","0","0","0","0","0","0","0","0","0","0","0","0","0","0","0","0","0","0","0","0","0","0","0","0","0","0","0","0"
"Veuve Clicquot Champagne Brut Rose ( SA-14-272-A )","Wine","WCC","0","208","104","-","104","-","-","SA-14-272-A 1.0","Grand Wine :  19.6 %","4 w","4 w","—","SA-14-272-A :   No","Legacy","—","—","30.0 % Week  49 - 53","-","-","0","0","1","1","1","1","1","1","1","2","1","1","2","2","2","2","7","15","56","56","14","18","7","5","3","0","0","0","0","0","0","0","0","0","0","0","0","0","0","0","0","0","0","0","0","0","0","0","0","0","0","0","0","0","0","0","0","0","0","0","0"
"2022 Caymus Vineyards Cabernet Sauvignon ( SA-14-273-A )","Wine","WCC","0","0","0","-","0","-","-","SA-14-273-A 1.0","-","4 w","4 w","—","SA-14-273-A :   No","Legacy","—","—","30.0 % Week  49 - 53","-","-","0","0","0","0","0","0","0","0","0","0","0","0","0","0","0","0","0","0","0","0","0","0","0","0","0","0","0","0","0","0","0","0","0","0","0","0","0","0","0","0","0","0","0","0","0","0","0","0","0","0","0","0","0","0","0","0","0","0","0","0","0"
"Kenwood Cabernet Sauvignon Six Ridges ( SA-14-274-A )","Wine","WCC","0","0","0","-","0","-","-","SA-14-274-A 1.0","-","4 w","4 w","—","SA-14-274-A :   Yes","Legacy","—","—","30.0 % Week  49 - 53","-","-","0","0","0","0","0","0","0","0","0","0","0","0","0","0","0","0","0","0","0","0","0","0","0","0","0","0","0","0","0","0","0","0","0","0","0","0","0","0","0","0","0","0","0","0","0","0","0","0","0","0","0","0","0","0","0","0","0","0","0","0","0"
"Folk Machine Chardonnay ( SA-14-275-A )","Wine","WCC","0","80","40","-","40","-","-","SA-14-275-A 1.0","Large Wine :  2.1 %","4 w","4 w","—","SA-14-275-A :   No","Legacy","—","—","30.0 % Week  49 - 53","-","-","0","0","0","1","0","1","1","1","1","1","1","1","1","1","1","1","7","13","31","24","7","8","4","2","2","0","0","0","0","0","0","0","0","0","0","0","0","0","0","0","0","0","0","0","0","0","0","0","0","0","0","0","0","0","0","0","0","0","0","0","0"
"La Sirena Chardonnay ( SA-14-276-A )","Wine","WCC","0","0","0","-","0","-","-","SA-14-276-A 1.0","-","4 w","4 w","—","SA-14-276-A :   No","Legacy","—","—","30.0 % Week  49 - 53","-","-","0","0","0","0","0","0","0","0","0","0","0","0","0","0","0","0","0","0","0","0","0","0","0","0","0","0","0","0","0","0","0","0","0","0","0","0","0","0","0","0","0","0","0","0","0","0","0","0","0","0","0","0","0","0","0","0","0","0","0","0","0"
"Domaine la Prieure des Pape Chateauneuf-du-Pape Le Couchant ( SA-14-277-A )","Wine","WCC","0","0","0","-","0","-","-","SA-14-277-A 1.0","-","4 w","4 w","—","SA-14-277-A :   No","Legacy","—","—","30.0 % Week  49 - 53","-","-","0","0","0","0","0","0","0","0","0","0","0","0","0","0","0","0","0","0","0","0","0","0","0","0","0","0","0","0","0","0","0","0","0","0","0","0","0","0","0","0","0","0","0","0","0","0","0","0","0","0","0","0","0","0","0","0","0","0","0","0","0"
"Replica Red Wine Pickpocket ( SA-14-278-A )","Wine","WCC","0","4","2","-","2","-","-","SA-14-278-A 1.0","-","4 w","4 w","—","SA-14-278-A :   No","Legacy","—","—","30.0 % Week  49 - 53","-","-","0","0","0","0","0","0","0","0","0","0","0","0","0","0","0","0","0","0","0","0","0","0","0","0","0","0","0","0","0","0","0","0","0","0","0","0","0","0","0","0","0","0","0","0","0","0","0","0","0","0","0","0","0","0","0","0","0","0","0","0","0"
"Replica Chardonnay ( SA-14-279-A )","Wine","WCC","0","188","94","-","94","-","-","SA-14-279-A 1.0","Medium Wine :  1.2 %","4 w","4 w","—","SA-14-279-A :   No","Legacy","—","—","30.0 % Week  49 - 53","-","-","0","0","1","0","1","0","0","0","1","1","1","1","1","1","1","1","3","8","20","17","5","5","2","2","1","0","0","0","0","0","0","0","0","0","0","0","0","0","0","0","0","0","0","0","0","0","0","0","0","0","0","0","0","0","0","0","0","0","0","0","0"
"Muscardini Vermentino ( SA-14-280-A )","Wine","WCC","0","8","4","-","4","-","-","SA-14-280-A 1.0","-","4 w","4 w","—","SA-14-280-A :   No","Legacy","—","—","30.0 % Week  49 - 53","-","-","0","0","0","0","0","0","0","0","0","0","0","0","0","0","0","0","0","0","0","0","0","0","0","0","0","0","0","0","0","0","0","0","0","0","0","0","0","0","0","0","0","0","0","0","0","0","0","0","0","0","0","0","0","0","0","0","0","0","0","0","0"
"Gary Farrell Martaella Vineyard Pinot Noir ( SA-14-281-A )","Wine","WCC","0","0","0","-","0","-","-","SA-14-281-A 1.0","-","4 w","4 w","—","SA-14-281-A :   No","Legacy","—","—","30.0 % Week  49 - 53","-","-","0","0","0","0","0","0","0","0","0","0","0","0","0","0","0","0","0","0","0","0","0","0","0","0","0","0","0","0","0","0","0","0","0","0","0","0","0","0","0","0","0","0","0","0","0","0","0","0","0","0","0","0","0","0","0","0","0","0","0","0","0"
"Gary Farrell Sanford & Benedict Pinot Noir ( SA-14-282-A )","Wine","WCC","0","86","43","-","43","-","-","SA-14-282-A 1.0","Deluxe Wine :  6.4 %","4 w","4 w","—","SA-14-282-A :   No","Legacy","—","—","30.0 % Week  49 - 53","-","-","0","0","0","0","0","0","0","0","0","1","1","1","1","1","1","1","4","9","34","24","8","9","3","2","1","0","0","0","0","0","0","0","0","0","0","0","0","0","0","0","0","0","0","0","0","0","0","0","0","0","0","0","0","0","0","0","0","0","0","0","0"
"Adobe Road Bavarian Lion Vineyard Petit Verdot ( SA-14-283-A )","Wine","WCC","0","48","24","-","24","-","-","SA-14-283-A 1.0","Grand Wine :  5.1 %","4 w","4 w","—","SA-14-283-A :   No","Legacy","—","—","30.0 % Week  49 - 53","-","-","0","0","0","0","0","0","0","0","0","1","0","0","0","1","0","1","2","4","15","15","4","5","2","1","1","0","0","0","0","0","0","0","0","0","0","0","0","0","0","0","0","0","0","0","0","0","0","0","0","0","0","0","0","0","0","0","0","0","0","0","0"
"Gerard Bertrand Vin Blanc Villa Soleilla ( SA-14-284-A )","Wine","WCC","0","4","2","-","2","-","-","SA-14-284-A 1.0","-","4 w","4 w","—","SA-14-284-A :   No","Legacy","—","—","30.0 % Week  49 - 53","-","-","0","0","0","0","0","0","0","0","0","0","0","0","0","0","0","0","0","0","0","0","0","0","0","0","0","0","0","0","0","0","0","0","0","0","0","0","0","0","0","0","0","0","0","0","0","0","0","0","0","0","0","0","0","0","0","0","0","0","0","0","0"
"Pestoni Family Howell Mountain Cabernet Sauvignon ( SA-14-285-A )","Wine","WCC","0","0","0","-","0","-","-","SA-14-285-A 1.0","-","4 w","4 w","—","SA-14-285-A :   No","Legacy","—","—","30.0 % Week  49 - 53","-","-","0","0","0","0","0","0","0","0","0","0","0","0","0","0","0","0","0","0","0","0","0","0","0","0","0","0","0","0","0","0","0","0","0","0","0","0","0","0","0","0","0","0","0","0","0","0","0","0","0","0","0","0","0","0","0","0","0","0","0","0","0"
"Joseph Jewell Russian River Pinot Noir ( SA-14-288-A )","Wine","WCC","0","0","0","-","0","-","-","SA-14-288-A 1.0","-","4 w","4 w","—","SA-14-288-A :   No","Legacy","—","—","30.0 % Week  49 - 53","-","-","0","0","0","0","0","0","0","0","0","0","0","0","0","0","0","0","0","0","0","0","0","0","0","0","0","0","0","0","0","0","0","0","0","0","0","0","0","0","0","0","0","0","0","0","0","0","0","0","0","0","0","0","0","0","0","0","0","0","0","0","0"
"Meiter by DeLille Cabernet Sauvignon ( SA-14-289-A )","Wine","WCC","0","6","3","-","3","-","-","SA-14-289-A 1.0","-","4 w","4 w","—","SA-14-289-A :   No","Legacy","—","—","30.0 % Week  49 - 53","-","-","0","0","0","0","0","0","0","0","0","0","0","0","0","0","0","0","0","0","0","0","0","0","0","0","0","0","0","0","0","0","0","0","0","0","0","0","0","0","0","0","0","0","0","0","0","0","0","0","0","0","0","0","0","0","0","0","0","0","0","0","0"
"No Love Lost Chardonnay ( SA-14-290-A )","Wine","WCC","0","4","2","-","2","-","-","SA-14-290-A 1.0","Medium Wine :  1.6 %","4 w","4 w","—","SA-14-290-A :   No","Legacy","—","—","30.0 % Week  49 - 53","-","-","2","0","1","1","1","1","1","1","2","1","1","1","1","1","1","1","4","10","26","22","6","7","3","2","2","0","0","0","0","0","0","0","0","0","0","0","0","0","0","0","0","0","0","0","0","0","0","0","0","0","0","0","0","0","0","0","0","0","0","0","0"
"No Love Lost Rose ( SA-14-291-A )","Wine","WCC","0","0","0","-","0","-","-","SA-14-291-A 1.0","-","4 w","4 w","—","SA-14-291-A :   No","Legacy","—","—","30.0 % Week  49 - 53","-","-","0","0","0","0","0","0","0","0","0","0","0","0","0","0","0","0","0","0","0","0","0","0","0","0","0","0","0","0","0","0","0","0","0","0","0","0","0","0","0","0","0","0","0","0","0","0","0","0","0","0","0","0","0","0","0","0","0","0","0","0","0"
"No Love Lost Sauvignon Blanc ( SA-14-292-A )","Wine","WCC","0","4","2","-","2","-","-","SA-14-292-A 1.0","-","4 w","4 w","—","SA-14-292-A :   No","Legacy","—","—","30.0 % Week  49 - 53","-","-","0","0","0","0","0","0","0","0","0","0","0","0","0","0","0","0","0","0","0","0","0","0","0","0","0","0","0","0","0","0","0","0","0","0","0","0","0","0","0","0","0","0","0","0","0","0","0","0","0","0","0","0","0","0","0","0","0","0","0","0","0"
"No Love Lost Russian River Pinot Noir ( SA-14-293-A )","Wine","WCC","0","116","58","-","58","-","-","SA-14-293-A 1.0","Large Wine :  9.0 %","4 w","4 w","—","SA-14-293-A :   No","Legacy","—","—","30.0 % Week  49 - 53","-","-","0","2","2","3","2","2","3","3","6","4","3","3","3","5","6","5","31","56","130","101","31","32","16","9","8","0","0","0","0","0","0","0","0","0","0","0","0","0","0","0","0","0","0","0","0","0","0","0","0","0","0","0","0","0","0","0","0","0","0","0","0"
"No Love Lost Cabernet ( SA-14-294-A )","Wine","WCC","0","466","233","-","233","-","-","SA-14-294-A 1.0","X-Large Wine :  17.6 %","4 w","4 w","—","SA-14-294-A :   No","Legacy","—","—","30.0 % Week  49 - 53","-","-","0","2","2","2","2","2","3","4","4","4","2","3","2","4","5","4","28","56","134","90","29","32","13","9","7","0","0","0","0","0","0","0","0","0","0","0","0","0","0","0","0","0","0","0","0","0","0","0","0","0","0","0","0","0","0","0","0","0","0","0","0"
"Arete Pinot Gris ( SA-14-295-A )","Wine","WCC","0","0","0","-","0","-","-","SA-14-295-A 1.0","-","4 w","4 w","—","SA-14-295-A :   No","Legacy","—","—","30.0 % Week  49 - 53","-","-","0","0","0","0","0","0","0","0","0","0","0","0","0","0","0","0","0","0","0","0","0","0","0","0","0","0","0","0","0","0","0","0","0","0","0","0","0","0","0","0","0","0","0","0","0","0","0","0","0","0","0","0","0","0","0","0","0","0","0","0","0"
"House Call Red Blend ( SA-14-296-A )","Wine","WCC","0","0","0","-","0","-","-","SA-14-296-A 1.0","-","4 w","4 w","—","SA-14-296-A :   No","Legacy","—","—","30.0 % Week  49 - 53","-","-","0","0","0","0","0","0","0","0","0","0","0","0","0","0","0","0","0","0","0","0","0","0","0","0","0","0","0","0","0","0","0","0","0","0","0","0","0","0","0","0","0","0","0","0","0","0","0","0","0","0","0","0","0","0","0","0","0","0","0","0","0"
"Arete Pinot Noir ( SA-14-297-A )","Wine","WCC","0","0","0","-","0","-","-","SA-14-297-A 1.0","-","4 w","4 w","—","SA-14-297-A :   No","Legacy","—","—","30.0 % Week  49 - 53","-","-","0","0","0","0","0","0","0","0","0","0","0","0","0","0","0","0","0","0","0","0","0","0","0","0","0","0","0","0","0","0","0","0","0","0","0","0","0","0","0","0","0","0","0","0","0","0","0","0","0","0","0","0","0","0","0","0","0","0","0","0","0"
"Le Fou Pinot Noir ( SA-14-298-A )","Wine","WCC","0","8","4","-","4","-","-","SA-14-298-A 1.0","-","4 w","4 w","—","SA-14-298-A :   No","Legacy","—","—","30.0 % Week  49 - 53","-","-","0","0","0","0","0","0","0","0","0","0","0","0","0","0","0","0","0","0","0","0","0","0","0","0","0","0","0","0","0","0","0","0","0","0","0","0","0","0","0","0","0","0","0","0","0","0","0","0","0","0","0","0","0","0","0","0","0","0","0","0","0"
"Michel-Schlumberger Maison Rouge Red Wine ( SA-14-299-A )","Wine","WCC","0","0","0","-","0","-","-","SA-14-299-A 1.0","-","4 w","4 w","—","SA-14-299-A :   No","Legacy","—","—","30.0 % Week  49 - 53","-","-","0","0","0","0","0","0","0","0","0","0","0","0","0","0","0","0","0","0","0","0","0","0","0","0","0","0","0","0","0","0","0","0","0","0","0","0","0","0","0","0","0","0","0","0","0","0","0","0","0","0","0","0","0","0","0","0","0","0","0","0","0"
"Jean-Claude Boisset Pommard “Les Vaumuriens” ( SA-14-300-A )","Wine","WCC","0","72","36","-","36","-","-","SA-14-300-A 1.0","Grand Wine :  2.4 %","4 w","4 w","—","SA-14-300-A :   No","Legacy","—","—","30.0 % Week  49 - 53","-","-","0","0","0","0","0","0","0","0","0","0","0","0","0","0","0","0","1","2","7","7","2","2","1","1","0","0","0","0","0","0","0","0","0","0","0","0","0","0","0","0","0","0","0","0","0","0","0","0","0","0","0","0","0","0","0","0","0","0","0","0","0"
"Tasi Brunello di Montalcino ( SA-14-301-A )","Wine","WCC","0","4","2","-","2","-","-","SA-14-301-A 1.0","-","4 w","4 w","—","SA-14-301-A :   No","Legacy","—","—","30.0 % Week  49 - 53","-","-","0","0","0","0","0","0","0","0","0","0","0","0","0","0","0","0","0","0","0","0","0","0","0","0","0","0","0","0","0","0","0","0","0","0","0","0","0","0","0","0","0","0","0","0","0","0","0","0","0","0","0","0","0","0","0","0","0","0","0","0","0"
"X Winery Rutherford Cabernet Sauvignon ( SA-14-302-A )","Wine","WCC","0","80","40","-","40","-","-","SA-14-302-A 1.0","Deluxe Wine :  7.2 %","4 w","4 w","—","SA-14-302-A :   No","Legacy","—","—","30.0 % Week  49 - 53","-","-","0","0","0","0","0","0","0","0","0","1","1","1","1","1","1","1","4","11","38","27","9","11","4","2","2","0","0","0","0","0","0","0","0","0","0","0","0","0","0","0","0","0","0","0","0","0","0","0","0","0","0","0","0","0","0","0","0","0","0","0","0"
"Pont Neuf Pinot Noie""La Fontaine"" ( SA-14-303-A )","Wine","WCC","0","44","22","-","22","-","-","SA-14-303-A 1.0","Deluxe Wine :  7.1 %","4 w","4 w","—","SA-14-303-A :   No","Legacy","—","—","30.0 % Week  49 - 53","-","-","0","0","0","0","0","0","0","0","0","1","1","1","1","1","1","1","4","11","38","27","9","10","3","2","2","0","0","0","0","0","0","0","0","0","0","0","0","0","0","0","0","0","0","0","0","0","0","0","0","0","0","0","0","0","0","0","0","0","0","0","0"
"Madrigal Family Winery Zinfandel ( SA-14-304-A )","Wine","WCC","0","70","35","-","35","-","-","SA-14-304-A 1.0","Large Wine :  2.9 %","4 w","4 w","—","SA-14-304-A :   No","Legacy","—","—","30.0 % Week  49 - 53","-","-","0","1","1","1","1","1","1","1","2","1","1","1","1","1","2","1","10","18","41","32","10","10","5","3","2","0","0","0","0","0","0","0","0","0","0","0","0","0","0","0","0","0","0","0","0","0","0","0","0","0","0","0","0","0","0","0","0","0","0","0","0"
"Settesoli Nero d'Avola ( SA-14-305-A )","Wine","WCC","0","180","90","-","90","-","-","SA-14-305-A 1.0","Large Wine :  3.0 %","4 w","4 w","—","SA-14-305-A :   No","Legacy","—","—","30.0 % Week  49 - 53","-","-","0","1","1","1","1","1","1","1","2","1","1","1","1","2","2","2","10","19","44","34","10","11","5","3","3","0","0","0","0","0","0","0","0","0","0","0","0","0","0","0","0","0","0","0","0","0","0","0","0","0","0","0","0","0","0","0","0","0","0","0","0"
"Bouchard Chabilis ( SA-14-306-A )","Wine","WCC","0","18","9","-","9","-","-","SA-14-306-A 1.0","Large Wine :  3.0 %","4 w","4 w","—","SA-14-306-A :   No","Legacy","—","—","30.0 % Week  49 - 53","-","-","0","1","1","1","1","1","1","1","2","1","1","1","1","2","2","2","10","19","44","34","11","11","6","3","3","0","0","0","0","0","0","0","0","0","0","0","0","0","0","0","0","0","0","0","0","0","0","0","0","0","0","0","0","0","0","0","0","0","0","0","0"
"Villa a Sesta Chianti Classico Riserva ( SA-14-307-A )","Wine","WCC","0","4","2","-","2","-","-","SA-14-307-A 1.0","-","4 w","4 w","—","SA-14-307-A :   No","Legacy","—","—","30.0 % Week  49 - 53","-","-","0","0","0","0","0","0","0","0","0","0","0","0","0","0","0","0","0","0","0","0","0","0","0","0","0","0","0","0","0","0","0","0","0","0","0","0","0","0","0","0","0","0","0","0","0","0","0","0","0","0","0","0","0","0","0","0","0","0","0","0","0"
"Folk Machine White Light ( SA-14-308-A )","Wine","WCC","0","72","36","-","36","-","-","SA-14-308-A 1.0","Medium Wine :  0.8 %","4 w","4 w","—","SA-14-308-A :   No","Legacy","—","—","30.0 % Week  49 - 53","-","-","0","0","1","0","0","0","0","0","1","1","0","0","0","0","0","1","2","5","14","12","3","4","1","1","1","0","0","0","0","0","0","0","0","0","0","0","0","0","0","0","0","0","0","0","0","0","0","0","0","0","0","0","0","0","0","0","0","0","0","0","0"
"Aquinas Cabernet Sauvignon ( SA-14-309-A )","Wine","WCC","0","0","0","-","0","-","-","SA-14-309-A 1.0","-","4 w","4 w","—","SA-14-309-A :   No","Legacy","—","—","30.0 % Week  49 - 53","-","-","0","0","0","0","0","0","0","0","0","0","0","0","0","0","0","0","0","0","0","0","0","0","0","0","0","0","0","0","0","0","0","0","0","0","0","0","0","0","0","0","0","0","0","0","0","0","0","0","0","0","0","0","0","0","0","0","0","0","0","0","0"
"Wilson Foreigner Del Barba Zin 2017 ( SA-14-310-A )","Wine","WCC","0","0","0","-","0","-","-","SA-14-310-A 1.0","Medium Wine :  3.6 %","4 w","4 w","—","SA-14-310-A :   No","Legacy","—","—","30.0 % Week  49 - 53","-","-","14","1","2","1","2","1","1","1","4","2","2","2","2","2","2","2","10","23","59","50","13","16","6","5","4","0","0","0","0","0","0","0","0","0","0","0","0","0","0","0","0","0","0","0","0","0","0","0","0","0","0","0","0","0","0","0","0","0","0","0","0"
"Spy Valley E-Block Single Vineyard Sauv Blanc ( SA-14-311-A )","Wine","WCC","0","2","1","-","1","-","-","SA-14-311-A 1.0","Medium Wine :  5.1 %","4 w","4 w","—","SA-14-311-A :   No","Legacy","—","—","30.0 % Week  49 - 53","-","-","18","1","3","2","2","2","2","2","6","3","3","2","2","2","3","3","14","33","82","70","19","22","9","7","5","0","0","0","0","0","0","0","0","0","0","0","0","0","0","0","0","0","0","0","0","0","0","0","0","0","0","0","0","0","0","0","0","0","0","0","0"
"Capanna Rosso di Montalcino ( SA-14-312-A )","Wine","WCC","0","10","5","-","5","-","-","SA-14-312-A 1.0","Large Wine :  4.6 %","4 w","4 w","—","SA-14-312-A :   No","Legacy","—","—","30.0 % Week  49 - 53","-","-","2","1","1","1","1","1","2","2","3","2","1","2","2","2","3","2","16","29","67","52","16","17","8","5","4","0","0","0","0","0","0","0","0","0","0","0","0","0","0","0","0","0","0","0","0","0","0","0","0","0","0","0","0","0","0","0","0","0","0","0","0"
"Secatuers Chenin Blanc ( SA-14-313-A )","Wine","WCC","0","0","0","-","0","-","-","SA-14-313-A 1.0","-","4 w","4 w","—","SA-14-313-A :   No","Legacy","—","—","30.0 % Week  49 - 53","-","-","0","0","0","0","0","0","0","0","0","0","0","0","0","0","0","0","0","0","0","0","0","0","0","0","0","0","0","0","0","0","0","0","0","0","0","0","0","0","0","0","0","0","0","0","0","0","0","0","0","0","0","0","0","0","0","0","0","0","0","0","0"
"Bindi Sergardi ""La Ghirlanda"" Chianti Classico ( SA-14-314-A )","Wine","WCC","0","0","0","-","0","-","-","SA-14-314-A 1.0","Large Wine :  4.1 %","4 w","4 w","—","SA-14-314-A :   No","Legacy","—","—","30.0 % Week  49 - 53","-","-","10","1","1","1","1","1","1","1","3","2","1","1","1","2","3","2","14","25","60","46","14","15","8","4","4","0","0","0","0","0","0","0","0","0","0","0","0","0","0","0","0","0","0","0","0","0","0","0","0","0","0","0","0","0","0","0","0","0","0","0","0"
"Auctioneer Cabernet Sauvignon ( SA-14-315-A )","Wine","WCC","0","0","0","-","0","-","-","SA-14-315-A 1.0","Large Wine :  10.6 %","4 w","4 w","—","SA-14-315-A :   No","Legacy","—","—","30.0 % Week  49 - 53","-","-","27","2","2","3","2","2","3","4","7","5","3","4","4","6","7","5","36","66","154","119","37","38","19","11","9","0","0","0","0","0","0","0","0","0","0","0","0","0","0","0","0","0","0","0","0","0","0","0","0","0","0","0","0","0","0","0","0","0","0","0","0"
"Domaine la Garenne Pouilly Fuisse ( SA-14-316-A )","Wine","WCC","0","230","115","-","115","-","-","SA-14-316-A 1.0","X-Large Wine :  4.4 %","4 w","4 w","—","SA-14-316-A :   No","Legacy","—","—","30.0 % Week  49 - 53","-","-","0","0","1","0","0","0","1","1","1","1","1","1","1","1","1","1","7","14","33","22","7","8","3","2","2","0","0","0","0","0","0","0","0","0","0","0","0","0","0","0","0","0","0","0","0","0","0","0","0","0","0","0","0","0","0","0","0","0","0","0","0"
"Bindi Sergardi ’19 Simbiosi Super Tuscan ( SA-14-317-A )","Wine","WCC","0","84","42","-","42","-","-","SA-14-317-A 1.0","X-Large Wine :  8.9 %","4 w","4 w","—","SA-14-317-A :   No","Legacy","—","—","30.0 % Week  49 - 53","-","-","0","1","1","1","1","1","1","2","2","2","1","1","1","2","3","2","14","28","68","46","15","16","6","4","3","0","0","0","0","0","0","0","0","0","0","0","0","0","0","0","0","0","0","0","0","0","0","0","0","0","0","0","0","0","0","0","0","0","0","0","0"
"Le Ferme Du Mont ""Jugunda” Gigondas ( SA-14-318-A )","Wine","WCC","0","182","91","-","91","-","-","SA-14-318-A 1.0","X-Large Wine :  4.6 %","4 w","4 w","—","SA-14-318-A :   No","Legacy","—","—","30.0 % Week  49 - 53","-","-","0","0","1","0","1","1","1","1","1","1","1","1","1","1","1","1","7","14","35","23","7","8","3","2","2","0","0","0","0","0","0","0","0","0","0","0","0","0","0","0","0","0","0","0","0","0","0","0","0","0","0","0","0","0","0","0","0","0","0","0","0"
"Cappana Brunello di Montalcino ( SA-14-319-A )","Wine","WCC","0","0","0","-","0","-","-","SA-14-319-A 1.0","Deluxe Wine :  11.0 %","4 w","4 w","—","SA-14-319-A :   No","Legacy","—","—","30.0 % Week  49 - 53","-","-","5","1","0","0","0","1","0","1","1","2","1","1","1","1","1","1","7","16","58","42","14","16","5","3","3","0","0","0","0","0","0","0","0","0","0","0","0","0","0","0","0","0","0","0","0","0","0","0","0","0","0","0","0","0","0","0","0","0","0","0","0"
"Bindi Sergardi Mocenni 89 ( SA-14-320-A )","Wine","WCC","0","28","14","-","14","-","-","SA-14-320-A 1.0","Deluxe Wine :  7.1 %","4 w","4 w","—","SA-14-320-A :   No","Legacy","—","—","30.0 % Week  49 - 53","-","-","0","0","0","0","0","0","0","0","0","1","1","1","1","1","1","1","4","11","38","27","9","10","3","2","2","0","0","0","0","0","0","0","0","0","0","0","0","0","0","0","0","0","0","0","0","0","0","0","0","0","0","0","0","0","0","0","0","0","0","0","0"
"Chateau de Chamirey La Mission 1er Cru Blanc ( SA-14-321-A )","Wine","WCC","0","148","74","-","74","-","-","SA-14-321-A 1.0","Deluxe Wine :  3.8 %","4 w","4 w","—","SA-14-321-A :   No","Legacy","—","—","30.0 % Week  49 - 53","-","-","0","0","0","0","0","0","0","0","0","1","0","0","0","0","0","0","2","6","20","15","5","6","2","1","1","0","0","0","0","0","0","0","0","0","0","0","0","0","0","0","0","0","0","0","0","0","0","0","0","0","0","0","0","0","0","0","0","0","0","0","0"
"Pierre Mayeul 2017 Nuits St George ( SA-14-322-A )","Wine","WCC","0","150","75","-","75","-","-","SA-14-322-A 1.0","Grand Wine :  5.4 %","4 w","4 w","—","SA-14-322-A :   No","Legacy","—","—","30.0 % Week  49 - 53","-","-","0","0","0","0","0","0","0","0","0","1","0","0","1","1","0","1","2","4","15","15","4","5","2","1","1","0","0","0","0","0","0","0","0","0","0","0","0","0","0","0","0","0","0","0","0","0","0","0","0","0","0","0","0","0","0","0","0","0","0","0","0"
"Pierre Mayeul Chassagne Montrachet ( SA-14-323-A )","Wine","WCC","0","136","68","-","68","-","-","SA-14-323-A 1.0","Grand Wine :  5.9 %","4 w","4 w","—","SA-14-323-A :   No","Legacy","—","—","30.0 % Week  49 - 53","-","-","0","0","0","0","0","0","0","0","0","1","0","0","1","1","1","1","2","4","17","17","4","5","2","1","1","0","0","0","0","0","0","0","0","0","0","0","0","0","0","0","0","0","0","0","0","0","0","0","0","0","0","0","0","0","0","0","0","0","0","0","0"
"Badenhorst Family White Blend ( SA-14-324-A )","Wine","WCC","0","4","2","-","2","-","-","SA-14-324-A 1.0","Medium Wine :  1.8 %","4 w","4 w","—","SA-14-324-A :   No","Legacy","—","—","30.0 % Week  49 - 53","-","-","3","0","1","1","1","1","1","1","2","1","1","1","1","1","1","1","5","11","29","24","7","8","3","2","2","0","0","0","0","0","0","0","0","0","0","0","0","0","0","0","0","0","0","0","0","0","0","0","0","0","0","0","0","0","0","0","0","0","0","0","0"
"No Love Lost Merlot ( SA-14-325-A )","Wine","WCC","0","180","90","-","90","-","-","SA-14-325-A 1.0","X-Large Wine :  2.5 %","4 w","4 w","—","SA-14-325-A :   No","Legacy","—","—","30.0 % Week  49 - 53","-","-","0","0","0","0","0","0","0","1","1","1","0","0","0","1","1","1","4","8","19","13","4","5","2","1","1","0","0","0","0","0","0","0","0","0","0","0","0","0","0","0","0","0","0","0","0","0","0","0","0","0","0","0","0","0","0","0","0","0","0","0","0"
"Booker Perl Red Blend Paso Robles ( SA-14-326-A )","Wine","WCC","0","0","0","-","0","-","-","SA-14-326-A 1.0","-","4 w","4 w","—","SA-14-326-A :   No","Legacy","—","—","30.0 % Week  49 - 53","-","-","0","0","0","0","0","0","0","0","0","0","0","0","0","0","0","0","0","0","0","0","0","0","0","0","0","0","0","0","0","0","0","0","0","0","0","0","0","0","0","0","0","0","0","0","0","0","0","0","0","0","0","0","0","0","0","0","0","0","0","0","0"
"Domaine des Perdrix Bourgogne Hautes Côtes de Nuits Blanc ( SA-14-327-A )","Wine","WCC","0","0","0","-","0","-","-","SA-14-327-A 1.0","-","4 w","4 w","—","SA-14-327-A :   No","Legacy","—","—","30.0 % Week  49 - 53","-","-","0","0","0","0","0","0","0","0","0","0","0","0","0","0","0","0","0","0","0","0","0","0","0","0","0","0","0","0","0","0","0","0","0","0","0","0","0","0","0","0","0","0","0","0","0","0","0","0","0","0","0","0","0","0","0","0","0","0","0","0","0"
"Jolie-Laide Syrah ( SA-14-328-A )","Wine","WCC","0","144","72","-","72","-","-","SA-14-328-A 1.0","X-Large Wine :  4.6 %","4 w","4 w","—","SA-14-328-A :   No","Legacy","—","—","30.0 % Week  49 - 53","-","-","0","0","1","0","1","1","1","1","1","1","1","1","1","1","1","1","7","15","35","24","8","8","3","2","2","0","0","0","0","0","0","0","0","0","0","0","0","0","0","0","0","0","0","0","0","0","0","0","0","0","0","0","0","0","0","0","0","0","0","0","0"
"Jacopo Biondi Santi di Montalcino Sassoalloro Toscana Rosso ( SA-14-329-A )","Wine","WCC","0","146","73","-","73","-","-","SA-14-329-A 1.0","X-Large Wine :  5.3 %","4 w","4 w","—","SA-14-329-A :   No","Legacy","—","—","30.0 % Week  49 - 53","-","-","0","1","1","1","1","1","1","1","1","1","1","1","1","1","2","1","8","17","41","27","9","10","4","3","2","0","0","0","0","0","0","0","0","0","0","0","0","0","0","0","0","0","0","0","0","0","0","0","0","0","0","0","0","0","0","0","0","0","0","0","0"
"Georges Vernay Saint-Joseph Terres d’Encre ( SA-14-330-A )","Wine","WCC","0","138","69","-","69","-","-","SA-14-330-A 1.0","Deluxe Wine :  6.3 %","4 w","4 w","—","SA-14-330-A :   No","Legacy","—","—","30.0 % Week  49 - 53","-","-","0","0","0","0","0","0","0","0","0","1","1","1","1","1","1","1","4","9","34","24","8","9","3","2","1","0","0","0","0","0","0","0","0","0","0","0","0","0","0","0","0","0","0","0","0","0","0","0","0","0","0","0","0","0","0","0","0","0","0","0","0"
"Ehlers Napa Valley Cabernet ( SA-14-331-A )","Wine","WCC","0","82","41","-","41","-","-","SA-14-331-A 1.0","Deluxe Wine :  13.9 %","4 w","4 w","—","SA-14-331-A :   No","Legacy","—","—","30.0 % Week  49 - 53","-","-","0","1","1","1","1","1","1","1","1","2","1","2","1","1","2","2","9","20","74","53","18","20","7","4","3","0","0","0","0","0","0","0","0","0","0","0","0","0","0","0","0","0","0","0","0","0","0","0","0","0","0","0","0","0","0","0","0","0","0","0","0"
"BACA Cat's Cradle, Rockpile District Zinfandel ( SA-14-332-A )","Wine","WCC","0","30","15","-","15","-","-","SA-14-332-A 1.0","X-Large Wine :  3.6 %","4 w","4 w","—","SA-14-332-A :   No","Legacy","—","—","30.0 % Week  49 - 53","-","-","0","0","0","0","0","0","1","1","1","1","0","1","0","1","1","1","6","11","27","18","6","7","3","2","1","0","0","0","0","0","0","0","0","0","0","0","0","0","0","0","0","0","0","0","0","0","0","0","0","0","0","0","0","0","0","0","0","0","0","0","0"
"Martellotto ""La Bomba""Cabernet Sauvignon Happy Canyon ( SA-14-333-A )","Wine","WCC","0","8","4","-","4","-","-","SA-14-333-A 1.0","X-Large Wine :  5.3 %","4 w","4 w","—","SA-14-333-A :   No","Legacy","—","—","30.0 % Week  49 - 53","-","-","0","1","1","1","1","1","1","1","1","1","1","1","1","1","2","1","8","17","40","27","9","10","4","3","2","0","0","0","0","0","0","0","0","0","0","0","0","0","0","0","0","0","0","0","0","0","0","0","0","0","0","0","0","0","0","0","0","0","0","0","0"
"Cliff Lede Chardonnay ( SA-14-334-A )","Wine","WCC","0","0","0","-","0","-","-","SA-14-334-A 1.0","X-Large Wine :  5.9 %","4 w","4 w","—","SA-14-334-A :   No","Legacy","—","—","30.0 % Week  49 - 53","-","-","7","1","1","1","1","1","1","2","1","1","1","1","1","1","2","1","9","19","45","30","10","11","4","3","2","0","0","0","0","0","0","0","0","0","0","0","0","0","0","0","0","0","0","0","0","0","0","0","0","0","0","0","0","0","0","0","0","0","0","0","0"
"Folk Machine Grenache ( SA-14-335-A )","Wine","WCC","0","84","42","-","42","-","-","SA-14-335-A 1.0","Medium Wine :  3.9 %","4 w","4 w","—","SA-14-335-A :   No","Legacy","—","—","30.0 % Week  49 - 53","-","-","0","1","2","1","2","1","1","1","5","3","2","2","2","2","2","2","11","25","63","53","14","17","7","5","4","0","0","0","0","0","0","0","0","0","0","0","0","0","0","0","0","0","0","0","0","0","0","0","0","0","0","0","0","0","0","0","0","0","0","0","0"
"LVE French Sparkling Rose ( SA-14-336-A )","Wine","WCC","0","148","74","-","74","-","-","SA-14-336-A 1.0","Medium Wine :  9.8 %","4 w","4 w","—","SA-14-336-A :   No","Legacy","—","—","30.0 % Week  49 - 53","-","-","0","3","6","3","4","4","3","4","11","6","5","4","4","5","5","6","27","63","159","135","36","43","17","13","10","0","0","0","0","0","0","0","0","0","0","0","0","0","0","0","0","0","0","0","0","0","0","0","0","0","0","0","0","0","0","0","0","0","0","0","0"
"Domaine de la Damase Piquepoul ( SA-14-340-A )","Wine","WCC","0","96","48","-","48","-","-","SA-14-340-A 1.0","Medium Wine :  5.5 %","4 w","4 w","—","SA-14-340-A :   No","Legacy","—","—","30.0 % Week  49 - 53","-","-","0","1","3","2","2","2","2","2","6","4","3","3","2","3","3","3","15","35","89","76","20","24","10","7","6","0","0","0","0","0","0","0","0","0","0","0","0","0","0","0","0","0","0","0","0","0","0","0","0","0","0","0","0","0","0","0","0","0","0","0","0"